"COMMON.NAME","SCIENTIFIC.NAME"
"Blue Whistling-Thrush","Myophonus caeruleus"
"White-capped Redstart","Phoenicurus leucocephalus"
"Black Noddy","Anous minutus"
"Jerdon's Courser","Rhinoptilus bitorquatus"
"Red Phalarope","Phalaropus fulicarius"
"Asian Dowitcher","Limnodromus semipalmatus"
"Red-billed Chough","Pyrrhocorax pyrrhocorax"
"Satyr Tragopan","Tragopan satyra"
"Snow Pigeon","Columba leuconota"
"Common Raven","Corvus corax"
"Eurasian Tree Sparrow","Passer montanus"
"Common Hoopoe","Upupa epops"
"Eurasian Woodcock","Scolopax rusticola"
"Eurasian Wigeon","Mareca penelope"
"Ruddy Shelduck","Tadorna ferruginea"
"Gray Junglefowl","Gallus sonneratii"
"White-naped Tit","Machlolophus nuchalis"
"Siberian Thrush","Geokichla sibirica"
"Rusty-tailed Flycatcher","Ficedula ruficauda"
"Brown-backed Needletail","Hirundapus giganteus"
"Large-billed Reed Warbler","Acrocephalus orinus"
"Himalayan Quail","Ophrysia superciliosa"
"Eurasian Kestrel","Falco tinnunculus"
"Jungle Myna","Acridotheres fuscus"
"Asian Emerald Dove","Chalcophaps indica"
"Barred Warbler","Curruca nisoria"
"Pintado Petrel","Daption capense"
"Sind Woodpecker","Dendrocopos assimilis"
"Yellow-throated Laughingthrush","Pterorhinus galbanus"
"Asian House-Martin","Delichon dasypus"
"Blue-fronted Redstart","Phoenicurus frontalis"
"Blood Pheasant","Ithaginis cruentus"
"Blyth's Leaf Warbler","Phylloscopus reguloides"
"Chestnut-tailed Minla","Actinodura strigula"
"Crested Kingfisher","Megaceryle lugubris"
"Fire-tailed Myzornis","Myzornis pyrrhoura"
"Fire-tailed Sunbird","Aethopyga ignicauda"
"Gold-naped Finch","Pyrrhoplectes epauletta"
"Great Parrotbill","Paradoxornis aemodius"
"Gray-crested Tit","Lophophanes dichrous"
"Himalayan Bluetail","Tarsiger rufilatus"
"Himalayan Monal","Lophophorus impejanus"
"Himalayan Rubythroat","Calliope pectoralis"
"Himalayan Swiftlet","Aerodramus brevirostris"
"Plumbeous Redstart","Phoenicurus fuliginosus"
"Red-headed Bullfinch","Pyrrhula erythrocephala"
"Rosy Pipit","Anthus roseatus"
"Rufous-gorgeted Flycatcher","Ficedula strophiata"
"Rufous-vented Tit","Periparus rubidiventris"
"Rufous-vented Yuhina","Yuhina occipitalis"
"Scaly Laughingthrush","Trochalopteron subunicolor"
"Striated Laughingthrush","Grammatoptila striata"
"Himalayan White-browed Rosefinch","Carpodacus thura"
"White-collared Blackbird","Turdus albocinctus"
"Eurasian Wren","Troglodytes troglodytes"
"Yellow-bellied Fairy-Fantail","Chelidorhynx hypoxanthus"
"Alpine Accentor","Prunella collaris"
"Black-browed Tit","Aegithalos iouschistos"
"Black Kite","Milvus migrans"
"Black Redstart","Phoenicurus ochruros"
"Black-faced Laughingthrush","Trochalopteron affine"
"Blyth's Pipit","Anthus godlewskii"
"Brown Dipper","Cinclus pallasii"
"Coal Tit","Periparus ater"
"Himalayan Buzzard","Buteo refectus"
"Southern Nutcracker","Nucifraga hemispila"
"Golden Bush-Robin","Tarsiger chrysaeus"
"Gould's Shortwing","Heteroxenicus stellatus"
"Grandala","Grandala coelicolor"
"Gray-backed Shrike","Lanius tephronotus"
"Gray-sided Bush Warbler","Cettia brunnifrons"
"Horned Lark","Eremophila alpestris"
"Ibisbill","Ibidorhyncha struthersii"
"Large-billed Crow","Corvus macrorhynchos"
"Bearded Vulture","Gypaetus barbatus"
"Olive-backed Pipit","Anthus hodgsoni"
"Plain Mountain Finch","Leucosticte nemoricola"
"Red-tailed Minla","Minla ignotincta"
"Rusty-flanked Treecreeper","Certhia nipalensis"
"Siberian Stonechat","Saxicola maurus"
"Snow Partridge","Lerwa lerwa"
"Speckled Wood-Pigeon","Columba hodgsonii"
"Mongolian Short-toed Lark","Calandrella dukhunensis"
"Tibetan Serin","Spinus thibetanus"
"White-winged Redstart","Phoenicurus erythrogastrus"
"Yellow-billed Chough","Pyrrhocorax graculus"
"Black-headed Mountain Finch","Leucosticte brandti"
"Hume's Lark","Calandrella acutirostris"
"Robin Accentor","Prunella rubeculoides"
"Tibetan Sandgrouse","Syrrhaptes tibetanus"
"White-throated Dipper","Cinclus cinclus"
"Oriental Plover","Anarhynchus veredus"
"Lanceolated Warbler","Locustella lanceolata"
"Oriental Hobby","Falco severus"
"Slender-billed Vulture","Gyps tenuirostris"
"Pin-tailed Sandgrouse","Pterocles alchata"
"Asian Koel","Eudynamys scolopaceus"
"Beautiful Nuthatch","Sitta formosa"
"Beautiful Sibia","Heterophasia pulchella"
"Black-bellied Tern","Sterna acuticauda"
"Black-throated Parrotbill","Suthora nipalensis"
"Blyth's Kingfisher","Alcedo hercules"
"Bronzed Drongo","Dicrurus aeneus"
"Buff-breasted Babbler","Pellorneum tickelli"
"Chinese Rubythroat","Calliope tschebaiewi"
"Black-crowned Scimitar-Babbler","Pomatorhinus ferruginosus"
"Collared Owlet","Taenioptynx brodiei"
"Gray Nightjar","Caprimulgus jotaka"
"Large Hawk-Cuckoo","Hierococcyx sparverioides"
"Long-tailed Broadbill","Psarisomus dalhousiae"
"Nepal House-Martin","Delichon nipalense"
"Oriental Pied-Hornbill","Anthracoceros albirostris"
"Pale Blue Flycatcher","Cyornis unicolor"
"Pied Kingfisher","Ceryle rudis"
"Rufous-necked Hornbill","Aceros nipalensis"
"Rufous-throated Partridge","Arborophila rufogularis"
"Rufous-vented Laughingthrush","Pterorhinus gularis"
"Striated Bulbul","Alcurus striatus"
"Streak-throated Barwing","Actinodura waldeni"
"White-bellied Erpornis","Erpornis zantholeuca"
"White-tailed Robin","Myiomela leucura"
"Sooty Gull","Ichthyaetus hemprichii"
"Brown Booby","Sula leucogaster"
"Peregrine Falcon","Falco peregrinus"
"White-bellied Sea-Eagle","Icthyophaga leucogaster"
"Western Reef-Heron","Egretta gularis"
"Pied Harrier","Circus melanoleucos"
"Spot-bellied Eagle-Owl","Ketupa nipalensis"
"Pied Triller","Lalage nigra"
"Barn Swallow","Hirundo rustica"
"Masked Finfoot","Heliopais personatus"
"Ortolan Bunting","Emberiza hortulana"
"Pacific Swift","Apus pacificus"
"Little Bustard","Tetrax tetrax"
"Pink-headed Duck","Rhodonessa caryophyllacea"
"Great Gray Shrike","Lanius excubitor"
"Hooded Crow","Corvus cornix"
"Rook","Corvus frugilegus"
"Hume's Wheatear","Oenanthe albonigra"
"Reed Bunting","Emberiza schoeniclus"
"Rock Sparrow","Petronia petronia"
"Sharp-tailed Sandpiper","Calidris acuminata"
"Corn Crake","Crex crex"
"Red-footed Falcon","Falco vespertinus"
"Manchurian Bush Warbler","Horornis canturians"
"Collared Myna","Acridotheres albocinctus"
"Manipur Bush-Quail","Perdicula manipurensis"
"Mrs. Hume's Pheasant","Syrmaticus humiae"
"White-headed Duck","Oxyura leucocephala"
"Rosy Starling","Pastor roseus"
"Painted Stork","Mycteria leucocephala"
"Spot-billed Pelican","Pelecanus philippensis"
"Indian Vulture","Gyps indicus"
"White-cheeked Tit","Aegithalos leucogenys"
"European Red-rumped Swallow","Cecropis rufula"
"Large Blue Flycatcher","Cyornis magnirostris"
"Red-flanked Bluetail","Tarsiger cyanurus"
"Nicobar Sparrowhawk","Tachyspiza butleri"
"Mute Swan","Cygnus olor"
"Baikal Teal","Sibirionetta formosa"
"Red-whiskered Bulbul","Pycnonotus jocosus"
"Sociable Lapwing","Vanellus gregarius"
"Whooper Swan","Cygnus cygnus"
"Bay-backed Shrike","Lanius vittatus"
"Chestnut-bellied Nuthatch","Sitta cinnamoventris"
"Asian Tit","Parus cinereus"
"Citrine Wagtail","Motacilla citreola"
"Common Chiffchaff","Phylloscopus collybita"
"Crested Bunting","Emberiza lathami"
"Western Yellow Wagtail","Motacilla flava"
"Eurasian Collared-Dove","Streptopelia decaocto"
"Gray Treepie","Dendrocitta formosae"
"Gray-breasted Prinia","Prinia hodgsonii"
"Gray-headed Woodpecker","Picus canus"
"Laughing Dove","Spilopelia senegalensis"
"Scaly-breasted Munia","Lonchura punctulata"
"Oriental Turtle-Dove","Streptopelia orientalis"
"White-browed Wagtail","Motacilla maderaspatensis"
"Himalayan Bulbul","Pycnonotus leucogenys"
"Red-breasted Parakeet","Psittacula alexandri"
"Long-tailed Parakeet","Psittacula longicauda"
"Demoiselle Crane","Grus virgo"
"Slaty-headed Parakeet","Psittacula himalayana"
"Asian Barred Owlet","Glaucidium cuculoides"
"Common Kingfisher","Alcedo atthis"
"Common Rosefinch","Carpodacus erythrinus"
"Egyptian Vulture","Neophron percnopterus"
"Yellow-billed Blue-Magpie","Urocissa flavirostris"
"Green-tailed Sunbird","Aethopyga nipalensis"
"Gray Bushchat","Saxicola ferreus"
"Gray Wagtail","Motacilla cinerea"
"Lesser Whitethroat","Curruca curruca"
"Small Niltava","Niltava macgrigoriae"
"Spotted Forktail","Enicurus maculatus"
"White-throated Kingfisher","Halcyon smyrnensis"
"Eastern Red-rumped Swallow","Cecropis daurica"
"Chinese Sparrowhawk","Tachyspiza soloensis"
"Nicobar Jungle Flycatcher","Cyornis nicobaricus"
"Mandarin Duck","Aix galericulata"
"Indian Courser","Cursorius coromandelicus"
"Yellow-throated Bulbul","Pycnonotus xantholaemus"
"Hill Blue Flycatcher","Cyornis whitei"
"Persian Shearwater","Puffinus persicus"
"Buffy Fish-Owl","Ketupa ketupu"
"Brahminy Kite","Haliastur indus"
"Alexandrine Parakeet","Psittacula eupatria"
"Black-capped Kingfisher","Halcyon pileata"
"Blue-tailed Bee-eater","Merops philippinus"
"Common Sandpiper","Actitis hypoleucos"
"Forest Wagtail","Dendronanthus indicus"
"Narcondam Hornbill","Rhyticeros narcondami"
"Ornate Sunbird","Cinnyris ornatus"
"Pacific Reef-Heron","Egretta sacra"
"Pied Imperial-Pigeon","Ducula bicolor"
"Ruddy Turnstone","Arenaria interpres"
"White-nest Swiftlet","Aerodramus fuciphagus"
"Arctic Warbler","Phylloscopus borealis"
"White's Thrush","Zoothera aurea"
"Brown Bush Warbler","Locustella luteoventris"
"Andaman Crake","Rallina canningi"
"Andaman Teal","Anas albogularis"
"Asian Brown Flycatcher","Muscicapa dauurica"
"Beach Thick-knee","Esacus magnirostris"
"Nicobar Pigeon","Caloenas nicobarica"
"Bohemian Waxwing","Bombycilla garrulus"
"Indian White-eye","Zosterops palpebrosus"
"Red-throated Pipit","Anthus cervinus"
"White-breasted Waterhen","Amaurornis phoenicurus"
"Hawfinch","Coccothraustes coccothraustes"
"Falcated Duck","Mareca falcata"
"Black Eagle","Ictinaetus malaiensis"
"Puff-throated Babbler","Pellorneum ruficeps"
"Indian Paradise-Flycatcher","Terpsiphone paradisi"
"Brown-headed Barbet","Psilopogon zeylanicus"
"Common Cuckoo","Cuculus canorus"
"Coppersmith Barbet","Psilopogon haemacephalus"
"Large Gray Babbler","Argya malcolmi"
"Indian Cuckooshrike","Coracina macei"
"Oriental Magpie-Robin","Copsychus saularis"
"Pied Bushchat","Saxicola caprata"
"Red-vented Bulbul","Pycnonotus cafer"
"Tawny-bellied Babbler","Dumetia hyperythra"
"White-bellied Drongo","Dicrurus caerulescens"
"Rufous-backed Dwarf-Kingfisher","Ceyx rufidorsa"
"Pied Cuckoo","Clamator jacobinus"
"Great Snipe","Gallinago media"
"Indian Robin","Copsychus fulicatus"
"Long-tailed Shrike","Lanius schach"
"Tawny Lark","Galerida deva"
"Common Myna","Acridotheres tristis"
"Greenish Warbler","Phylloscopus trochiloides"
"Streak-throated Swallow","Petrochelidon fluvicola"
"Brown Shrike","Lanius cristatus"
"Purple-rumped Sunbird","Leptocoma zeylonica"
"Montagu's Harrier","Circus pygargus"
"Plain Prinia","Prinia inornata"
"Savanna Nightjar","Caprimulgus affinis"
"White-bellied Minivet","Pericrocotus erythropygius"
"Black Drongo","Dicrurus macrocercus"
"Shikra","Tachyspiza badia"
"Pallid Harrier","Circus macrourus"
"Purple Sunbird","Cinnyris asiaticus"
"Rain Quail","Coturnix coromandelica"
"Booted Warbler","Iduna caligata"
"Common Tailorbird","Orthotomus sutorius"
"Eurasian Wryneck","Jynx torquilla"
"Ashy Prinia","Prinia socialis"
"Yellow-eyed Babbler","Chrysomma sinense"
"Streaked Weaver","Ploceus manyar"
"Indian Golden Oriole","Oriolus kundoo"
"Eastern Barn Owl","Tyto javanica"
"Gray Francolin","Ortygornis pondicerianus"
"Indian Bushlark","Plocealauda erythroptera"
"Sykes's Warbler","Iduna rama"
"White-browed Fantail","Rhipidura aureola"
"Swinhoe's Snipe","Gallinago megala"
"Zitting Cisticola","Cisticola juncidis"
"Clamorous Reed Warbler","Acrocephalus stentoreus"
"Yellow-browed Warbler","Phylloscopus inornatus"
"Indian Nightjar","Caprimulgus asiaticus"
"Eastern Orphean Warbler","Curruca crassirostris"
"Tricolored Munia","Lonchura malacca"
"Spotted Owlet","Athene brama"
"Chinese Francolin","Francolinus pintadeanus"
"Golden Eagle","Aquila chrysaetos"
"Imperial Eagle","Aquila heliaca"
"Common Swift","Apus apus"
"Hill Pigeon","Columba rupestris"
"Roseate Tern","Sterna dougallii"
"Blue Rock-Thrush","Monticola solitarius"
"Desert Wheatear","Oenanthe deserti"
"Great Rosefinch","Carpodacus rubicilla"
"Tibetan Sand-Plover","Anarhynchus atrifrons"
"Mistle Thrush","Turdus viscivorus"
"Wallcreeper","Tichodroma muraria"
"Tickell's Leaf Warbler","Phylloscopus affinis"
"Black-headed Ibis","Threskiornis melanocephalus"
"Bronze-winged Jacana","Metopidius indicus"
"Eastern Cattle-Egret","Ardea coromanda"
"Indian Cormorant","Phalacrocorax fuscicollis"
"Indian Pond-Heron","Ardeola grayii"
"Medium Egret","Ardea intermedia"
"Lesser Whistling-Duck","Dendrocygna javanica"
"Little Cormorant","Microcarbo niger"
"Little Egret","Egretta garzetta"
"Purple Heron","Ardea purpurea"
"Western Marsh Harrier","Circus aeruginosus"
"Whiskered Tern","Chlidonias hybrida"
"Brown-breasted Flycatcher","Muscicapa muttui"
"Streak-throated Woodpecker","Picus xanthopygaeus"
"Common Pochard","Aythya ferina"
"Brahminy Starling","Sturnia pagodarum"
"Eurasian Sparrowhawk","Accipiter nisus"
"Large-billed Leaf Warbler","Phylloscopus magnirostris"
"Richard's Pipit","Anthus richardi"
"Jerdon's Baza","Aviceda jerdoni"
"Rufous-naped Tit","Periparus rufonuchalis"
"Blue-capped Redstart","Phoenicurus coeruleocephala"
"Gray-crowned Goldfinch","Carduelis caniceps"
"Fire-fronted Serin","Serinus pusillus"
"Pied Wheatear","Oenanthe pleschanka"
"Sulphur-bellied Warbler","Phylloscopus griseolus"
"Yellow-breasted Greenfinch","Chloris spinoides"
"Ferruginous Duck","Aythya nyroca"
"Northern Pintail","Anas acuta"
"Arctic Loon","Gavia arctica"
"Eurasian Skylark","Alauda arvensis"
"Eurasian Crag-Martin","Ptyonoprogne rupestris"
"Green Sandpiper","Tringa ochropus"
"Himalayan Snowcock","Tetraogallus himalayensis"
"Red-fronted Rosefinch","Carpodacus puniceus"
"White Wagtail","Motacilla alba"
"Kashmir Nutcracker","Nucifraga multipunctata"
"Solitary Snipe","Gallinago solitaria"
"Japanese Quail","Coturnix japonica"
"Chinese Bush Warbler","Locustella tacsanowskia"
"Yellow-rumped Honeyguide","Indicator xanthonotus"
"Common Redshank","Tringa totanus"
"Eurasian Hobby","Falco subbuteo"
"Western House-Martin","Delichon urbicum"
"Common Merganser","Mergus merganser"
"Pheasant-tailed Jacana","Hydrophasianus chirurgus"
"White-winged Grosbeak","Mycerobas carnipes"
"Wood Sandpiper","Tringa glareola"
"Mallard","Anas platyrhynchos"
"Pink-browed Rosefinch","Carpodacus rodochroa"
"Green-winged Teal","Anas crecca"
"Northern Shoveler","Spatula clypeata"
"Greater Scaup","Aythya marila"
"Pallas's Sandgrouse","Syrrhaptes paradoxus"
"Indian Yellow Tit","Machlolophus aplonotus"
"Asian Openbill","Anastomus oscitans"
"Green Peafowl","Pavo muticus"
"Ashy Drongo","Dicrurus leucophaeus"
"Brown-headed Gull","Chroicocephalus brunnicephalus"
"White-capped Bunting","Emberiza stewarti"
"Garganey","Spatula querquedula"
"Glossy Ibis","Plegadis falcinellus"
"Gray Heron","Ardea cinerea"
"Himalayan Woodpecker","Dendrocopos himalayensis"
"Kashmir Nuthatch","Sitta cashmirensis"
"Osprey","Pandion haliaetus"
"Pallas's Fish-Eagle","Haliaeetus leucoryphus"
"Scaly-bellied Woodpecker","Picus squamatus"
"Tawny Owl","Strix aluco"
"White-cheeked Nuthatch","Sitta leucopsis"
"Besra","Tachyspiza virgata"
"Black-headed Jay","Garrulus lanceolatus"
"Long-eared Owl","Asio otus"
"Tickell's Thrush","Turdus unicolor"
"Long-billed Pipit","Anthus similis"
"Long-tailed Minivet","Pericrocotus ethologus"
"Rock Bunting","Emberiza cia"
"Tree Pipit","Anthus trivialis"
"Black Stork","Ciconia nigra"
"European Bee-eater","Merops apiaster"
"Mountain Chiffchaff","Phylloscopus sindianus"
"Slaty-blue Flycatcher","Ficedula tricolor"
"Western Crowned Warbler","Phylloscopus occipitalis"
"Baillon's Crake","Zapornia pusilla"
"Bar-tailed Treecreeper","Certhia himalayana"
"Black-and-yellow Grosbeak","Mycerobas icterioides"
"Brownish-flanked Bush Warbler","Horornis fortipes"
"Blyth's Reed Warbler","Acrocephalus dumetorum"
"Chestnut-eared Bunting","Emberiza fucata"
"Chukar","Alectoris chukar"
"Common Grasshopper Warbler","Locustella naevia"
"Eurasian Jackdaw","Coloeus monedula"
"European Roller","Coracias garrulus"
"Hodgson's Treecreeper","Certhia hodgsoni"
"Fire-capped Tit","Cephalopyrus flammiceps"
"Himalayan Cuckoo","Cuculus saturatus"
"Indian Blue Robin","Larvivora brunnea"
"Little Ringed Plover","Thinornis dubius"
"Orange Bullfinch","Pyrrhula aurantiaca"
"Oriental Skylark","Alauda gulgula"
"Red-wattled Lapwing","Vanellus indicus"
"Ruddy-breasted Crake","Zapornia fusca"
"Spectacled Finch","Callacanthis burtoni"
"Spotted Crake","Porzana porzana"
"Tytler's Leaf Warbler","Phylloscopus tytleri"
"Bluethroat","Luscinia svecica"
"Carrion Crow","Corvus corone"
"Eurasian Magpie","Pica pica"
"Himalayan Griffon","Gyps himalayensis"
"House Sparrow","Passer domesticus"
"Bar-headed Goose","Anser indicus"
"Black-winged Snowfinch","Montifringilla adamsi"
"Long-billed Bush Warbler","Locustella major"
"Blyth's Rosefinch","Carpodacus grandis"
"Brown Accentor","Prunella fulvescens"
"Buff-barred Warbler","Phylloscopus pulcher"
"Variable Wheatear","Oenanthe picata"
"White-bellied Redstart","Luscinia phaenicuroides"
"White-throated Tit","Aegithalos niveogularis"
"Arctic Tern","Sterna paradisaea"
"Common Quail","Coturnix coturnix"
"Common Tern","Sterna hirundo"
"Little Owl","Athene noctua"
"Common Buzzard","Buteo buteo"
"Hume's Warbler","Phylloscopus humei"
"Dark-sided Flycatcher","Muscicapa sibirica"
"Little Bittern","Botaurus minutus"
"Little Grebe","Tachybaptus ruficollis"
"Ultramarine Flycatcher","Ficedula superciliaris"
"Jack Snipe","Lymnocryptes minimus"
"Barred Buttonquail","Turnix suscitator"
"Wood Snipe","Gallinago nemoricola"
"Asian Palm Swift","Cypsiurus balasiensis"
"Baya Weaver","Ploceus philippinus"
"Black-rumped Flameback","Dinopium benghalense"
"Blue-faced Malkoha","Phaenicophaeus viridirostris"
"Black-naped Monarch","Hypothymis azurea"
"Brown-capped Pygmy Woodpecker","Yungipicus nanus"
"Common Hawk-Cuckoo","Hierococcyx varius"
"Common Iora","Aegithina tiphia"
"Common Woodshrike","Tephrodornis pondicerianus"
"Greater Coucal","Centropus sinensis"
"Green Imperial-Pigeon","Ducula aenea"
"Green Warbler","Phylloscopus nitidus"
"Indian Pitta","Pitta brachyura"
"Indian Thick-knee","Burhinus indicus"
"Indian Scimitar-Babbler","Pomatorhinus horsfieldii"
"Jerdon's Bushlark","Plocealauda affinis"
"Jerdon's Leafbird","Chloropsis jerdoni"
"Jungle Babbler","Argya striata"
"Jungle Prinia","Prinia sylvatica"
"Loten's Sunbird","Cinnyris lotenius"
"Plum-headed Parakeet","Psittacula cyanocephala"
"Red Spurfowl","Galloperdix spadicea"
"Rufous Treepie","Dendrocitta vagabunda"
"Small Minivet","Pericrocotus cinnamomeus"
"Spot-breasted Fantail","Rhipidura albogularis"
"Tickell's Blue Flycatcher","Cyornis tickelliae"
"White-browed Bulbul","Pycnonotus luteolus"
"White-rumped Shama","Copsychus malabaricus"
"Yellow-billed Babbler","Argya affinis"
"Yellow-footed Green-Pigeon","Treron phoenicopterus"
"Yellow-legged Buttonquail","Turnix tanki"
"Blue-bearded Bee-eater","Nyctyornis athertoni"
"Asian Green Bee-eater","Merops orientalis"
"Indian Gray Hornbill","Ocyceros birostris"
"Ashy Woodswallow","Artamus fuscus"
"Black-headed Cuckooshrike","Lalage melanoptera"
"Brown-cheeked Fulvetta","Alcippe poioicephala"
"Crested Treeswift","Hemiprocne coronata"
"Golden-fronted Leafbird","Chloropsis aurifrons"
"Greater Racket-tailed Drongo","Dicrurus paradiseus"
"House Crow","Corvus splendens"
"Indian Roller","Coracias benghalensis"
"Orange-headed Thrush","Geokichla citrina"
"Paddyfield Pipit","Anthus rufulus"
"Red-headed Vulture","Sarcogyps calvus"
"Rufous Woodpecker","Micropternus brachyurus"
"Orange Minivet","Pericrocotus flammeus"
"Spotted Dove","Spilopelia chinensis"
"Square-tailed Bulbul","Hypsipetes ganeesa"
"Velvet-fronted Nuthatch","Sitta frontalis"
"White-cheeked Barbet","Psilopogon viridis"
"Yellow-crowned Woodpecker","Leiopicus mahrattensis"
"Asian Fairy-bluebird","Irena puella"
"Black-hooded Oriole","Oriolus xanthornus"
"Brown Fish-Owl","Ketupa zeylonensis"
"Common Babbler","Argya caudata"
"Indian Silverbill","Euodice malabarica"
"Jerdon's Nightjar","Caprimulgus atripennis"
"Painted Spurfowl","Galloperdix lunulata"
"White-rumped Munia","Lonchura striata"
"Changeable Hawk-Eagle","Nisaetus cirrhatus"
"Yellow-wattled Lapwing","Vanellus malabaricus"
"Ashy-crowned Sparrow-Lark","Eremopterix griseus"
"Rose-ringed Parakeet","Psittacula krameri"
"Yellow-throated Sparrow","Gymnoris xanthocollis"
"Little Swift","Apus affinis"
"Pale-billed Flowerpecker","Dicaeum erythrorhynchos"
"Blanford's Snowfinch","Pyrgilauda blanfordi"
"Common Greenshank","Tringa nebularia"
"Rufous-tailed Rock-Thrush","Monticola saxatilis"
"Sillem's Rosefinch","Carpodacus sillemi"
"Temminck's Stint","Calidris temminckii"
"Dusky Crag-Martin","Ptyonoprogne concolor"
"Indian Blackbird","Turdus simillimus"
"Rufous-tailed Lark","Ammomanes phoenicura"
"Blue-throated Flycatcher","Cyornis rubeculoides"
"Red-breasted Flycatcher","Ficedula parva"
"Verditer Flycatcher","Eumyias thalassinus"
"Chestnut-tailed Starling","Sturnia malabarica"
"Paddyfield Warbler","Acrocephalus agricola"
"Black-crested Bulbul","Rubigula flaviventris"
"Bar-winged Flycatcher-shrike","Hemipus picatus"
"Indian Nuthatch","Sitta castanea"
"Pale-chinned Flycatcher","Cyornis poliogenys"
"Scarlet Minivet","Pericrocotus speciosus"
"Black-throated Munia","Lonchura kelaarti"
"Fulvous-breasted Woodpecker","Dendrocopos macei"
"Green-crowned Warbler","Phylloscopus burkii"
"Gray-headed Canary-Flycatcher","Culicicapa ceylonensis"
"Large Woodshrike","Tephrodornis virgatus"
"Rosy Minivet","Pericrocotus roseus"
"Pin-striped Tit-Babbler","Mixornis gularis"
"Pale-footed Bush Warbler","Hemitesia pallidipes"
"Pied Thrush","Geokichla wardii"
"Azure Tit","Cyanistes cyanus"
"Indian Pied Starling","Gracupica contra"
"Black-winged Stilt","Himantopus himantopus"
"Common Snipe","Gallinago gallinago"
"Pacific Golden-Plover","Pluvialis fulva"
"River Lapwing","Vanellus duvaucelii"
"Jungle Owlet","Glaucidium radiatum"
"Gray-bellied Cuckoo","Cacomantis passerinus"
"Tawny Pipit","Anthus campestris"
"Thick-billed Flowerpecker","Pachyglossa agilis"
"White-eyed Buzzard","Butastur teesa"
"Laggar Falcon","Falco jugger"
"Small Pratincole","Glareola lactea"
"Jungle Bush-Quail","Perdicula asiatica"
"White Stork","Ciconia ciconia"
"Great Thick-knee","Esacus recurvirostris"
"Painted Sandgrouse","Pterocles indicus"
"Asian Woolly-necked Stork","Ciconia episcopus"
"Cotton Pygmy-Goose","Nettapus coromandelianus"
"Greater Painted-Snipe","Rostratula benghalensis"
"Mottled Wood-Owl","Strix ocellata"
"Red Avadavat","Amandava amandava"
"Rock Pigeon","Columba livia"
"Siberian Pipit","Anthus japonicus"
"Brown Skua","Stercorarius antarcticus"
"Eurasian Nightjar","Caprimulgus europaeus"
"Long-tailed Duck","Clangula hyemalis"
"Gadwall","Mareca strepera"
"Marbled Duck","Marmaronetta angustirostris"
"Tufted Duck","Aythya fuligula"
"Boreal Owl","Aegolius funereus"
"Eurasian Golden Oriole","Oriolus oriolus"
"Little Gull","Hydrocoloeus minutus"
"Black-winged Kite","Elanus caeruleus"
"Black-headed Bunting","Emberiza melanocephala"
"Bristled Grassbird","Schoenicola striatus"
"Gray-headed Fish-Eagle","Icthyophaga ichthyaetus"
"Gray-headed Swamphen","Porphyrio poliocephalus"
"White-naped Woodpecker","Chrysocolaptes festivus"
"Blunt-winged Warbler","Acrocephalus concinens"
"Tundra Swan","Cygnus columbianus"
"Chinese Vivid Niltava","Niltava oatesi"
"Slaty-legged Crake","Rallina eurizonoides"
"White-bellied Woodpecker","Dryocopus javensis"
"Short-toed Snake-Eagle","Circaetus gallicus"
"Alpine Swift","Tachymarptis melba"
"Black-crowned Night Heron","Nycticorax nycticorax"
"Oriental Darter","Anhinga melanogaster"
"River Tern","Sterna aurantia"
"Wire-tailed Swallow","Hirundo smithii"
"Southern Hill Myna","Gracula indica"
"Crested Serpent-Eagle","Spilornis cheela"
"Hair-crested Drongo","Dicrurus hottentottus"
"Indian Scops-Owl","Otus bakkamoena"
"Thick-billed Warbler","Arundinax aedon"
"Jouanin's Petrel","Bulweria fallax"
"Knob-billed Duck","Sarkidiornis melanotos"
"Red-crested Pochard","Netta rufina"
"Eurasian Spoonbill","Platalea leucorodia"
"Black-necked Crane","Grus nigricollis"
"Taiga Bean-Goose","Anser fabalis"
"Ward's Trogon","Harpactes wardi"
"Mishmi Wren-Babbler","Spelaeornis badeigularis"
"Red-tailed Tropicbird","Phaethon rubricauda"
"Wilson's Storm-Petrel","Oceanites oceanicus"
"Northern Lapwing","Vanellus vanellus"
"White-tailed Iora","Aegithina nigrolutea"
"West Himalayan Bush Warbler","Locustella kashmirensis"
"Firethroat","Calliope pectardens"
"Clicking Shrike-Babbler","Pteruthius intermedius"
"Crow-billed Drongo","Dicrurus annectens"
"Slender-billed Babbler","Argya longirostris"
"Smoky Warbler","Phylloscopus fuligiventer"
"Yellow-bellied Prinia","Prinia flaviventris"
"Brown Rock Chat","Oenanthe fusca"
"Siberian Rubythroat","Calliope calliope"
"Black Bulbul","Hypsipetes leucocephalus"
"Black-naped Oriole","Oriolus chinensis"
"Black-throated Tit","Aegithalos concinnus"
"Crimson Sunbird","Aethopyga siparaja"
"Fire-breasted Flowerpecker","Dicaeum ignipectus"
"Gray-chinned Minivet","Pericrocotus solaris"
"Little Pied Flycatcher","Ficedula westermanni"
"Maroon Oriole","Oriolus traillii"
"Mountain Bulbul","Ixos mcclellandii"
"Mountain Tailorbird","Phyllergates cucullatus"
"Orange-bellied Leafbird","Chloropsis hardwickii"
"Ruby-cheeked Sunbird","Chalcoparia singalensis"
"Short-billed Minivet","Pericrocotus brevirostris"
"Streaked Spiderhunter","Arachnothera magna"
"Sultan Tit","Melanochlora sultanea"
"Yellow-cheeked Tit","Machlolophus spilonotus"
"Gray-throated Martin","Riparia chinensis"
"Abbott's Babbler","Malacocincla abbotti"
"Dusky Warbler","Phylloscopus fuscatus"
"Eastern Yellow Wagtail","Motacilla tschutschensis"
"White-throated Fantail","Rhipidura albicollis"
"Mangrove Whistler","Pachycephala cinerea"
"Greater Flameback","Chrysocolaptes guttacristatus"
"Baikal Bush Warbler","Locustella davidi"
"Two-barred Warbler","Phylloscopus plumbeitarsus"
"Claudia's Leaf Warbler","Phylloscopus claudiae"
"Stripe-breasted Woodpecker","Dendrocopos atratus"
"Moustached Laughingthrush","Ianthocincla cineracea"
"Brown-capped Laughingthrush","Trochalopteron austeni"
"White-browed Laughingthrush","Pterorhinus sannio"
"Hume's Treecreeper","Certhia manipurensis"
"Chinese Leaf Warbler","Phylloscopus yunnanensis"
"Little Heron","Butorides atricapilla"
"Long-billed Thrush","Zoothera monticola"
"Maroon-backed Accentor","Prunella immaculata"
"White-browed Bush-Robin","Tarsiger indicus"
"Buff-throated Warbler","Phylloscopus subaffinis"
"Mount Victoria Babax","Pterorhinus woodi"
"Himalayan Thrush","Zoothera salimalii"
"Little Stint","Calidris minuta"
"Streaked Shearwater","Calonectris leucomelas"
"Western Hooded Pitta","Pitta sordida"
"Eurasian Scops-Owl","Otus scops"
"Indian Peafowl","Pavo cristatus"
"White-faced Storm-Petrel","Pelagodroma marina"
"Black-bellied Storm-Petrel","Fregetta tropica"
"Red-breasted Merganser","Mergus serrator"
"Common Hill Myna","Gracula religiosa"
"Flesh-footed Shearwater","Ardenna carneipes"
"Oriental Reed Warbler","Acrocephalus orientalis"
"Plaintive Cuckoo","Cacomantis merulinus"
"Pallas's Grasshopper Warbler","Helopsaltes certhiola"
"Cinnamon Bittern","Botaurus cinnamomeus"
"Eurasian Moorhen","Gallinula chloropus"
"White-eared Bulbul","Pycnonotus leucotis"
"Bank Myna","Acridotheres ginginianus"
"Black-browed Reed Warbler","Acrocephalus bistrigiceps"
"Malabar Barbet","Psilopogon malabaricus"
"Malabar Flameback","Chrysocolaptes socialis"
"Malabar Parakeet","Psittacula columboides"
"Malabar Starling","Sturnia blythii"
"Malabar Trogon","Harpactes fasciatus"
"Malabar Woodshrike","Tephrodornis sylvicola"
"Malabar Whistling-Thrush","Myophonus horsfieldii"
"Malabar Imperial-Pigeon","Ducula cuprea"
"Vernal Hanging-Parrot","Loriculus vernalis"
"White-rumped Vulture","Gyps bengalensis"
"Yellow-browed Bulbul","Acritillas indica"
"Red-billed Blue-Magpie","Urocissa erythroryncha"
"Rusty-cheeked Scimitar-Babbler","Erythrogenys erythrogenys"
"Lesser Yellownape","Picus chlorolophus"
"Malabar Gray Hornbill","Ocyceros griseus"
"Oriental Honey-buzzard","Pernis ptilorhynchus"
"Nilgiri Flowerpecker","Dicaeum concolor"
"Rufous Babbler","Argya subrufa"
"White-bellied Treepie","Dendrocitta leucogastra"
"Striated Grassbird","Megalurus palustris"
"Yellow Bittern","Botaurus sinensis"
"South Polar Skua","Stercorarius maccormicki"
"Caspian Tern","Hydroprogne caspia"
"Black-headed Gull","Chroicocephalus ridibundus"
"Great Egret","Ardea alba"
"Pale Martin","Riparia diluta"
"Common Shelduck","Tadorna tadorna"
"Graylag Goose","Anser anser"
"Indian Spot-billed Duck","Anas poecilorhyncha"
"Mrs. Gould's Sunbird","Aethopyga gouldiae"
"Banded Bay Cuckoo","Cacomantis sonneratii"
"Indian Cuckoo","Cuculus micropterus"
"Lesser Coucal","Centropus bengalensis"
"Long-toed Stint","Calidris subminuta"
"Ruff","Calidris pugnax"
"Black-winged Cuckooshrike","Lalage melaschistos"
"White-winged Tern","Chlidonias leucopterus"
"Brown-fronted Woodpecker","Dendrocoptes auriceps"
"Green-backed Tit","Parus monticolus"
"Gray-hooded Warbler","Phylloscopus xanthoschistos"
"Little Forktail","Enicurus scouleri"
"Rufous-breasted Accentor","Prunella strophiata"
"Streaked Laughingthrush","Trochalopteron lineatum"
"Wedge-tailed Green-Pigeon","Treron sphenurus"
"Whiskered Yuhina","Yuhina flavicollis"
"White-throated Laughingthrush","Pterorhinus albogularis"
"Gray-headed Lapwing","Vanellus cinereus"
"Marsh Sandpiper","Tringa stagnatilis"
"European Starling","Sturnus vulgaris"
"Indian Spotted Eagle","Clanga hastata"
"Red-necked Falcon","Falco chicquera"
"Spot-winged Starling","Saroglossa spilopterus"
"Brown Bullfinch","Pyrrhula nipalensis"
"Chestnut-bellied Rock-Thrush","Monticola rufiventris"
"Goldcrest","Regulus regulus"
"Gray-winged Blackbird","Turdus boulboul"
"Altai Accentor","Prunella himalayana"
"Mountain Scops-Owl","Otus spilocephalus"
"Rufous-chinned Laughingthrush","Ianthocincla rufogularis"
"Speckled Piculet","Picumnus innominatus"
"Variegated Laughingthrush","Trochalopteron variegatum"
"Scaly-breasted Cupwing","Pnoepyga albiventer"
"Blue-capped Rock-Thrush","Monticola cinclorhyncha"
"Blue-throated Barbet","Psilopogon asiaticus"
"Russet Sparrow","Passer cinnamomeus"
"Black-breasted Weaver","Ploceus benghalensis"
"Black-bellied Plover","Pluvialis squatarola"
"Eurasian Whimbrel","Numenius phaeopus"
"Australasian Grass-Owl","Tyto longimembris"
"Eurasian Coot","Fulica atra"
"Striated Babbler","Argya earlei"
"Black Bittern","Botaurus flavicollis"
"Gray-capped Pygmy Woodpecker","Yungipicus canicapillus"
"Malayan Night Heron","Gorsachius melanolophus"
"Nilgiri Wood-Pigeon","Columba elphinstonii"
"Black-chinned Babbler","Cyanoderma pyrrhops"
"Stripe-throated Yuhina","Yuhina gularis"
"Sirkeer Malkoha","Taccocua leschenaultii"
"Red-headed Bunting","Emberiza bruniceps"
"Chestnut-crowned Laughingthrush","Trochalopteron erythrocephalum"
"Black-throated Thrush","Turdus atrogularis"
"Eurasian Jay","Garrulus glandarius"
"Great Barbet","Psilopogon virens"
"Lineated Barbet","Psilopogon lineatus"
"Chestnut Munia","Lonchura atricapilla"
"Hill Partridge","Arborophila torqueola"
"Bengal Bushlark","Plocealauda assamica"
"Red Collared-Dove","Streptopelia tranquebarica"
"Sarus Crane","Antigone antigone"
"Black Francolin","Francolinus francolinus"
"Black-throated Accentor","Prunella atrogularis"
"Brown Crake","Zapornia akool"
"Steppe Eagle","Aquila nipalensis"
"Himalayan Prinia","Prinia crinigera"
"Flame-throated Bulbul","Rubigula gularis"
"White-crested Laughingthrush","Garrulax leucolophus"
"Booted Eagle","Hieraaetus pennatus"
"Mountain Hawk-Eagle","Nisaetus nipalensis"
"Crested Lark","Galerida cristata"
"Great Cormorant","Phalacrocorax carbo"
"Eurasian Curlew","Numenius arquata"
"Bonelli's Eagle","Aquila fasciata"
"Blue-cheeked Bee-eater","Merops persicus"
"Black-necked Stork","Ephippiorhynchus asiaticus"
"Greater Whitethroat","Curruca communis"
"Red-naped Ibis","Pseudibis papillosa"
"White-tailed Lapwing","Vanellus leucurus"
"Black-tailed Godwit","Limosa limosa"
"Pallas's Gull","Ichthyaetus ichthyaetus"
"Jungle Nightjar","Caprimulgus indicus"
"Gull-billed Tern","Gelochelidon nilotica"
"Oriental Pratincole","Glareola maldivarum"
"Spotted Redshank","Tringa erythropus"
"Chestnut-headed Bee-eater","Merops leschenaulti"
"Indochinese Roller","Coracias affinis"
"Oriental Cuckooshrike","Coracina javensis"
"Lesser Adjutant","Leptoptilos javanicus"
"Hen Harrier","Circus cyaneus"
"Red Junglefowl","Gallus gallus"
"Swamp Francolin","Ortygornis gularis"
"Taiga Flycatcher","Ficedula albicilla"
"Aberrant Bush Warbler","Horornis flavolivaceus"
"Daurian Redstart","Phoenicurus auroreus"
"Delicate Prinia","Prinia lepida"
"Greater Adjutant","Leptoptilos dubius"
"Kalij Pheasant","Lophura leucomelanos"
"Kentish Plover","Anarhynchus alexandrinus"
"Sand Lark","Alaudala raytal"
"Smew","Mergellus albellus"
"Stork-billed Kingfisher","Pelargopsis capensis"
"White-browed Scimitar-Babbler","Pomatorhinus schisticeps"
"White-tailed Stonechat","Saxicola leucurus"
"Lesser Black-backed Gull","Larus fuscus"
"Ashy-throated Warbler","Phylloscopus maculipennis"
"Ashy Wood-Pigeon","Columba pulchricollis"
"Barred Cuckoo-Dove","Macropygia unchall"
"Bay Woodpecker","Blythipicus pyrrhotis"
"Black-eared Shrike-Babbler","Pteruthius melanotis"
"Black-backed Forktail","Enicurus immaculatus"
"Black-throated Sunbird","Aethopyga saturata"
"Blue-winged Minla","Actinodura cyanouroptera"
"Sikkim Treecreeper","Certhia discolor"
"Chestnut-crowned Warbler","Phylloscopus castaniceps"
"Chestnut-headed Tesia","Cettia castaneocoronata"
"Collared Falconet","Microhierax caerulescens"
"Crimson-naped Woodpecker","Dryobates cathpharius"
"Himalayan Cutia","Cutia nipalensis"
"Dark-breasted Rosefinch","Procarduelis nipalensis"
"Dark-rumped Rosefinch","Carpodacus edwardsii"
"Darjeeling Woodpecker","Dendrocopos darjellensis"
"Greater Necklaced Laughingthrush","Pterorhinus pectoralis"
"Golden-throated Barbet","Psilopogon franklinii"
"Green-billed Malkoha","Phaenicophaeus tristis"
"Great Hornbill","Buceros bicornis"
"Common Green-Magpie","Cissa chinensis"
"Greater Yellownape","Chrysophlegma flavinucha"
"Gray-bellied Tesia","Tesia cyaniventer"
"Gray-cheeked Warbler","Phylloscopus poliogenys"
"Gray-throated Babbler","Stachyris nigriceps"
"Hodgson's Redstart","Phoenicurus hodgsoni"
"Hoary-throated Barwing","Actinodura nipalensis"
"House Swift","Apus nipalensis"
"Large Niltava","Niltava grandis"
"Little Bunting","Emberiza pusilla"
"Lesser Racket-tailed Drongo","Dicrurus remifer"
"Mountain Imperial-Pigeon","Ducula badia"
"Oriental Scops-Owl","Otus sunia"
"Pale-headed Woodpecker","Gecinulus grantia"
"Lemon-rumped Warbler","Phylloscopus chloronotus"
"Pin-tailed Green-Pigeon","Treron apicauda"
"Plain Flowerpecker","Dicaeum minullum"
"Pygmy Flycatcher","Ficedula hodgsoni"
"Pygmy Cupwing","Pnoepyga pusilla"
"Red-billed Leiothrix","Leiothrix lutea"
"Red-headed Trogon","Harpactes erythrocephalus"
"Rufous-bellied Eagle","Lophotriorchis kienerii"
"Rufous-bellied Niltava","Niltava sundara"
"Rufous-capped Babbler","Cyanoderma ruficeps"
"Rufescent Prinia","Prinia rufescens"
"Rufous Sibia","Heterophasia capistrata"
"Rufous-necked Laughingthrush","Pterorhinus ruficollis"
"Rufous-winged Fulvetta","Schoeniparus castaneceps"
"Scarlet Finch","Carpodacus sipahi"
"Scarlet-backed Flowerpecker","Dicaeum cruentatum"
"Silver-eared Mesia","Leiothrix argentauris"
"Slaty-backed Forktail","Enicurus schistaceus"
"Snowy-browed Flycatcher","Ficedula hyperythra"
"Upland Pipit","Anthus sylvanus"
"White-browed Fulvetta","Fulvetta vinipectus"
"White-browed Piculet","Sasia ochracea"
"White-browed Shrike-Babbler","Pteruthius aeralatus"
"Whistler's Warbler","Phylloscopus whistleri"
"White-throated Bulbul","Alophoixus flaveolus"
"White-tailed Nuthatch","Sitta himalayensis"
"Yellow-browed Tit","Sylviparus modestus"
"Yellow-bellied Warbler","Abroscopus superciliaris"
"Ashy Bulbul","Hemixos flavala"
"Bengal Florican","Houbaropsis bengalensis"
"Blue-breasted Quail","Synoicus chinensis"
"Blue-eared Kingfisher","Alcedo meninting"
"Brown Boobook","Ninox scutulata"
"Chestnut-capped Babbler","Timalia pileata"
"Chestnut Bunting","Emberiza rutila"
"Dark-sided Thrush","Zoothera marginata"
"Eyebrowed Thrush","Turdus obscurus"
"Jerdon's Babbler","Chrysomma altirostre"
"Little Spiderhunter","Arachnothera longirostra"
"Little Tern","Sternula albifrons"
"Long-billed Plover","Thinornis placidus"
"Scaly Thrush","Zoothera dauma"
"Striated Yuhina","Staphida castaniceps"
"Thick-billed Green-Pigeon","Treron curvirostra"
"White-bellied Heron","Ardea insignis"
"Wreathed Hornbill","Rhyticeros undulatus"
"Yellow-vented Flowerpecker","Pachyglossa chrysorrhea"
"Yellow-vented Warbler","Phylloscopus cantator"
"Black-faced Bunting","Emberiza spodocephala"
"Blossom-headed Parakeet","Psittacula roseata"
"Blue-naped Pitta","Hydrornis nipalensis"
"Great Crested Grebe","Podiceps cristatus"
"Jerdon's Bushchat","Saxicola jerdoni"
"Lesser Necklaced Laughingthrush","Garrulax monileger"
"Nepal Fulvetta","Alcippe nipalensis"
"Rufous-fronted Babbler","Cyanoderma rufifrons"
"White-cheeked Partridge","Arborophila atrogularis"
"White-hooded Babbler","Gampsorhynchus rufulus"
"Crested Finchbill","Spizixos canifrons"
"Dark-rumped Swift","Apus acuticauda"
"Flavescent Bulbul","Pycnonotus flavescens"
"Golden Babbler","Cyanoderma chrysaeum"
"Gray Sibia","Heterophasia gracilis"
"Rusty-fronted Barwing","Actinodura egertoni"
"Streak-breasted Scimitar-Babbler","Pomatorhinus ruficollis"
"Curlew Sandpiper","Calidris ferruginea"
"Great Crested Tern","Thalasseus bergii"
"Greater Sand-Plover","Anarhynchus leschenaultii"
"Pied Avocet","Recurvirostra avosetta"
"Short-eared Owl","Asio flammeus"
"Kashmir Flycatcher","Ficedula subrubra"
"Long-legged Buzzard","Buteo rufinus"
"Rufous-fronted Prinia","Prinia buchanani"
"Gray-necked Bunting","Emberiza buchanani"
"Plain Leaf Warbler","Phylloscopus neglectus"
"Cetti's Warbler","Cettia cetti"
"Isabelline Shrike","Lanius isabellinus"
"Brooks's Leaf Warbler","Phylloscopus subviridis"
"Large-tailed Nightjar","Caprimulgus macrurus"
"Greater Flamingo","Phoenicopterus roseus"
"Pin-tailed Snipe","Gallinago stenura"
"Bar-tailed Godwit","Limosa lapponica"
"Heart-spotted Woodpecker","Hemicircus canente"
"Crimson-backed Sunbird","Leptocoma minima"
"Malabar Lark","Galerida malabarica"
"Crab-Plover","Dromas ardeola"
"Eurasian Oystercatcher","Haematopus ostralegus"
"Nilgiri Flycatcher","Eumyias albicaudatus"
"Gray-fronted Green-Pigeon","Treron affinis"
"White-rumped Spinetail","Zoonavena sylvatica"
"Black-and-orange Flycatcher","Ficedula nigrorufa"
"Nilgiri Laughingthrush","Montecincla cachinnans"
"Hill Swallow","Hirundo domicola"
"Great White Pelican","Pelecanus onocrotalus"
"Greater Spotted Eagle","Clanga clanga"
"Siberian Crane","Leucogeranus leucogeranus"
"Dunlin","Calidris alpina"
"Alpine Thrush","Zoothera mollissima"
"Himalayan Black-lored Tit","Machlolophus xanthogenys"
"Chestnut Thrush","Turdus rubrocanus"
"Lesser Crested Tern","Thalasseus bengalensis"
"Malabar Pied-Hornbill","Anthracoceros coronatus"
"White-cheeked Tern","Sterna repressa"
"Vigors's Sunbird","Aethopyga vigorsii"
"Chestnut-bellied Sandgrouse","Pterocles exustus"
"Sanderling","Calidris alba"
"Tawny Eagle","Aquila rapax"
"Dalmatian Pelican","Pelecanus crispus"
"Spanish Sparrow","Passer hispaniolensis"
"Isabelline Wheatear","Oenanthe isabellina"
"Indian Spotted Creeper","Salpornis spilonota"
"Asian Desert Warbler","Curruca nana"
"Goliath Heron","Ardea goliath"
"Nilgiri Thrush","Zoothera neilgherriensis"
"Eurasian Griffon","Gyps fulvus"
"Eurasian Goshawk","Astur gentilis"
"Koklass Pheasant","Pucrasia macrolopha"
"Moustached Warbler","Acrocephalus melanopogon"
"Broad-billed Sandpiper","Calidris falcinellus"
"Dark-fronted Babbler","Dumetia atriceps"
"Gray-headed Bulbul","Microtarsus priocephalus"
"Nilgiri Pipit","Anthus nilghiriensis"
"Painted Bush-Quail","Perdicula erythrorhyncha"
"White-bellied Blue Flycatcher","Cyornis pallidipes"
"Nilgiri Sholakili","Sholicola major"
"Striolated Bunting","Emberiza striolata"
"Rock Bush-Quail","Perdicula argoondah"
"Square-tailed Drongo-Cuckoo","Surniculus lugubris"
"Common Wood-Pigeon","Columba palumbus"
"Pine Bunting","Emberiza leucocephalos"
"Common Crane","Grus grus"
"Cream-colored Courser","Cursorius cursor"
"Greater Hoopoe-Lark","Alaemon alaudipes"
"Greater Short-toed Lark","Calandrella brachydactyla"
"Lesser Kestrel","Falco naumanni"
"Dusky Eagle-Owl","Ketupa coromanda"
"Lesser Fish-Eagle","Icthyophaga humilis"
"Lesser Flamingo","Phoeniconaias minor"
"Terek Sandpiper","Xenus cinereus"
"Great Reed Warbler","Acrocephalus arundinaceus"
"Black-breasted Parrotbill","Paradoxornis flavirostris"
"Indian Grassbird","Graminicola bengalensis"
"Swamp Grass Babbler","Laticilla cinerascens"
"Blyth's Paradise-Flycatcher","Terpsiphone affinis"
"Dark-necked Tailorbird","Orthotomus atrogularis"
"Fulvous Whistling-Duck","Dendrocygna bicolor"
"Indian Swiftlet","Aerodramus unicolor"
"Spotted Flycatcher","Muscicapa striata"
"Sykes's Nightjar","Caprimulgus mahrattensis"
"Collared Scops-Owl","Otus lettia"
"White-naped Yuhina","Yuhina bakeri"
"Brown Wood-Owl","Strix leptogrammica"
"Chestnut-winged Cuckoo","Clamator coromandus"
"Ferruginous Flycatcher","Muscicapa ferruginea"
"Long-billed Wren-Babbler","Napothera malacoptila"
"Himalayan Shortwing","Brachypteryx cruralis"
"White-gorgeted Flycatcher","Anthipes monileger"
"Green Shrike-Babbler","Pteruthius xanthochlorus"
"Indian Skimmer","Rynchops albicollis"
"Lesser Cuckoo","Cuculus poliocephalus"
"Brambling","Fringilla montifringilla"
"Crested Goshawk","Lophospiza trivirgata"
"Rufous-bellied Woodpecker","Dendrocopos hyperythrus"
"Orange-breasted Green-Pigeon","Treron bicinctus"
"Persian Wheatear","Oenanthe chrysopygia"
"Common Flameback","Dinopium javanense"
"Ashambu Laughingthrush","Montecincla meridionalis"
"Cinereous Vulture","Aegypius monachus"
"Red-backed Shrike","Lanius collurio"
"Painted Francolin","Francolinus pictus"
"Western Tragopan","Tragopan melanocephalus"
"Bimaculated Lark","Melanocorypha bimaculata"
"Cheer Pheasant","Catreus wallichii"
"Great Knot","Calidris tenuirostris"
"Slaty-breasted Rail","Lewinia striata"
"Watercock","Gallicrex cinerea"
"Bank Swallow","Riparia riparia"
"Eurasian Siskin","Spinus spinus"
"Spotted Sandgrouse","Pterocles senegallus"
"Small Buttonquail","Turnix sylvaticus"
"Black Baza","Aviceda leuphotes"
"Dollarbird","Eurystomus orientalis"
"Collared Grosbeak","Mycerobas affinis"
"Himalayan Owl","Strix nivicolum"
"Spot-winged Grosbeak","Mycerobas melanozanthos"
"Blanford's Rosefinch","Agraphospiza rubescens"
"Blyth's Swift","Apus leuconyx"
"Blue-eared Barbet","Psilopogon cyanotis"
"Black-throated Prinia","Prinia atrogularis"
"Himalayan Flameback","Dinopium shorii"
"Red Crossbill","Loxia curvirostra"
"Sapphire Flycatcher","Ficedula sapphira"
"White-throated Needletail","Hirundapus caudacutus"
"Collared Kingfisher","Todiramphus chloris"
"Himalayan Beautiful Rosefinch","Carpodacus pulcherrimus"
"Tawny Fish-Owl","Ketupa flavipes"
"Fork-tailed Drongo-Cuckoo","Surniculus dicruroides"
"Tibetan Snowcock","Tetraogallus tibetanus"
"Rufous-tailed Scrub-Robin","Cercotrichas galactotes"
"Garden Warbler","Sylvia borin"
"Spoon-billed Sandpiper","Calidris pygmaea"
"Palani Laughingthrush","Montecincla fairbanki"
"Sedge Warbler","Acrocephalus schoenobaenus"
"Streaked Rosefinch","Carpodacus rubicilloides"
"Mongolian Finch","Bucanetes mongolicus"
"White-browed Tit-Warbler","Leptopoecile sophiae"
"Eurasian Bittern","Botaurus stellaris"
"Merlin","Falco columbarius"
"Red-throated Thrush","Turdus ruficollis"
"Song Thrush","Turdus philomelos"
"Pallid Scops-Owl","Otus brucei"
"Yellowhammer","Emberiza citrinella"
"Water Pipit","Anthus spinoletta"
"White-crowned Penduline-Tit","Remiz coronatus"
"Naumann's Thrush","Turdus naumanni"
"Black-crowned Sparrow-Lark","Eremopterix nigriceps"
"Black-bellied Sandgrouse","Pterocles orientalis"
"Desert Lark","Ammomanes deserti"
"Trumpeter Finch","Bucanetes githagineus"
"White-browed Bushchat","Saxicola macrorhynchus"
"Common Chaffinch","Fringilla coelebs"
"Twite","Linaria flavirostris"
"Dusky Thrush","Turdus eunomus"
"Long-tailed Thrush","Zoothera dixoni"
"Yellow-bellied Flowerpecker","Pachyglossa melanozantha"
"Black-headed Shrike-Babbler","Pteruthius rufiventer"
"Broad-billed Warbler","Tickellia hodgsoni"
"Brown Parrotbill","Paradoxornis unicolor"
"Fulvous Parrotbill","Suthora fulvifrons"
"Golden-breasted Fulvetta","Lioparus chrysotis"
"Slender-billed Scimitar-Babbler","Pomatorhinus superciliaris"
"Spotted Laughingthrush","Ianthocincla ocellata"
"White-throated Redstart","Phoenicurus schisticeps"
"Hume's Bush Warbler","Horornis brunnescens"
"Common Redstart","Phoenicurus phoenicurus"
"European Turtle-Dove","Streptopelia turtur"
"Lesser Gray Shrike","Lanius minor"
"Eurasian Linnet","Linaria cannabina"
"Red-necked Phalarope","Phalaropus lobatus"
"Red-tailed Shrike","Lanius phoenicuroides"
"Eastern Marsh Harrier","Circus spilonotus"
"Pale-capped Pigeon","Columba punicea"
"White-tailed Eagle","Haliaeetus albicilla"
"Common Ringed Plover","Charadrius hiaticula"
"Broad-tailed Grassbird","Schoenicola platyurus"
"Tibetan Blackbird","Turdus maximus"
"Lesser Noddy","Anous tenuirostris"
"Water Rail","Rallus aquaticus"
"Eared Grebe","Podiceps nigricollis"
"Sind Sparrow","Passer pyrrhonotus"
"Red-necked Stint","Calidris ruficollis"
"Golden-headed Cisticola","Cisticola exilis"
"Baer's Pochard","Aythya baeri"
"Rufous-backed Redstart","Phoenicurus erythronotus"
"Blue-winged Leafbird","Chloropsis moluccensis"
"Great Myna","Acridotheres grandis"
"Ashy Minivet","Pericrocotus divaricatus"
"Singing Bushlark","Mirafra javanica"
"Black-chinned Yuhina","Yuhina nigrimenta"
"Green Cochoa","Cochoa viridis"
"Spotted Elachura","Elachura formosa"
"Barau's Petrel","Pterodroma baraui"
"Sandwich Tern","Thalasseus sandvicensis"
"Collared Treepie","Dendrocitta frontalis"
"Assam Laughingthrush","Trochalopteron chrysopterum"
"Andaman Bulbul","Microtarsus fuscoflavescens"
"Andaman Coucal","Centropus andamanensis"
"Andaman Cuckooshrike","Coracina dobsoni"
"Andaman Drongo","Dicrurus andamanensis"
"Andaman Treepie","Dendrocitta bayleii"
"Andaman Serpent-Eagle","Spilornis elgini"
"Andaman Wood-Pigeon","Columba palumboides"
"Plume-toed Swiftlet","Collocalia affinis"
"White-headed Starling","Sturnia erythropygia"
"Red-necked Grebe","Podiceps grisegena"
"White-crowned Forktail","Enicurus leschenaulti"
"Red Knot","Calidris canutus"
"Slender-billed Gull","Chroicocephalus genei"
"Greater White-fronted Goose","Anser albifrons"
"Wayanad Laughingthrush","Pterorhinus delesserti"
"Black-backed Dwarf-Kingfisher","Ceyx erithaca"
"Chinese Pond-Heron","Ardeola bacchus"
"Ashy-headed Green-Pigeon","Treron phayrei"
"Ruddy Kingfisher","Halcyon coromanda"
"Pale-billed Parrotbill","Suthora atrosuperciliaris"
"Black-breasted Thrush","Turdus dissimilis"
"Gray-headed Parrotbill","Paradoxornis gularis"
"Pied Falconet","Microhierax melanoleucos"
"Asian Houbara","Chlamydotis macqueenii"
"White-winged Duck","Asarcornis scutulata"
"Andaman Cuckoo-Dove","Macropygia rufipennis"
"Andaman Flowerpecker","Dicaeum virescens"
"Andaman Woodpecker","Dryocopus hodgei"
"Asian Glossy Starling","Aplonis panayensis"
"Andaman Green-Pigeon","Treron chloropterus"
"Nicobar Imperial-Pigeon","Ducula nicobarica"
"Nicobar Bulbul","Hypsipetes nicobariensis"
"Brown Hornbill","Anorrhinus austeni"
"Long-tailed Sibia","Heterophasia picaoides"
"Rufous-headed Parrotbill","Paradoxornis bakeri"
"Rufous-throated Fulvetta","Schoeniparus rufogularis"
"Masked Booby","Sula dactylatra"
"Slaty-bellied Tesia","Tesia olivea"
"Andaman Boobook","Ninox affinis"
"Andaman Shama","Copsychus albiventris"
"Andaman Scops-Owl","Otus balli"
"Freckle-breasted Woodpecker","Dendrocopos analis"
"Pacific Swallow","Hirundo javanica"
"Gray-lored Broadbill","Serilophus rubropygius"
"White-spectacled Warbler","Phylloscopus intermedius"
"Great Eared-Nightjar","Lyncornis macrotis"
"Black-naped Tern","Sterna sumatrana"
"Van Hasselt's Sunbird","Leptocoma brasiliana"
"Sclater's Monal","Lophophorus sclateri"
"Parasitic Jaeger","Stercorarius parasiticus"
"Lesser Shortwing","Brachypteryx leucophris"
"Yellow-rumped Flycatcher","Ficedula zanthopygia"
"White-tailed Tropicbird","Phaethon lepturus"
"Gray Peacock-Pheasant","Polyplectron bicalcaratum"
"Saunders's Tern","Sternula saundersi"
"Hypocolius","Hypocolius ampelinus"
"Collared Pratincole","Glareola pratincola"
"Blue-fronted Robin","Cinclidium frontale"
"Gray-sided Laughingthrush","Pterorhinus caerulatus"
"Rufous-throated Wren-Babbler","Spelaeornis caudatus"
"Yellow-throated Fulvetta","Schoeniparus cinereus"
"Brown Noddy","Anous stolidus"
"European Golden-Plover","Pluvialis apricaria"
"Black-faced Warbler","Abroscopus schisticeps"
"Blue-winged Laughingthrush","Trochalopteron squamatum"
"Chestnut-crowned Bush Warbler","Cettia major"
"Spotted Bush Warbler","Locustella thoracica"
"Sooty Tern","Onychoprion fuscatus"
"Legge's Hawk-Eagle","Nisaetus kelaarti"
"Crimson-browed Finch","Carpodacus subhimachalus"
"Rufous-breasted Bush-Robin","Tarsiger hyperythrus"
"Spot-winged Rosefinch","Carpodacus rodopeplus"
"Common Goldeneye","Bucephala clangula"
"Bar-winged Wren-Babbler","Spelaeornis troglodytoides"
"Great Slaty Woodpecker","Mulleripicus pulverulentus"
"Red-faced Liocichla","Liocichla phoenicea"
"Slaty-backed Flycatcher","Ficedula erithacus"
"Common Gull","Larus canus"
"Sri Lanka Frogmouth","Batrachostomus moniliger"
"Sri Lanka Bay-Owl","Phodilus assimilis"
"Chestnut-breasted Partridge","Arborophila mandellii"
"Rufous-backed Sibia","Leioptila annectens"
"Tibetan Partridge","Perdix hodgsoniae"
"Upland Buzzard","Buteo hemilasius"
"Gray-crowned Prinia","Prinia cinereocapilla"
"White-throated Bushchat","Saxicola insignis"
"Immaculate Cupwing","Pnoepyga immaculata"
"Amur Falcon","Falco amurensis"
"Eastern Spot-billed Duck","Anas zonorhyncha"
"Caspian Plover","Anarhynchus asiaticus"
"Horned Grebe","Podiceps auritus"
"Andaman Nightjar","Caprimulgus andamanicus"
"Brown-crowned Scimitar-Babbler","Pomatorhinus phayrei"
"Rusty-capped Fulvetta","Schoeniparus dubius"
"Rufous-faced Warbler","Abroscopus albogularis"
"Silver-backed Needletail","Hirundapus cochinchinensis"
"Snowy-throated Babbler","Stachyris oglei"
"Streaked Wren-Babbler","Gypsophila brevicaudata"
"Large Scimitar-Babbler","Erythrogenys hypoleucos"
"Rusty-bellied Shortwing","Brachypteryx hyperythra"
"Red-billed Scimitar-Babbler","Pomatorhinus ochraceiceps"
"White-bellied Sholakili","Sholicola albiventris"
"Red Kite","Milvus milvus"
"Violet Cuckoo","Chrysococcyx xanthorhynchus"
"Eyebrowed Wren-Babbler","Napothera epilepidota"
"White-tailed Flycatcher","Leucoptilon concretum"
"Blue Pitta","Hydrornis cyaneus"
"White-breasted Parrotbill","Paradoxornis ruficeps"
"Bugun Liocichla","Liocichla bugunorum"
"Marsh Babbler","Pellorneum palustre"
"Cachar Bulbul","Iole cacharensis"
"Mountain Bamboo-Partridge","Bambusicola fytchii"
"Asian Emerald Cuckoo","Chrysococcyx maculatus"
"Swinhoe's Storm-Petrel","Hydrobates monorhis"
"Brown-cheeked Rail","Rallus indicus"
"Chin Hills Wren-Babbler","Spelaeornis oatesi"
"Striped Laughingthrush","Trochalopteron virgatum"
"Rufous-crowned Prinia","Prinia khasiana"
"Tawny-breasted Wren-Babbler","Spelaeornis longicaudatus"
"Brown-winged Kingfisher","Pelargopsis amauroptera"
"Golden-crested Myna","Ampeliceps coronatus"
"Russet Bush Warbler","Locustella mandelli"
"White-rumped Snowfinch","Onychostruthus taczanowskii"
"Blyth's Tragopan","Tragopan blythii"
"Siberian Blue Robin","Larvivora cyane"
"Ground Tit","Pseudopodoces humilis"
"Burmese Shrike","Lanius collurioides"
"Lesser Frigatebird","Fregata ariel"
"Yellow-eyed Pigeon","Columba eversmanni"
"Red-billed Tropicbird","Phaethon aethereus"
"Bridled Tern","Onychoprion anaethetus"
"Pomarine Jaeger","Stercorarius pomarinus"
"Long-billed Dowitcher","Limnodromus scolopaceus"
"Gray-headed Bullfinch","Pyrrhula erythaca"
"Chestnut-vented Nuthatch","Sitta nagaensis"
"Gray-headed Parakeet","Psittacula finschii"
"Spot-breasted Parrotbill","Paradoxornis guttaticollis"
"Spot-breasted Scimitar-Babbler","Erythrogenys mcclellandi"
"Eurasian Eagle-Owl","Bubo bubo"
"Tibetan Lark","Melanocorypha maxima"
"Great Frigatebird","Fregata minor"
"Forest Owlet","Athene blewitti"
"Oriental Bay-Owl","Phodilus badius"
"Rufous-vented Grass Babbler","Laticilla burnesii"
"Black-tailed Crake","Zapornia bicolor"
"Pectoral Sandpiper","Calidris melanotos"
"Caspian Gull","Larus cachinnans"
"Vinaceous Rosefinch","Carpodacus vinaceus"
"Nicobar Megapode","Megapodius nicobariensis"
"Chestnut-backed Laughingthrush","Pterorhinus nuchalis"
"Hodgson's Hawk-Cuckoo","Hierococcyx nisicolor"
"Temminck's Tragopan","Tragopan temminckii"
"Purple Cochoa","Cochoa purpurea"
"Spot-breasted Laughingthrush","Garrulax merulinus"
"Gray-sided Thrush","Turdus feae"
"Little Crake","Zapornia parva"
"Buff-breasted Sandpiper","Calidris subruficollis"
"Slender-billed Oriole","Oriolus tenuirostris"
"Bhutan Laughingthrush","Trochalopteron imbricatum"
"Brown-throated Fulvetta","Fulvetta ludlowi"
"Banasura Laughingthrush","Montecincla jerdoni"
"Nicobar Hooded Pitta","Pitta abbotti"
"White-breasted Woodswallow","Artamus leucorynchus"
"Hill Prinia","Prinia superciliaris"
"Spot-throated Babbler","Pellorneum albiventre"
"Black-legged Kittiwake","Rissa tridactyla"
"Rufous-necked Snowfinch","Pyrgilauda ruficollis"
"Hume's Boobook","Ninox obscura"
"Manipur Fulvetta","Fulvetta manipurensis"
"Chestnut-cheeked Starling","Agropsar philippensis"
"Sikkim Wedge-billed Babbler","Stachyris humei"
"Crested Tit-Warbler","Leptopoecile elegans"
"Hodgson's Frogmouth","Batrachostomus hodgsoni"
"Cachar Wedge-billed Babbler","Stachyris roberti"
"Naga Wren-Babbler","Spelaeornis chocolatinus"
"Andaman Masked-Owl","Tyto deroepstorffi"
"White-backed Thrush","Turdus kessleri"
"Lesser White-fronted Goose","Anser erythropus"
"Amur Stonechat","Saxicola stejnegeri"
"Black-headed Bulbul","Microtarsus melanocephalos"
"Siberian House-Martin","Delichon lagopodum"
"Black-headed Greenfinch","Chloris ambigua"
"Godlewski's Bunting","Emberiza godlewskii"
"Japanese Sparrowhawk","Tachyspiza gularis"
"Daurian Starling","Agropsar sturninus"
"Great Spotted Woodpecker","Dendrocopos major"
"Mangrove Pitta","Pitta megarhyncha"
"Tropical Shearwater","Puffinus bailloni"
"Gray-crowned Warbler","Phylloscopus tephrocephalus"
"Gray-faced Buzzard","Butastur indicus"
"Blue-and-white Flycatcher","Cyanoptila cyanomelana"
"Fieldfare","Turdus pilaris"
"Long-tailed Jaeger","Stercorarius longicaudus"
"Wedge-tailed Shearwater","Ardenna pacifica"
"Red-footed Booby","Sula sula"
"Brown-rumped Minivet","Pericrocotus cantonensis"
"Tristram's Bunting","Emberiza tristrami"
"Tundra Bean-Goose","Anser serrirostris"
"Pale Rockfinch","Carpospiza brachydactyla"
"Elliot's Laughingthrush","Trochalopteron elliotii"
"Franklin's Gull","Leucophaeus pipixcan"
"Turkestan Short-toed Lark","Alaudala heinei"
"Mongolian Gull","Larus mongolicus"
"European Honey-buzzard","Pernis apivorus"
"Blue-winged Pitta","Pitta moluccensis"
"Short-tailed Shearwater","Ardenna tenuirostris"
"Blue-throated Bee-eater","Merops viridis"
"Sabine's Gull","Xema sabini"
"Northern Wheatear","Oenanthe oenanthe"
"Blue-billed White-Tern","Gygis candida"
"Cory's Shearwater","Calonectris borealis"
"Woodchat Shrike","Lanius senator"
"Mugimaki Flycatcher","Ficedula mugimaki"
"Chinese Thrush","Turdus mupinensis"
"Asian Stubtail","Urosphena squameiceps"
"Pink-rumped Rosefinch","Carpodacus waltoni"
"Sichuan Leaf Warbler","Phylloscopus forresti"
"Yunnan Nuthatch","Sitta yunnanensis"
"Red-breasted Goose","Branta ruficollis"
"Black Tern","Chlidonias niger"
"Nicobar Parakeet","Psittacula caniceps"
"Christmas Island Frigatebird","Fregata andrewsi"
"Chestnut-flanked White-eye","Zosterops erythropleurus"
"Red-throated Loon","Gavia stellata"
"Gray-eyed Bulbul","Iole propinqua"
"White-browed Crake","Poliolimnas cinereus"
"Hainan Blue Flycatcher","Cyornis hainanus"
"Chinese White-browed Rosefinch","Carpodacus dubius"
"Crimson-winged Finch","Rhodopechys sanguineus"
"White-eyed Gull","Ichthyaetus leucophthalmus"
"Rock Eagle-Owl","Bubo bengalensis"
"Wood Warbler","Phylloscopus sibilatrix"
"Gray-tailed Tattler","Tringa brevipes"
"White-eared Night Heron","Oroanassa magnifica"
"Masked Shrike","Lanius nubicus"
"American Golden-Plover","Pluvialis dominica"
"Finsch's Wheatear","Oenanthe finschii"
"Chinese Egret","Egretta eulophotes"
"Javan Pond-Heron","Ardeola speciosa"
"White-cheeked Starling","Spodiopsar cineraceus"
"Horsfield's Bronze-Cuckoo","Chalcites basalis"
"Pied Crow","Corvus albus"
"Amur Paradise-Flycatcher","Terpsiphone incei"
"Sakhalin Leaf Warbler","Phylloscopus borealoides"
"Namaqua Dove","Oena capensis"
"Zappey's Flycatcher","Cyanoptila cumatilis"
"Yellow-browed Bunting","Emberiza chrysophrys"
"Nicobar Serpent-Eagle","Spilornis klossi"
"Pale Rosefinch","Carpodacus stoliczkae"
"Desert Finch","Rhodospiza obsoleta"
"Nicobar Scops-Owl","Otus alius"
"Rustic Bunting","Emberiza rustica"
"Red-billed Starling","Spodiopsar sericeus"
"Light-mantled Albatross","Phoebetria palpebrata"
"Willow Warbler","Phylloscopus trochilus"
"Chinese Blackbird","Turdus mandarinus"
"Japanese Thrush","Turdus cardis"
"Nordmann's Greenshank","Tringa guttifer"
"Rough-legged Hawk","Buteo lagopus"
"Three-banded Rosefinch","Carpodacus trifasciatus"
"Whinchat","Saxicola rubetra"
"Meadow Pipit","Anthus pratensis"
"Red-legged Crake","Rallina fasciata"
"African Openbill","Anastomus lamelligerus"
"Eurasian Blackcap","Sylvia atricapilla"
"Rufous-winged Buzzard","Butastur liventer"
"White-shouldered Starling","Sturnia sinensis"
"Meadow Bunting","Emberiza cioides"
"Pale-legged Leaf Warbler","Phylloscopus tenellipes"
"Sooty Shearwater","Ardenna grisea"
"Pallas's Leaf Warbler","Phylloscopus proregulus"
"Black-rumped Magpie","Pica bottanensis"
"Lapland Longspur","Calcarius lapponicus"
"Levant Sparrowhawk","Tachyspiza brevipes"
"Bianchi's Warbler","Phylloscopus valentini"
"Laughing Gull","Leucophaeus atricilla"
"Barnacle Goose","Branta leucopsis"
"Spur-winged Lapwing","Vanellus spinosus"
"Giant Shrike","Lanius giganteus"
"Band-bellied Crake","Zapornia paykullii"
"Tiger Shrike","Lanius tigrinus"
"Gray-streaked Flycatcher","Muscicapa griseisticta"
"European Greenfinch","Chloris chloris"
"White-throated Rock-Thrush","Monticola gularis"
"Pin-tailed Parrotfinch","Erythrura prasina"
"Yellow-billed Grosbeak","Eophona migratoria"
"Menetries's Warbler","Curruca mystacea"
"Black Heron","Egretta ardesiaca"
"Icterine Warbler","Hippolais icterina"
"White-faced Plover","Anarhynchus dealbatus"
"Calandra Lark","Melanocorypha calandra"
"Eastern Crowned Warbler","Phylloscopus coronatus"
"White-backed Vulture","Gyps africanus"
"Black-tailed Gull","Larus crassirostris"
"Yellow-breasted Bunting","Emberiza aureola"
"Finn's Weaver","Ploceus megarhynchus"
"Great Indian Bustard","Ardeotis nigriceps"
"Derbyan Parakeet","Psittacula derbiana"
"Green Avadavat","Amandava formosa"
"Lesser Florican","Sypheotides indicus"
"Saker Falcon","Falco cherrug"
"Greater Green Leafbird","Chloropsis sonnerati"
"Spotted Owl","Strix occidentalis"
"Javan Kingfisher","Halcyon cyanoventris"
"Sunda Laughingthrush","Garrulax palliatus"
"White-cheeked Laughingthrush","Pterorhinus vassali"
"White-crowned Shama","Copsychus stricklandii"
"White-bellied Fantail","Rhipidura euryura"
"Rufous-fronted Laughingthrush","Garrulax rufifrons"
