Species,No_of_Subspecies
Abroscopus albogularis,1
Abroscopus schisticeps,2
Abroscopus superciliaris,2
Accipiter nisus,2
Aceros nipalensis,NA
Acridotheres albocinctus,NA
Acridotheres fuscus,3
Acridotheres ginginianus,NA
Acridotheres grandis,NA
Acridotheres tristis,1
Acritillas indica,2
Acrocephalus agricola,NA
Acrocephalus arundinaceus,1
Acrocephalus bistrigiceps,NA
Acrocephalus concinens,2
Acrocephalus dumetorum,NA
Acrocephalus melanopogon,1
Acrocephalus orientalis,NA
Acrocephalus orinus,NA
Acrocephalus schoenobaenus,NA
Acrocephalus stentoreus,3
Actinodura cyanouroptera,2
Actinodura egertoni,4
Actinodura nipalensis,NA
Actinodura strigula,3
Actinodura waldeni,3
Actitis hypoleucos,NA
Aegithalos concinnus,3
Aegithalos iouschistos,2
Aegithalos leucogenys,NA
Aegithalos niveogularis,NA
Aegithina nigrolutea,NA
Aegithina tiphia,5
Aegolius funereus,1
Aegypius monachus,NA
Aerodramus brevirostris,2
Aerodramus fuciphagus,1
Aerodramus unicolor,NA
Aethopyga gouldiae,3
Aethopyga ignicauda,2
Aethopyga nipalensis,4
Aethopyga saturata,2
Aethopyga siparaja,3
Aethopyga vigorsii,NA
Agraphospiza rubescens,NA
Agropsar philippensis,NA
Agropsar sturninus,NA
Aix galericulata,NA
Alaemon alaudipes,1
Alauda arvensis,1
Alauda gulgula,6
Alaudala heinei,1
Alaudala raytal,2
Alcedo atthis,3
Alcedo hercules,NA
Alcedo meninting,3
Alcippe nipalensis,3
Alcippe poioicephala,3
Alcurus striatus,2
Alectoris chukar,2
Alophoixus flaveolus,1
Amandava amandava,1
Amandava formosa,NA
Amaurornis phoenicurus,4
Ammomanes deserti,1
Ammomanes phoenicura,2
Ampeliceps coronatus,NA
Anarhynchus alexandrinus,2
Anarhynchus asiaticus,NA
Anarhynchus atrifrons,3
Anarhynchus dealbatus,NA
Anarhynchus leschenaultii,2
Anarhynchus veredus,NA
Anas acuta,NA
Anas albogularis,NA
Anas crecca,NA
Anas platyrhynchos,1
Anas poecilorhyncha,2
Anas zonorhyncha,NA
Anastomus lamelligerus,1
Anastomus oscitans,NA
Anhinga melanogaster,NA
Anorrhinus austeni,NA
Anous minutus,1
Anous stolidus,1
Anous tenuirostris,1
Anser albifrons,1
Anser anser,1
Anser erythropus,NA
Anser fabalis,2
Anser indicus,NA
Anser serrirostris,2
Anthipes monileger,2
Anthracoceros albirostris,1
Anthracoceros coronatus,NA
Anthus campestris,NA
Anthus cervinus,NA
Anthus godlewskii,NA
Anthus hodgsoni,2
Anthus japonicus,NA
Anthus nilghiriensis,NA
Anthus pratensis,1
Anthus richardi,3
Anthus roseatus,NA
Anthus rufulus,3
Anthus similis,4
Anthus spinoletta,2
Anthus sylvanus,NA
Anthus trivialis,2
Antigone antigone,2
Aplonis panayensis,3
Apus acuticauda,NA
Apus affinis,2
Apus apus,1
Apus leuconyx,NA
Apus nipalensis,2
Apus pacificus,1
Aquila chrysaetos,1
Aquila fasciata,1
Aquila heliaca,NA
Aquila nipalensis,2
Aquila rapax,1
Arachnothera longirostra,1
Arachnothera magna,1
Arborophila atrogularis,NA
Arborophila mandellii,NA
Arborophila rufogularis,2
Arborophila torqueola,4
Ardea alba,2
Ardea cinerea,1
Ardea coromanda,NA
Ardea goliath,NA
Ardea insignis,NA
Ardea intermedia,NA
Ardea purpurea,1
Ardenna carneipes,NA
Ardenna grisea,NA
Ardenna pacifica,1
Ardenna tenuirostris,NA
Ardeola bacchus,NA
Ardeola grayii,NA
Ardeola speciosa,1
Ardeotis nigriceps,NA
Arenaria interpres,1
Argya affinis,1
Argya caudata,2
Argya earlei,2
Argya longirostris,NA
Argya malcolmi,NA
Argya striata,5
Argya subrufa,2
Artamus fuscus,NA
Artamus leucorynchus,1
Arundinax aedon,2
Asarcornis scutulata,NA
Asio flammeus,1
Asio otus,1
Astur gentilis,1
Athene blewitti,NA
Athene brama,3
Athene noctua,1
Aviceda jerdoni,2
Aviceda leuphotes,3
Aythya baeri,NA
Aythya ferina,NA
Aythya fuligula,NA
Aythya marila,1
Aythya nyroca,NA
Bambusicola fytchii,1
Batrachostomus hodgsoni,1
Batrachostomus moniliger,NA
Blythipicus pyrrhotis,1
Bombycilla garrulus,1
Botaurus cinnamomeus,NA
Botaurus flavicollis,1
Botaurus minutus,1
Botaurus sinensis,NA
Botaurus stellaris,1
Brachypteryx cruralis,NA
Brachypteryx hyperythra,NA
Brachypteryx leucophris,2
Branta leucopsis,NA
Branta ruficollis,NA
Bubo bengalensis,NA
Bubo bubo,2
Bucanetes githagineus,1
Bucanetes mongolicus,NA
Bucephala clangula,1
Buceros bicornis,NA
Bulweria fallax,NA
Burhinus indicus,NA
Butastur indicus,NA
Butastur liventer,NA
Butastur teesa,NA
Buteo buteo,1
Buteo hemilasius,NA
Buteo lagopus,1
Buteo refectus,NA
Buteo rufinus,1
Butorides atricapilla,2
Cacomantis merulinus,1
Cacomantis passerinus,NA
Cacomantis sonneratii,1
Calandrella acutirostris,2
Calandrella brachydactyla,1
Calandrella dukhunensis,NA
Calcarius lapponicus,1
Calidris acuminata,NA
Calidris alba,1
Calidris alpina,3
Calidris canutus,3
Calidris falcinellus,2
Calidris ferruginea,NA
Calidris melanotos,NA
Calidris minuta,NA
Calidris pugnax,NA
Calidris pygmaea,NA
Calidris ruficollis,NA
Calidris subminuta,NA
Calidris subruficollis,NA
Calidris temminckii,NA
Calidris tenuirostris,NA
Callacanthis burtoni,NA
Calliope calliope,NA
Calliope pectardens,NA
Calliope pectoralis,2
Calliope tschebaiewi,NA
Caloenas nicobarica,1
Calonectris borealis,NA
Calonectris leucomelas,NA
Caprimulgus affinis,1
Caprimulgus andamanicus,NA
Caprimulgus asiaticus,1
Caprimulgus atripennis,1
Caprimulgus europaeus,2
Caprimulgus indicus,1
Caprimulgus jotaka,2
Caprimulgus macrurus,2
Caprimulgus mahrattensis,NA
Carduelis caniceps,1
Carpodacus dubius,1
Carpodacus edwardsii,1
Carpodacus erythrinus,4
Carpodacus grandis,NA
Carpodacus pulcherrimus,1
Carpodacus puniceus,3
Carpodacus rodochroa,NA
Carpodacus rodopeplus,NA
Carpodacus rubicilla,1
Carpodacus rubicilloides,1
Carpodacus sillemi,NA
Carpodacus sipahi,NA
Carpodacus stoliczkae,1
Carpodacus subhimachalus,NA
Carpodacus thura,2
Carpodacus trifasciatus,NA
Carpodacus vinaceus,NA
Carpodacus waltoni,1
Carpospiza brachydactyla,NA
Catreus wallichii,NA
Cecropis daurica,5
Cecropis rufula,NA
Centropus andamanensis,NA
Centropus bengalensis,1
Centropus sinensis,3
Cephalopyrus flammiceps,2
Cercotrichas galactotes,1
Certhia discolor,NA
Certhia himalayana,2
Certhia hodgsoni,3
Certhia manipurensis,1
Certhia nipalensis,NA
Ceryle rudis,2
Cettia brunnifrons,3
Cettia castaneocoronata,1
Cettia cetti,1
Cettia major,2
Ceyx erithaca,2
Ceyx rufidorsa,1
Chalcites basalis,NA
Chalcoparia singalensis,1
Chalcophaps indica,3
Charadrius hiaticula,1
Chelidorhynx hypoxanthus,NA
Chlamydotis macqueenii,NA
Chlidonias hybrida,1
Chlidonias leucopterus,NA
Chlidonias niger,1
Chloris ambigua,1
Chloris chloris,1
Chloris spinoides,2
Chloropsis aurifrons,3
Chloropsis hardwickii,1
Chloropsis jerdoni,NA
Chloropsis moluccensis,1
Chroicocephalus brunnicephalus,NA
Chroicocephalus genei,NA
Chroicocephalus ridibundus,NA
Chrysococcyx maculatus,NA
Chrysococcyx xanthorhynchus,1
Chrysocolaptes festivus,1
Chrysocolaptes guttacristatus,2
Chrysocolaptes socialis,NA
Chrysomma altirostre,2
Chrysomma sinense,3
Chrysophlegma flavinucha,2
Ciconia ciconia,2
Ciconia episcopus,1
Ciconia nigra,NA
Cinclidium frontale,2
Cinclus cinclus,3
Cinclus pallasii,2
Cinnyris asiaticus,3
Cinnyris lotenius,1
Cinnyris ornatus,3
Circaetus gallicus,1
Circus aeruginosus,1
Circus cyaneus,NA
Circus macrourus,NA
Circus melanoleucos,NA
Circus pygargus,NA
Circus spilonotus,NA
Cissa chinensis,1
Cisticola exilis,2
Cisticola juncidis,3
Clamator coromandus,NA
Clamator jacobinus,2
Clanga clanga,NA
Clanga hastata,NA
Clangula hyemalis,NA
Coccothraustes coccothraustes,1
Cochoa purpurea,NA
Cochoa viridis,NA
Collocalia affinis,1
Coloeus monedula,1
Columba elphinstonii,NA
Columba eversmanni,NA
Columba hodgsonii,NA
Columba leuconota,2
Columba livia,2
Columba palumboides,NA
Columba palumbus,1
Columba pulchricollis,NA
Columba punicea,NA
Columba rupestris,1
Copsychus albiventris,NA
Copsychus fulicatus,4
Copsychus malabaricus,2
Copsychus saularis,3
Coracias affinis,NA
Coracias benghalensis,2
Coracias garrulus,1
Coracina dobsoni,NA
Coracina javensis,2
Coracina macei,1
Corvus albus,NA
Corvus corax,2
Corvus cornix,1
Corvus corone,1
Corvus frugilegus,1
Corvus macrorhynchos,4
Corvus splendens,3
Coturnix coromandelica,NA
Coturnix coturnix,1
Coturnix japonica,NA
Crex crex,NA
Cuculus canorus,3
Cuculus micropterus,1
Cuculus poliocephalus,NA
Cuculus saturatus,NA
Culicicapa ceylonensis,2
Curruca communis,1
Curruca crassirostris,1
Curruca curruca,4
Curruca mystacea,1
Curruca nana,NA
Curruca nisoria,1
Cursorius coromandelicus,NA
Cursorius cursor,1
Cutia nipalensis,1
Cyanistes cyanus,1
Cyanoderma chrysaeum,2
Cyanoderma pyrrhops,NA
Cyanoderma ruficeps,1
Cyanoderma rufifrons,1
Cyanoptila cumatilis,NA
Cyanoptila cyanomelana,1
Cygnus columbianus,1
Cygnus cygnus,NA
Cygnus olor,NA
Cyornis hainanus,1
Cyornis magnirostris,NA
Cyornis nicobaricus,NA
Cyornis pallidipes,NA
Cyornis poliogenys,3
Cyornis rubeculoides,2
Cyornis tickelliae,1
Cyornis unicolor,1
Cyornis whitei,1
Cypsiurus balasiensis,2
Delichon dasypus,1
Delichon lagopodum,NA
Delichon nipalense,2
Delichon urbicum,1
Dendrocitta bayleii,NA
Dendrocitta formosae,3
Dendrocitta frontalis,NA
Dendrocitta leucogastra,NA
Dendrocitta vagabunda,5
Dendrocopos analis,1
Dendrocopos assimilis,NA
Dendrocopos atratus,NA
Dendrocopos darjellensis,1
Dendrocopos himalayensis,2
Dendrocopos hyperythrus,2
Dendrocopos macei,2
Dendrocopos major,1
Dendrocoptes auriceps,NA
Dendrocygna bicolor,NA
Dendrocygna javanica,NA
Dendronanthus indicus,NA
Dicaeum concolor,NA
Dicaeum cruentatum,1
Dicaeum erythrorhynchos,1
Dicaeum ignipectus,1
Dicaeum minullum,1
Dicaeum virescens,NA
Dicrurus aeneus,1
Dicrurus andamanensis,2
Dicrurus annectens,NA
Dicrurus caerulescens,1
Dicrurus hottentottus,1
Dicrurus leucophaeus,4
Dicrurus macrocercus,2
Dicrurus paradiseus,5
Dicrurus remifer,1
Dinopium benghalense,4
Dinopium javanense,2
Dinopium shorii,1
Dromas ardeola,NA
Dryobates cathpharius,3
Dryocopus hodgei,NA
Dryocopus javensis,1
Ducula aenea,3
Ducula badia,2
Ducula bicolor,NA
Ducula cuprea,NA
Ducula nicobarica,NA
Dumetia atriceps,2
Dumetia hyperythra,2
Egretta eulophotes,NA
Egretta garzetta,1
Egretta gularis,1
Egretta sacra,1
Elachura formosa,NA
Elanus caeruleus,1
Emberiza aureola,2
Emberiza bruniceps,NA
Emberiza buchanani,3
Emberiza chrysophrys,NA
Emberiza cia,2
Emberiza cioides,1
Emberiza citrinella,1
Emberiza fucata,2
Emberiza godlewskii,2
Emberiza hortulana,NA
Emberiza lathami,NA
Emberiza leucocephalos,1
Emberiza melanocephala,NA
Emberiza pusilla,NA
Emberiza rustica,1
Emberiza rutila,NA
Emberiza schoeniclus,1
Emberiza spodocephala,1
Emberiza stewarti,NA
Emberiza striolata,1
Emberiza tristrami,NA
Enicurus immaculatus,NA
Enicurus leschenaulti,1
Enicurus maculatus,2
Enicurus schistaceus,NA
Enicurus scouleri,1
Eophona migratoria,1
Ephippiorhynchus asiaticus,1
Eremophila alpestris,4
Eremopterix griseus,NA
Eremopterix nigriceps,1
Erpornis zantholeuca,1
Erythrogenys erythrogenys,2
Erythrogenys hypoleucos,1
Erythrogenys mcclellandi,NA
Erythrura prasina,1
Esacus magnirostris,NA
Esacus recurvirostris,NA
Eudynamys scolopaceus,2
Eumyias albicaudatus,NA
Eumyias thalassinus,1
Euodice malabarica,NA
Eurystomus orientalis,3
Falco amurensis,NA
Falco cherrug,2
Falco chicquera,1
Falco columbarius,3
Falco jugger,NA
Falco naumanni,NA
Falco peregrinus,5
Falco severus,NA
Falco subbuteo,1
Falco tinnunculus,3
Falco vespertinus,NA
Ficedula albicilla,NA
Ficedula erithacus,NA
Ficedula hodgsoni,1
Ficedula hyperythra,1
Ficedula mugimaki,NA
Ficedula nigrorufa,NA
Ficedula parva,NA
Ficedula ruficauda,NA
Ficedula sapphira,1
Ficedula strophiata,1
Ficedula subrubra,NA
Ficedula superciliaris,2
Ficedula tricolor,3
Ficedula westermanni,2
Ficedula zanthopygia,NA
Francolinus francolinus,3
Francolinus pictus,2
Francolinus pintadeanus,1
Fregata andrewsi,NA
Fregata ariel,2
Fregata minor,1
Fregetta tropica,1
Fringilla coelebs,1
Fringilla montifringilla,NA
Fulica atra,1
Fulvetta ludlowi,NA
Fulvetta manipurensis,1
Fulvetta vinipectus,5
Galerida cristata,3
Galerida deva,NA
Galerida malabarica,NA
Gallicrex cinerea,NA
Gallinago gallinago,1
Gallinago media,NA
Gallinago megala,NA
Gallinago nemoricola,NA
Gallinago solitaria,1
Gallinago stenura,NA
Gallinula chloropus,2
Galloperdix lunulata,NA
Galloperdix spadicea,3
Gallus gallus,2
Gallus sonneratii,NA
Gampsorhynchus rufulus,NA
Garrulax leucolophus,2
Garrulax merulinus,1
Garrulax monileger,2
Garrulus glandarius,4
Garrulus lanceolatus,NA
Gavia arctica,1
Gavia stellata,NA
Gecinulus grantia,1
Gelochelidon nilotica,2
Geokichla citrina,5
Geokichla sibirica,2
Geokichla wardii,NA
Glareola lactea,NA
Glareola maldivarum,NA
Glareola pratincola,1
Glaucidium cuculoides,3
Glaucidium radiatum,2
Gorsachius melanolophus,2
Gracula indica,NA
Gracula religiosa,3
Gracupica contra,3
Graminicola bengalensis,NA
Grammatoptila striata,4
Grandala coelicolor,NA
Grus grus,NA
Grus nigricollis,NA
Grus virgo,NA
Gygis candida,1
Gymnoris xanthocollis,2
Gypaetus barbatus,1
Gyps bengalensis,NA
Gyps fulvus,1
Gyps himalayensis,NA
Gyps indicus,NA
Gyps tenuirostris,NA
Gypsophila brevicaudata,1
Haematopus ostralegus,2
Halcyon coromanda,2
Halcyon pileata,NA
Halcyon smyrnensis,4
Haliaeetus albicilla,1
Haliaeetus leucoryphus,NA
Haliastur indus,1
Harpactes erythrocephalus,2
Harpactes fasciatus,2
Harpactes wardi,NA
Heliopais personatus,NA
Helopsaltes certhiola,3
Hemicircus canente,NA
Hemiprocne coronata,NA
Hemipus picatus,2
Hemitesia pallidipes,2
Hemixos flavala,1
Heterophasia capistrata,3
Heterophasia gracilis,NA
Heterophasia picaoides,1
Heterophasia pulchella,2
Heteroxenicus stellatus,1
Hieraaetus pennatus,NA
Hierococcyx nisicolor,NA
Hierococcyx sparverioides,NA
Hierococcyx varius,1
Himantopus himantopus,NA
Hippolais icterina,NA
Hirundapus caudacutus,2
Hirundapus cochinchinensis,2
Hirundapus giganteus,1
Hirundo domicola,NA
Hirundo javanica,1
Hirundo rustica,3
Hirundo smithii,1
Horornis brunnescens,NA
Horornis canturians,1
Horornis flavolivaceus,3
Horornis fortipes,2
Houbaropsis bengalensis,1
Hydrobates monorhis,NA
Hydrocoloeus minutus,NA
Hydrophasianus chirurgus,NA
Hydroprogne caspia,NA
Hydrornis cyaneus,1
Hydrornis nipalensis,1
Hypocolius ampelinus,NA
Hypothymis azurea,4
Hypsipetes ganeesa,1
Hypsipetes leucocephalus,3
Hypsipetes nicobariensis,NA
Ianthocincla cineracea,1
Ianthocincla ocellata,2
Ianthocincla rufogularis,5
Ibidorhyncha struthersii,NA
Ichthyaetus hemprichii,NA
Ichthyaetus ichthyaetus,NA
Ichthyaetus leucophthalmus,NA
Icthyophaga humilis,1
Icthyophaga ichthyaetus,NA
Icthyophaga leucogaster,NA
Ictinaetus malaiensis,1
Iduna caligata,NA
Iduna rama,NA
Indicator xanthonotus,2
Iole cacharensis,NA
Iole propinqua,1
Irena puella,2
Ithaginis cruentus,4
Ixos mcclellandii,1
Jynx torquilla,4
Ketupa coromanda,1
Ketupa flavipes,NA
Ketupa ketupu,1
Ketupa nipalensis,1
Ketupa zeylonensis,2
Lalage melanoptera,2
Lalage melaschistos,1
Lalage nigra,1
Lanius collurio,NA
Lanius collurioides,1
Lanius cristatus,4
Lanius excubitor,4
Lanius giganteus,NA
Lanius isabellinus,3
Lanius minor,NA
Lanius nubicus,NA
Lanius phoenicuroides,NA
Lanius schach,3
Lanius senator,1
Lanius tephronotus,2
Lanius tigrinus,NA
Lanius vittatus,1
Larus cachinnans,NA
Larus canus,1
Larus fuscus,3
Larus mongolicus,NA
Larvivora brunnea,1
Larvivora cyane,1
Laticilla burnesii,1
Laticilla cinerascens,NA
Leiopicus mahrattensis,2
Leioptila annectens,1
Leiothrix argentauris,3
Leiothrix lutea,2
Leptocoma brasiliana,1
Leptocoma minima,NA
Leptocoma zeylonica,1
Leptopoecile elegans,NA
Leptopoecile sophiae,2
Leptoptilos dubius,NA
Leptoptilos javanicus,NA
Lerwa lerwa,NA
Leucogeranus leucogeranus,NA
Leucophaeus atricilla,1
Leucophaeus pipixcan,NA
Leucoptilon concretum,1
Leucosticte brandti,3
Leucosticte nemoricola,2
Lewinia striata,2
Limnodromus scolopaceus,NA
Limnodromus semipalmatus,NA
Limosa lapponica,3
Limosa limosa,2
Linaria cannabina,1
Linaria flavirostris,2
Liocichla bugunorum,NA
Liocichla phoenicea,2
Lioparus chrysotis,2
Locustella davidi,1
Locustella kashmirensis,NA
Locustella lanceolata,NA
Locustella luteoventris,NA
Locustella major,1
Locustella mandelli,1
Locustella naevia,2
Locustella tacsanowskia,NA
Locustella thoracica,1
Lonchura atricapilla,2
Lonchura kelaarti,2
Lonchura malacca,NA
Lonchura punctulata,2
Lonchura striata,4
Lophophanes dichrous,2
Lophophorus impejanus,NA
Lophophorus sclateri,2
Lophospiza trivirgata,2
Lophotriorchis kienerii,1
Lophura leucomelanos,5
Loriculus vernalis,1
Loxia curvirostra,1
Luscinia phaenicuroides,1
Luscinia svecica,4
Lymnocryptes minimus,NA
Lyncornis macrotis,2
Machlolophus aplonotus,2
Machlolophus nuchalis,NA
Machlolophus spilonotus,2
Machlolophus xanthogenys,NA
Macropygia rufipennis,2
Macropygia unchall,1
Malacocincla abbotti,2
Mareca falcata,NA
Mareca penelope,NA
Mareca strepera,1
Marmaronetta angustirostris,NA
Megaceryle lugubris,2
Megalurus palustris,1
Megapodius nicobariensis,2
Melanochlora sultanea,1
Melanocorypha bimaculata,NA
Melanocorypha maxima,NA
Mergellus albellus,NA
Mergus merganser,2
Mergus serrator,NA
Merops apiaster,NA
Merops leschenaulti,2
Merops orientalis,3
Merops persicus,1
Merops philippinus,NA
Merops viridis,NA
Metopidius indicus,NA
Microcarbo niger,NA
Microhierax caerulescens,2
Microhierax melanoleucos,NA
Micropternus brachyurus,3
Microtarsus fuscoflavescens,NA
Microtarsus melanocephalos,1
Microtarsus priocephalus,NA
Milvus migrans,3
Milvus milvus,1
Minla ignotincta,1
Mirafra javanica,1
Mixornis gularis,1
Montecincla cachinnans,NA
Montecincla fairbanki,NA
Montecincla jerdoni,NA
Montecincla meridionalis,NA
Monticola cinclorhyncha,NA
Monticola gularis,NA
Monticola rufiventris,NA
Monticola saxatilis,NA
Monticola solitarius,3
Montifringilla adamsi,1
Motacilla alba,7
Motacilla cinerea,1
Motacilla citreola,3
Motacilla flava,5
Motacilla maderaspatensis,NA
Motacilla tschutschensis,3
Mulleripicus pulverulentus,2
Muscicapa dauurica,1
Muscicapa ferruginea,NA
Muscicapa griseisticta,NA
Muscicapa muttui,NA
Muscicapa sibirica,2
Muscicapa striata,3
Mycerobas affinis,NA
Mycerobas carnipes,1
Mycerobas icterioides,NA
Mycerobas melanozanthos,NA
Mycteria leucocephala,NA
Myiomela leucura,1
Myophonus caeruleus,2
Myophonus horsfieldii,NA
Myzornis pyrrhoura,NA
Napothera epilepidota,2
Napothera malacoptila,NA
Neophron percnopterus,2
Netta rufina,NA
Nettapus coromandelianus,1
Niltava grandis,1
Niltava macgrigoriae,2
Niltava oatesi,NA
Niltava sundara,2
Ninox affinis,NA
Ninox obscura,NA
Ninox scutulata,5
Nisaetus cirrhatus,3
Nisaetus kelaarti,NA
Nisaetus nipalensis,1
Nucifraga hemispila,2
Nucifraga multipunctata,NA
Numenius arquata,3
Numenius phaeopus,4
Nycticorax nycticorax,1
Nyctyornis athertoni,1
Oceanites oceanicus,1
Ocyceros birostris,NA
Ocyceros griseus,NA
Oena capensis,1
Oenanthe albonigra,NA
Oenanthe chrysopygia,NA
Oenanthe deserti,2
Oenanthe finschii,1
Oenanthe fusca,NA
Oenanthe isabellina,NA
Oenanthe oenanthe,2
Oenanthe picata,NA
Oenanthe pleschanka,NA
Onychoprion anaethetus,1
Onychoprion fuscatus,1
Onychostruthus taczanowskii,NA
Ophrysia superciliosa,NA
Oriolus chinensis,3
Oriolus kundoo,NA
Oriolus oriolus,NA
Oriolus tenuirostris,1
Oriolus traillii,1
Oriolus xanthornus,3
Oroanassa magnifica,NA
Orthotomus atrogularis,1
Orthotomus sutorius,3
Ortygornis gularis,NA
Ortygornis pondicerianus,2
Otus alius,NA
Otus bakkamoena,4
Otus balli,NA
Otus brucei,1
Otus lettia,2
Otus scops,2
Otus spilocephalus,2
Otus sunia,4
Oxyura leucocephala,NA
Pachycephala cinerea,1
Pachyglossa agilis,2
Pachyglossa chrysorrhea,1
Pachyglossa melanozantha,NA
Pandion haliaetus,1
Paradoxornis aemodius,NA
Paradoxornis bakeri,1
Paradoxornis flavirostris,NA
Paradoxornis gularis,3
Paradoxornis guttaticollis,NA
Paradoxornis ruficeps,NA
Paradoxornis unicolor,NA
Parus cinereus,5
Parus monticolus,2
Passer cinnamomeus,2
Passer domesticus,3
Passer hispaniolensis,1
Passer montanus,4
Passer pyrrhonotus,NA
Pastor roseus,NA
Pavo cristatus,NA
Pavo muticus,1
Pelagodroma marina,1
Pelargopsis amauroptera,NA
Pelargopsis capensis,3
Pelecanus crispus,NA
Pelecanus onocrotalus,NA
Pelecanus philippensis,NA
Pellorneum albiventre,2
Pellorneum palustre,NA
Pellorneum ruficeps,9
Pellorneum tickelli,1
Perdicula argoondah,3
Perdicula asiatica,4
Perdicula erythrorhyncha,2
Perdicula manipurensis,2
Perdix hodgsoniae,2
Pericrocotus brevirostris,2
Pericrocotus cantonensis,NA
Pericrocotus cinnamomeus,5
Pericrocotus divaricatus,NA
Pericrocotus erythropygius,NA
Pericrocotus ethologus,4
Pericrocotus flammeus,NA
Pericrocotus roseus,NA
Pericrocotus solaris,1
Pericrocotus speciosus,4
Periparus ater,2
Periparus rubidiventris,2
Periparus rufonuchalis,NA
Pernis apivorus,NA
Pernis ptilorhynchus,2
Petrochelidon fluvicola,NA
Petronia petronia,1
Phaenicophaeus tristis,1
Phaenicophaeus viridirostris,NA
Phaethon aethereus,1
Phaethon lepturus,2
Phaethon rubricauda,1
Phalacrocorax carbo,1
Phalacrocorax fuscicollis,NA
Phalaropus fulicarius,NA
Phalaropus lobatus,NA
Phodilus assimilis,1
Phodilus badius,1
Phoebetria palpebrata,NA
Phoeniconaias minor,NA
Phoenicopterus roseus,NA
Phoenicurus auroreus,1
Phoenicurus coeruleocephala,NA
Phoenicurus erythrogastrus,1
Phoenicurus erythronotus,NA
Phoenicurus frontalis,NA
Phoenicurus fuliginosus,1
Phoenicurus hodgsoni,NA
Phoenicurus leucocephalus,NA
Phoenicurus ochruros,2
Phoenicurus phoenicurus,2
Phoenicurus schisticeps,NA
Phyllergates cucullatus,1
Phylloscopus affinis,2
Phylloscopus borealis,NA
Phylloscopus borealoides,NA
Phylloscopus burkii,NA
Phylloscopus cantator,1
Phylloscopus castaniceps,1
Phylloscopus chloronotus,2
Phylloscopus claudiae,NA
Phylloscopus collybita,2
Phylloscopus forresti,NA
Phylloscopus fuligiventer,3
Phylloscopus fuscatus,1
Phylloscopus griseolus,NA
Phylloscopus humei,2
Phylloscopus inornatus,NA
Phylloscopus intermedius,1
Phylloscopus maculipennis,2
Phylloscopus magnirostris,NA
Phylloscopus neglectus,NA
Phylloscopus nitidus,NA
Phylloscopus occipitalis,NA
Phylloscopus plumbeitarsus,NA
Phylloscopus poliogenys,NA
Phylloscopus proregulus,NA
Phylloscopus pulcher,2
Phylloscopus reguloides,3
Phylloscopus sibilatrix,NA
Phylloscopus sindianus,1
Phylloscopus subaffinis,NA
Phylloscopus subviridis,NA
Phylloscopus tenellipes,NA
Phylloscopus tephrocephalus,NA
Phylloscopus trochiloides,3
Phylloscopus trochilus,1
Phylloscopus tytleri,NA
Phylloscopus valentini,1
Phylloscopus whistleri,2
Phylloscopus xanthoschistos,5
Phylloscopus yunnanensis,NA
Pica bottanensis,NA
Pica pica,1
Picumnus innominatus,2
Picus canus,3
Picus chlorolophus,3
Picus squamatus,1
Picus xanthopygaeus,NA
Pitta abbotti,NA
Pitta brachyura,NA
Pitta megarhyncha,NA
Pitta moluccensis,NA
Pitta sordida,1
Platalea leucorodia,1
Plegadis falcinellus,NA
Plocealauda affinis,NA
Plocealauda assamica,NA
Plocealauda erythroptera,NA
Ploceus benghalensis,NA
Ploceus manyar,2
Ploceus megarhynchus,2
Ploceus philippinus,3
Pluvialis apricaria,1
Pluvialis dominica,NA
Pluvialis fulva,NA
Pluvialis squatarola,NA
Pnoepyga albiventer,2
Pnoepyga immaculata,NA
Pnoepyga pusilla,1
Podiceps auritus,1
Podiceps cristatus,1
Podiceps grisegena,1
Podiceps nigricollis,1
Poliolimnas cinereus,NA
Polyplectron bicalcaratum,NA
Pomatorhinus ferruginosus,NA
Pomatorhinus horsfieldii,4
Pomatorhinus ochraceiceps,2
Pomatorhinus phayrei,2
Pomatorhinus ruficollis,3
Pomatorhinus schisticeps,5
Pomatorhinus superciliaris,2
Porphyrio poliocephalus,1
Porzana porzana,NA
Prinia atrogularis,NA
Prinia buchanani,NA
Prinia cinereocapilla,NA
Prinia crinigera,2
Prinia flaviventris,2
Prinia hodgsonii,3
Prinia inornata,4
Prinia khasiana,NA
Prinia lepida,2
Prinia rufescens,1
Prinia socialis,3
Prinia superciliaris,1
Prinia sylvatica,4
Procarduelis nipalensis,2
Prunella atrogularis,2
Prunella collaris,3
Prunella fulvescens,3
Prunella himalayana,NA
Prunella immaculata,NA
Prunella rubeculoides,2
Prunella strophiata,2
Psarisomus dalhousiae,1
Pseudibis papillosa,NA
Pseudopodoces humilis,NA
Psilopogon asiaticus,1
Psilopogon cyanotis,1
Psilopogon franklinii,1
Psilopogon haemacephalus,1
Psilopogon lineatus,1
Psilopogon malabaricus,NA
Psilopogon virens,3
Psilopogon viridis,NA
Psilopogon zeylanicus,3
Psittacula alexandri,2
Psittacula caniceps,NA
Psittacula columboides,NA
Psittacula cyanocephala,NA
Psittacula derbiana,NA
Psittacula eupatria,4
Psittacula finschii,NA
Psittacula himalayana,NA
Psittacula krameri,2
Psittacula longicauda,2
Psittacula roseata,1
Pterocles alchata,1
Pterocles exustus,1
Pterocles indicus,NA
Pterocles orientalis,1
Pterocles senegallus,NA
Pterodroma baraui,NA
Pterorhinus albogularis,2
Pterorhinus caerulatus,3
Pterorhinus delesserti,NA
Pterorhinus galbanus,NA
Pterorhinus gularis,NA
Pterorhinus nuchalis,NA
Pterorhinus pectoralis,1
Pterorhinus ruficollis,NA
Pterorhinus sannio,1
Pterorhinus woodi,NA
Pteruthius aeralatus,2
Pteruthius intermedius,1
Pteruthius melanotis,1
Pteruthius rufiventer,NA
Pteruthius xanthochlorus,3
Ptyonoprogne concolor,1
Ptyonoprogne rupestris,NA
Pucrasia macrolopha,5
Puffinus bailloni,1
Puffinus persicus,1
Pycnonotus cafer,6
Pycnonotus flavescens,1
Pycnonotus jocosus,6
Pycnonotus leucogenys,NA
Pycnonotus leucotis,1
Pycnonotus luteolus,1
Pycnonotus xantholaemus,NA
Pyrgilauda blanfordi,1
Pyrgilauda ruficollis,1
Pyrrhocorax graculus,1
Pyrrhocorax pyrrhocorax,2
Pyrrhoplectes epauletta,NA
Pyrrhula aurantiaca,NA
Pyrrhula erythaca,1
Pyrrhula erythrocephala,NA
Pyrrhula nipalensis,3
Rallina canningi,NA
Rallina eurizonoides,1
Rallina fasciata,NA
Rallus aquaticus,1
Rallus indicus,NA
Recurvirostra avosetta,NA
Regulus regulus,3
Remiz coronatus,1
Rhinoptilus bitorquatus,NA
Rhipidura albicollis,4
Rhipidura albogularis,2
Rhipidura aureola,3
Rhodonessa caryophyllacea,NA
Rhodopechys sanguineus,NA
Rhodospiza obsoleta,NA
Rhyticeros narcondami,NA
Rhyticeros undulatus,NA
Riparia chinensis,1
Riparia diluta,3
Riparia riparia,2
Rissa tridactyla,2
Rostratula benghalensis,NA
Rubigula flaviventris,1
Rubigula gularis,NA
Rynchops albicollis,NA
Salpornis spilonota,2
Sarcogyps calvus,NA
Sarkidiornis melanotos,NA
Saroglossa spilopterus,NA
Sasia ochracea,2
Saxicola caprata,4
Saxicola ferreus,2
Saxicola insignis,NA
Saxicola jerdoni,NA
Saxicola leucurus,NA
Saxicola macrorhynchus,NA
Saxicola maurus,3
Saxicola rubetra,NA
Saxicola stejnegeri,NA
Schoenicola platyurus,NA
Schoenicola striatus,NA
Schoeniparus castaneceps,1
Schoeniparus cinereus,NA
Schoeniparus dubius,1
Schoeniparus rufogularis,2
Scolopax rusticola,NA
Serilophus rubropygius,NA
Serinus pusillus,NA
Sholicola albiventris,2
Sholicola major,NA
Sibirionetta formosa,NA
Sitta cashmirensis,NA
Sitta castanea,NA
Sitta cinnamoventris,3
Sitta formosa,NA
Sitta frontalis,1
Sitta himalayensis,NA
Sitta leucopsis,NA
Sitta nagaensis,2
Sitta yunnanensis,NA
Spatula clypeata,NA
Spatula querquedula,NA
Spelaeornis badeigularis,NA
Spelaeornis caudatus,NA
Spelaeornis chocolatinus,NA
Spelaeornis longicaudatus,NA
Spelaeornis oatesi,NA
Spelaeornis troglodytoides,3
Spilopelia chinensis,2
Spilopelia senegalensis,2
Spilornis cheela,4
Spilornis elgini,NA
Spilornis klossi,NA
Spinus spinus,NA
Spinus thibetanus,NA
Spizixos canifrons,1
Spodiopsar cineraceus,NA
Spodiopsar sericeus,NA
Stachyris humei,NA
Stachyris nigriceps,3
Stachyris oglei,NA
Stachyris roberti,NA
Staphida castaniceps,3
Stercorarius antarcticus,1
Stercorarius longicaudus,1
Stercorarius maccormicki,NA
Stercorarius parasiticus,NA
Stercorarius pomarinus,NA
Sterna acuticauda,NA
Sterna aurantia,NA
Sterna dougallii,2
Sterna hirundo,3
Sterna paradisaea,NA
Sterna repressa,NA
Sterna sumatrana,2
Sternula albifrons,2
Sternula saundersi,NA
Streptopelia decaocto,NA
Streptopelia orientalis,4
Streptopelia tranquebarica,2
Streptopelia turtur,1
Strix aluco,1
Strix leptogrammica,2
Strix nivicolum,1
Strix ocellata,3
Sturnia blythii,NA
Sturnia erythropygia,3
Sturnia malabarica,2
Sturnia pagodarum,NA
Sturnia sinensis,NA
Sturnus vulgaris,5
Sula dactylatra,2
Sula leucogaster,1
Sula sula,1
Surniculus dicruroides,1
Surniculus lugubris,1
Suthora atrosuperciliaris,2
Suthora fulvifrons,2
Suthora nipalensis,5
Sylvia atricapilla,1
Sylvia borin,1
Sylviparus modestus,2
Synoicus chinensis,2
Sypheotides indicus,NA
Syrmaticus humiae,1
Syrrhaptes paradoxus,NA
Syrrhaptes tibetanus,NA
Taccocua leschenaultii,3
Tachybaptus ruficollis,2
Tachymarptis melba,4
Tachyspiza badia,4
Tachyspiza brevipes,NA
Tachyspiza butleri,2
Tachyspiza gularis,1
Tachyspiza soloensis,NA
Tachyspiza virgata,3
Tadorna ferruginea,NA
Tadorna tadorna,NA
Taenioptynx brodiei,1
Tarsiger chrysaeus,2
Tarsiger cyanurus,NA
Tarsiger hyperythrus,NA
Tarsiger indicus,1
Tarsiger rufilatus,2
Tephrodornis pondicerianus,2
Tephrodornis sylvicola,NA
Tephrodornis virgatus,1
Terpsiphone affinis,2
Terpsiphone incei,NA
Terpsiphone paradisi,2
Tesia cyaniventer,NA
Tesia olivea,1
Tetraogallus himalayensis,1
Tetraogallus tibetanus,3
Tetrax tetrax,NA
Thalasseus bengalensis,1
Thalasseus bergii,3
Thalasseus sandvicensis,NA
Thinornis dubius,2
Thinornis placidus,NA
Threskiornis melanocephalus,NA
Tichodroma muraria,1
Tickellia hodgsoni,1
Timalia pileata,1
Todiramphus chloris,4
Tragopan blythii,2
Tragopan melanocephalus,NA
Tragopan satyra,NA
Tragopan temminckii,NA
Treron affinis,NA
Treron apicauda,1
Treron bicinctus,1
Treron chloropterus,NA
Treron curvirostra,1
Treron phayrei,2
Treron phoenicopterus,2
Treron sphenurus,1
Tringa brevipes,NA
Tringa erythropus,NA
Tringa glareola,NA
Tringa guttifer,NA
Tringa nebularia,NA
Tringa ochropus,NA
Tringa stagnatilis,NA
Tringa totanus,5
Trochalopteron affine,2
Trochalopteron austeni,2
Trochalopteron chrysopterum,4
Trochalopteron elliotii,1
Trochalopteron erythrocephalum,2
Trochalopteron imbricatum,NA
Trochalopteron lineatum,3
Trochalopteron squamatum,NA
Trochalopteron subunicolor,1
Trochalopteron variegatum,2
Trochalopteron virgatum,NA
Troglodytes troglodytes,2
Turdus albocinctus,NA
Turdus atrogularis,NA
Turdus boulboul,NA
Turdus cardis,NA
Turdus dissimilis,NA
Turdus eunomus,NA
Turdus feae,NA
Turdus kessleri,NA
Turdus mandarinus,NA
Turdus maximus,NA
Turdus mupinensis,NA
Turdus naumanni,NA
Turdus obscurus,NA
Turdus philomelos,1
Turdus pilaris,NA
Turdus rubrocanus,2
Turdus ruficollis,NA
Turdus simillimus,3
Turdus unicolor,NA
Turdus viscivorus,1
Turnix suscitator,3
Turnix sylvaticus,1
Turnix tanki,2
Tyto deroepstorffi,NA
Tyto javanica,1
Tyto longimembris,1
Upupa epops,3
Urocissa erythroryncha,2
Urocissa flavirostris,3
Urosphena squameiceps,NA
Vanellus cinereus,NA
Vanellus duvaucelii,NA
Vanellus gregarius,NA
Vanellus indicus,2
Vanellus leucurus,NA
Vanellus malabaricus,NA
Vanellus vanellus,NA
Xema sabini,1
Xenus cinereus,NA
Yuhina bakeri,NA
Yuhina flavicollis,3
Yuhina gularis,2
Yuhina nigrimenta,NA
Yuhina occipitalis,1
Yungipicus canicapillus,3
Yungipicus nanus,3
Zapornia akool,1
Zapornia bicolor,NA
Zapornia fusca,2
Zapornia parva,NA
Zapornia paykullii,NA
Zapornia pusilla,1
Zoonavena sylvatica,NA
Zoothera aurea,1
Zoothera dauma,1
Zoothera dixoni,NA
Zoothera marginata,NA
Zoothera mollissima,NA
Zoothera monticola,1
Zoothera neilgherriensis,NA
Zoothera salimalii,NA
Zosterops erythropleurus,NA
Zosterops palpebrosus,5