EnglishName,CriteriaA_Category,CriteriaA_String,Decline,DeclineMean,DeclineLci,Years3GEN,StartYear,EndYear,OrgStartYear,OrgEndYear,ActualDecline,Method,Reversible,ReasonUnderstood,ReasonCeased,A_a,A_b,A_c,A_d,A_e,DirectObservation,AbundanceIndex,EOODecline,AOODecline,HabitatQuality,Exploitation,OtherEffects,SeverityScore,MethodScore
Ashy-crowned Sparrow-Lark,NT,A2b+ A4b,25,28,31,10,2015,2025,2015,2025,"-3.23% (-2.79, -3.68)",Inferred,0,0,0,FALSE,TRUE,FALSE,FALSE,FALSE,0,1,0,0,0,0,0,1,1
Asian Brown Flycatcher,NA,A2b+ A4b,14,19,24,10,2015,2025,2015,2025,"-2.09% (-1.52, -2.67)",Inferred,0,0,0,FALSE,TRUE,FALSE,FALSE,FALSE,0,1,0,0,0,0,0,0,1
Bank Myna,VU,A2b+ A4b,36,41,45,10,2015,2025,2015,2025,"-5.1% (-4.44, -5.76)",Inferred,0,0,0,FALSE,TRUE,FALSE,FALSE,FALSE,0,1,0,0,0,0,0,2,1
Barn Swallow,NT,A4b,25,35,43,11,2015,2026,2015,2025,"-3.78% (-2.61, -4.94)",Inferred,0,0,0,FALSE,TRUE,FALSE,FALSE,FALSE,0,1,0,0,0,0,0,1,1
Black Redstart,NA,A2b+ A4b,13,20,26,10,2015,2025,2015,2025,"-2.19% (-1.41, -2.97)",Inferred,0,0,0,FALSE,TRUE,FALSE,FALSE,FALSE,0,1,0,0,0,0,0,0,1
Black-crested Bulbul,NT,A4b,22,33,43,12,2015,2027,2015,2025,"-3.29% (-2.05, -4.54)",Inferred,0,0,0,FALSE,TRUE,FALSE,FALSE,FALSE,0,1,0,0,0,0,0,1,1
Black-naped Oriole,VU,A4b,31,43,54,12,2015,2027,2015,2025,"-4.64% (-3, -6.29)",Inferred,0,0,0,FALSE,TRUE,FALSE,FALSE,FALSE,0,1,0,0,0,0,0,2,1
Black-tailed Godwit,NT,A4b,30,42,52,19,2015,2034,2015,2025,"-2.82% (-1.85, -3.8)",Inferred,0,0,0,FALSE,TRUE,FALSE,FALSE,FALSE,0,1,0,0,0,0,0,1,1
Black-winged Kite,VU,A4b,31,38,44,14,2015,2029,2015,2025,"-3.34% (-2.6, -4.09)",Inferred,0,0,0,FALSE,TRUE,FALSE,FALSE,FALSE,0,1,0,0,0,0,0,2,1
Blue Rock-Thrush,NA,A2b+ A4b,14,20,25,10,2015,2025,2015,2025,"-2.17% (-1.47, -2.86)",Inferred,0,0,0,FALSE,TRUE,FALSE,FALSE,FALSE,0,1,0,0,0,0,0,0,1
Blue-capped Rock-Thrush,NA,A2b+ A4b,16,27,37,10,2015,2025,2015,2025,"-3.13% (-1.72, -4.54)",Inferred,0,0,0,FALSE,TRUE,FALSE,FALSE,FALSE,0,1,0,0,0,0,0,0,1
Brown Dipper,VU,A2b+ A4b,31,40,49,10,2015,2025,2015,2025,"-5.06% (-3.66, -6.46)",Inferred,0,0,0,FALSE,TRUE,FALSE,FALSE,FALSE,0,1,0,0,0,0,0,2,1
Cheer Pheasant,NA,A3cd,0,0,0,18,2025,2043,2025,2050,"-1% (-1 , -1)",Projected,1,1,0,FALSE,FALSE,TRUE,TRUE,FALSE,0,0,0,0,1,1,0,0,0
Chestnut-bellied Rock-Thrush,NT,A2b+ A4b,22,34,44,10,2015,2025,2015,2025,"-4.02% (-2.42, -5.63)",Inferred,0,0,0,FALSE,TRUE,FALSE,FALSE,FALSE,0,1,0,0,0,0,0,1,1
Common Babbler,NT,A4b,25,44,59,17,2015,2032,2015,2025,"-3.4% (-1.66, -5.13)",Inferred,0,0,0,FALSE,TRUE,FALSE,FALSE,FALSE,0,1,0,0,0,0,0,1,1
Common Kestrel,VU,A4b,42,52,60,18,2015,2033,2015,2025,"-3.96% (-3.02, -4.91)",Inferred,0,0,0,FALSE,TRUE,FALSE,FALSE,FALSE,0,1,0,0,0,0,0,2,1
Common Merganser,VU,A4b,41,56,68,19,2015,2034,2015,2025,"-4.25% (-2.7, -5.8)",Inferred,0,0,0,FALSE,TRUE,FALSE,FALSE,FALSE,0,1,0,0,0,0,0,2,1
Common Pochard,VU,A4bd,39,50,59,17,2015,2032,2015,2033,"-53% (-41 , -62)",Projected,1,0,0,FALSE,TRUE,FALSE,TRUE,FALSE,0,1,0,0,0,1,0,2,0
Common Redshank,NT,A4b,24,32,39,17,2015,2032,2015,2025,"-2.24% (-1.57, -2.9)",Inferred,0,0,0,FALSE,TRUE,FALSE,FALSE,FALSE,0,1,0,0,0,0,0,1,1
Common Rosefinch,NA,A2b+ A4b,16,27,38,10,2015,2025,2015,2025,"-3.16% (-1.69, -4.63)",Inferred,0,0,0,FALSE,TRUE,FALSE,FALSE,FALSE,0,1,0,0,0,0,0,0,1
Common Sandpiper,NT,A4b,21,26,32,14,2015,2029,2015,2025,"-2.17% (-1.64, -2.7)",Inferred,0,0,0,FALSE,TRUE,FALSE,FALSE,FALSE,0,1,0,0,0,0,0,1,1
Common Starling,VU,A4b,38,48,57,16,2015,2031,2015,2025,"-4% (-2.92, -5.08)",Inferred,0,0,0,FALSE,TRUE,FALSE,FALSE,FALSE,0,1,0,0,0,0,0,2,1
Common Teal,VU,A4b,31,47,60,17,2015,2032,2015,2025,"-3.68% (-2.15, -5.21)",Inferred,0,0,0,FALSE,TRUE,FALSE,FALSE,FALSE,0,1,0,0,0,0,0,2,1
Crested Lark,NA,A2b+ A4b,19,28,36,10,2015,2025,2015,2025,"-3.23% (-2.08, -4.38)",Inferred,0,0,0,FALSE,TRUE,FALSE,FALSE,FALSE,0,1,0,0,0,0,0,0,1
Crimson Sunbird,NT,A2b+ A4b,26,38,48,10,2015,2025,2015,2025,"-4.66% (-2.91, -6.41)",Inferred,0,0,0,FALSE,TRUE,FALSE,FALSE,FALSE,0,1,0,0,0,0,0,1,1
Desert Wheatear,NA,A2b+ A4b,14,21,27,10,2015,2025,2015,2025,"-2.33% (-1.51, -3.15)",Inferred,0,0,0,FALSE,TRUE,FALSE,FALSE,FALSE,0,1,0,0,0,0,0,0,1
Eurasian Coot,NT,A4b,28,37,44,14,2015,2029,2015,2025,"-3.2% (-2.32, -4.09)",Inferred,0,0,0,FALSE,TRUE,FALSE,FALSE,FALSE,0,1,0,0,0,0,0,1,1
Forest Wagtail,NT,A2b+ A4b,23,29,35,10,2015,2025,2015,2025,"-3.37% (-2.55, -4.19)",Inferred,0,0,0,FALSE,TRUE,FALSE,FALSE,FALSE,0,1,0,0,0,0,0,1,1
Gadwall,NA,A4b,20,31,39,13,2015,2028,2015,2025,"-2.77% (-1.75, -3.79)",Inferred,0,0,0,FALSE,TRUE,FALSE,FALSE,FALSE,0,1,0,0,0,0,0,0,1
Garganey,VU,A4b,34,49,61,13,2015,2028,2015,2025,"-5.04% (-3.15, -6.92)",Inferred,0,0,0,FALSE,TRUE,FALSE,FALSE,FALSE,0,1,0,0,0,0,0,2,1
Golden-fronted Leafbird,NA,A2b+ A4b,15,22,27,10,2015,2025,2015,2025,"-2.39% (-1.64, -3.15)",Inferred,0,0,0,FALSE,TRUE,FALSE,FALSE,FALSE,0,1,0,0,0,0,0,0,1
Great Indian Bustard,EN,A2acd,79,81,83,37,1969,2006,1969,2018,"-89% (-88 , -91)",Estimated,1,1,0,TRUE,FALSE,TRUE,TRUE,FALSE,1,0,1,1,1,1,0,3,0
Grey Bushchat,NA,A2b+ A4b,14,23,30,10,2015,2025,2015,2025,"-2.53% (-1.5, -3.57)",Inferred,0,0,0,FALSE,TRUE,FALSE,FALSE,FALSE,0,1,0,0,0,0,0,0,1
Hair-crested Drongo,NT,A4b,25,33,41,11,2015,2026,2015,2025,"-3.63% (-2.56, -4.7)",Inferred,0,0,0,FALSE,TRUE,FALSE,FALSE,FALSE,0,1,0,0,0,0,0,1,1
Himalayan Bulbul,NA,A4b,13,25,35,11,2015,2026,2015,2025,"-2.55% (-1.29, -3.8)",Inferred,0,0,0,FALSE,TRUE,FALSE,FALSE,FALSE,0,1,0,0,0,0,0,0,1
House Crow,VU,A4b,39,46,53,16,2015,2031,2015,2025,"-3.81% (-3.01, -4.62)",Inferred,0,0,0,FALSE,TRUE,FALSE,FALSE,FALSE,0,1,0,0,0,0,0,2,1
House Sparrow,VU,A4b,31,42,52,15,2015,2030,2015,2025,"-3.61% (-2.48, -4.74)",Inferred,0,0,0,FALSE,TRUE,FALSE,FALSE,FALSE,0,1,0,0,0,0,0,2,1
Indian Bushlark,NA,A2b+ A4b,19,26,32,10,2015,2025,2015,2025,"-2.94% (-2.1, -3.79)",Inferred,0,0,0,FALSE,TRUE,FALSE,FALSE,FALSE,0,1,0,0,0,0,0,0,1
Indian Courser,VU,A4b,37,52,63,12,2015,2027,2015,2025,"-5.91% (-3.77, -8.05)",Inferred,0,0,0,FALSE,TRUE,FALSE,FALSE,FALSE,0,1,0,0,0,0,0,2,1
Indian Roller,VU,A4b,31,38,44,14,2015,2029,2015,2025,"-3.35% (-2.58, -4.11)",Inferred,0,0,0,FALSE,TRUE,FALSE,FALSE,FALSE,0,1,0,0,0,0,0,2,1
Indian Vulture,CR,A4ace,100,99,99,40,1992,2032,1992,2002,"-93% (-88 , -94)",Projected,1,1,0,TRUE,FALSE,TRUE,FALSE,TRUE,1,0,1,1,1,0,1,4,0
Intermediate Egret,NT,A4b,24,33,41,16,2015,2031,2015,2025,"-2.46% (-1.66, -3.25)",Inferred,0,0,0,FALSE,TRUE,FALSE,FALSE,FALSE,0,1,0,0,0,0,0,1,1
Isabelline Shrike,NT,A2b+ A4b,26,40,51,10,2015,2025,2015,2025,"-4.92% (-2.94, -6.9)",Inferred,0,0,0,FALSE,TRUE,FALSE,FALSE,FALSE,0,1,0,0,0,0,0,1,1
Isabelline Wheatear,NT,A2b+ A4b,25,38,48,10,2015,2025,2015,2025,"-4.65% (-2.88, -6.42)",Inferred,0,0,0,FALSE,TRUE,FALSE,FALSE,FALSE,0,1,0,0,0,0,0,1,1
Jerdon's Leafbird,NA,A2b+ A4b,17,24,29,10,2015,2025,2015,2025,"-2.67% (-1.9, -3.43)",Inferred,0,0,0,FALSE,TRUE,FALSE,FALSE,FALSE,0,1,0,0,0,0,0,0,1
Jungle Myna,NT,A2b+ A4b,24,32,39,10,2015,2025,2015,2025,"-3.78% (-2.68, -4.89)",Inferred,0,0,0,FALSE,TRUE,FALSE,FALSE,FALSE,0,1,0,0,0,0,0,1,1
Laggar Falcon,EN,A4b,62,77,86,18,2015,2033,2015,2025,"-7.79% (-5.21, -10.37)",Inferred,0,0,0,FALSE,TRUE,FALSE,FALSE,FALSE,0,1,0,0,0,0,0,3,1
Large-billed Crow,VU,A4b,36,45,53,19,2015,2034,2015,2025,"-3.12% (-2.34, -3.9)",Inferred,0,0,0,FALSE,TRUE,FALSE,FALSE,FALSE,0,1,0,0,0,0,0,2,1
Lesser Florican,EN,A2acd,55,55,55,18,1982,2000,1982,2017,"-79% (-79 , -79)",Estimated,1,1,0,TRUE,FALSE,TRUE,TRUE,FALSE,1,0,1,1,1,1,0,3,0
Lesser Necklaced Laughingthrush,VU,A4b,32,47,59,12,2015,2027,2015,2025,"-5.13% (-3.11, -7.16)",Inferred,0,0,0,FALSE,TRUE,FALSE,FALSE,FALSE,0,1,0,0,0,0,0,2,1
Lesser Racket-tailed Drongo,NT,A2b+ A4b,29,42,53,10,2015,2025,2015,2025,"-5.27% (-3.35, -7.19)",Inferred,0,0,0,FALSE,TRUE,FALSE,FALSE,FALSE,0,1,0,0,0,0,0,1,1
Malabar Lark,NA,A4b,14,20,25,11,2015,2026,2015,2025,"-1.98% (-1.34, -2.62)",Inferred,0,0,0,FALSE,TRUE,FALSE,FALSE,FALSE,0,1,0,0,0,0,0,0,1
Marsh Sandpiper,NT,A4b,26,37,46,18,2015,2033,2015,2025,"-2.5% (-1.65, -3.35)",Inferred,0,0,0,FALSE,TRUE,FALSE,FALSE,FALSE,0,1,0,0,0,0,0,1,1
Mistle Thrush,VU,A4b,49,58,66,14,2015,2029,2015,2025,"-6.01% (-4.65, -7.37)",Inferred,0,0,0,FALSE,TRUE,FALSE,FALSE,FALSE,0,1,0,0,0,0,0,2,1
Montagu's Harrier,VU,A4b,31,55,71,17,2015,2032,2015,2025,"-4.56% (-2.19, -6.93)",Inferred,0,0,0,FALSE,TRUE,FALSE,FALSE,FALSE,0,1,0,0,0,0,0,2,1
Mrs. Gould's Sunbird,NA,A2b+ A4b,18,35,49,10,2015,2025,2015,2025,"-4.2% (-1.93, -6.48)",Inferred,0,0,0,FALSE,TRUE,FALSE,FALSE,FALSE,0,1,0,0,0,0,0,0,1
Northern Pintail,VU,A4b,33,43,52,17,2015,2032,2015,2025,"-3.27% (-2.32, -4.22)",Inferred,0,0,0,FALSE,TRUE,FALSE,FALSE,FALSE,0,1,0,0,0,0,0,2,1
Northern Shoveler,VU,A4b,37,50,61,14,2015,2029,2015,2025,"-4.86% (-3.2, -6.52)",Inferred,0,0,0,FALSE,TRUE,FALSE,FALSE,FALSE,0,1,0,0,0,0,0,2,1
Oriental Skylark,NA,A2b+ A4b,14,22,29,10,2015,2025,2015,2025,"-2.4% (-1.49, -3.31)",Inferred,0,0,0,FALSE,TRUE,FALSE,FALSE,FALSE,0,1,0,0,0,0,0,0,1
Pallid Harrier,NA,A4b,18,23,29,15,2015,2030,2015,2025,"-1.76% (-1.31, -2.22)",Inferred,0,0,0,FALSE,TRUE,FALSE,FALSE,FALSE,0,1,0,0,0,0,0,0,1
Pied Kingfisher,NA,A2b+ A4b,13,20,26,10,2015,2025,2015,2025,"-2.2% (-1.38, -3.01)",Inferred,0,0,0,FALSE,TRUE,FALSE,FALSE,FALSE,0,1,0,0,0,0,0,0,1
Plumbeous Redstart,NA,A2b+ A4b,12,20,28,10,2015,2025,2015,2025,"-2.25% (-1.31, -3.2)",Inferred,0,0,0,FALSE,TRUE,FALSE,FALSE,FALSE,0,1,0,0,0,0,0,0,1
Red-headed Vulture,CR,A4ace,97,99,99,39,1992,2031,1992,2002,"-91% (-61 , -98)",Projected,1,1,0,TRUE,FALSE,TRUE,FALSE,TRUE,1,0,1,1,1,0,1,4,0
Red-necked Falcon,NA,A4b,16,27,37,14,2015,2029,2015,2025,"-2.25% (-1.2, -3.3)",Inferred,0,0,0,FALSE,TRUE,FALSE,FALSE,FALSE,0,1,0,0,0,0,0,0,1
Ruddy Shelduck,VU,A4b,45,52,59,19,2015,2034,2015,2025,"-3.83% (-3.08, -4.58)",Inferred,0,0,0,FALSE,TRUE,FALSE,FALSE,FALSE,0,1,0,0,0,0,0,2,1
Ruff,VU,A4b,38,47,55,19,2015,2034,2015,2025,"-3.3% (-2.46, -4.14)",Inferred,0,0,0,FALSE,TRUE,FALSE,FALSE,FALSE,0,1,0,0,0,0,0,2,1
Rufous Treepie,NA,A4b,20,24,27,12,2015,2027,2015,2025,"-2.23% (-1.85, -2.62)",Inferred,0,0,0,FALSE,TRUE,FALSE,FALSE,FALSE,0,1,0,0,0,0,0,0,1
Rufous-necked Laughingthrush,NT,A4b,25,44,58,12,2015,2027,2015,2025,"-4.68% (-2.33, -7.03)",Inferred,0,0,0,FALSE,TRUE,FALSE,FALSE,FALSE,0,1,0,0,0,0,0,1,1
Rufous-tailed Lark,NA,A2b+ A4b,16,18,21,10,2015,2025,2015,2025,"-1.99% (-1.69, -2.29)",Inferred,0,0,0,FALSE,TRUE,FALSE,FALSE,FALSE,0,1,0,0,0,0,0,0,1
Rufous-vented Tit,NA,A2b+ A4b,17,37,53,10,2015,2025,2015,2025,"-4.5% (-1.8, -7.21)",Inferred,0,0,0,FALSE,TRUE,FALSE,FALSE,FALSE,0,1,0,0,0,0,0,0,1
Russet Sparrow,NT,A2b+ A4b,23,33,42,10,2015,2025,2015,2025,"-3.95% (-2.62, -5.28)",Inferred,0,0,0,FALSE,TRUE,FALSE,FALSE,FALSE,0,1,0,0,0,0,0,1,1
Scaly-bellied Woodpecker,NA,A4b,19,35,48,11,2015,2026,2015,2025,"-3.85% (-1.87, -5.83)",Inferred,0,0,0,FALSE,TRUE,FALSE,FALSE,FALSE,0,1,0,0,0,0,0,0,1
Slender-billed Vulture,CR,A4ace,100,99,99,40,1992,2032,1992,2002,"-93% (-88 , -94)",Projected,1,1,0,TRUE,FALSE,TRUE,FALSE,TRUE,1,0,1,1,1,0,1,4,0
Spotted Redshank,NT,A4b,21,36,48,14,2015,2029,2015,2025,"-3.14% (-1.71, -4.57)",Inferred,0,0,0,FALSE,TRUE,FALSE,FALSE,FALSE,0,1,0,0,0,0,0,1,1
Streak-throated Woodpecker,NA,A4b,15,30,43,11,2015,2026,2015,2025,"-3.21% (-1.49, -4.94)",Inferred,0,0,0,FALSE,TRUE,FALSE,FALSE,FALSE,0,1,0,0,0,0,0,0,1
Sulphur-bellied Warbler,NA,A2b+ A4b,15,28,39,10,2015,2025,2015,2025,"-3.21% (-1.59, -4.83)",Inferred,0,0,0,FALSE,TRUE,FALSE,FALSE,FALSE,0,1,0,0,0,0,0,0,1
Sultan Tit,NA,A2b+ A4b,13,24,34,10,2015,2025,2015,2025,"-2.7% (-1.37, -4.03)",Inferred,0,0,0,FALSE,TRUE,FALSE,FALSE,FALSE,0,1,0,0,0,0,0,0,1
Thick-billed Flowerpecker,NA,A2b+ A4b,16,26,35,10,2015,2025,2015,2025,"-2.95% (-1.69, -4.22)",Inferred,0,0,0,FALSE,TRUE,FALSE,FALSE,FALSE,0,1,0,0,0,0,0,0,1
Tickell's Leaf Warbler,NA,A2b+ A4b,18,23,28,10,2015,2025,2015,2025,"-2.57% (-1.98, -3.17)",Inferred,0,0,0,FALSE,TRUE,FALSE,FALSE,FALSE,0,1,0,0,0,0,0,0,1
Ultramarine Flycatcher,NA,A2b+ A4b,19,32,42,10,2015,2025,2015,2025,"-3.74% (-2.14, -5.33)",Inferred,0,0,0,FALSE,TRUE,FALSE,FALSE,FALSE,0,1,0,0,0,0,0,0,1
Variable Wheatear,NT,A2b+ A4b,22,27,32,10,2015,2025,2015,2025,"-3.09% (-2.4, -3.79)",Inferred,0,0,0,FALSE,TRUE,FALSE,FALSE,FALSE,0,1,0,0,0,0,0,1,1
Western Tragopan,NA,A3cd,4,16,29,20,2025,2045,2025,2050,"-20% (-5 , -35)",Projected,1,1,0,FALSE,FALSE,TRUE,TRUE,FALSE,0,0,0,0,1,1,0,0,0
Western Yellow Wagtail,NA,A2b+ A4b,13,27,40,10,2015,2025,2015,2025,"-3.16% (-1.37, -4.96)",Inferred,0,0,0,FALSE,TRUE,FALSE,FALSE,FALSE,0,1,0,0,0,0,0,0,1
Whiskered Tern,NA,A4b,18,31,42,16,2015,2031,2015,2025,"-2.3% (-1.23, -3.38)",Inferred,0,0,0,FALSE,TRUE,FALSE,FALSE,FALSE,0,1,0,0,0,0,0,0,1
White Wagtail,NA,A2b+ A4b,19,25,31,10,2015,2025,2015,2025,"-2.9% (-2.09, -3.71)",Inferred,0,0,0,FALSE,TRUE,FALSE,FALSE,FALSE,0,1,0,0,0,0,0,0,1
White-bellied Sholakili,NA,A3c,12,17,23,11,2025,2036,2025,2050,"-35% (-26 , -45)",Projected,1,1,0,FALSE,FALSE,TRUE,FALSE,FALSE,0,0,0,0,1,0,0,0,0
White-browed Fantail,NA,A2b+ A4b,14,19,23,10,2015,2025,2015,2025,"-2.05% (-1.53, -2.58)",Inferred,0,0,0,FALSE,TRUE,FALSE,FALSE,FALSE,0,1,0,0,0,0,0,0,1
White-eyed Buzzard,VU,A4b,44,56,66,18,2015,2033,2015,2025,"-4.51% (-3.12, -5.89)",Inferred,0,0,0,FALSE,TRUE,FALSE,FALSE,FALSE,0,1,0,0,0,0,0,2,1
White-rumped Spinetail,NA,A2b+ A4b,13,17,22,10,2015,2025,2015,2025,"-1.87% (-1.34, -2.4)",Inferred,0,0,0,FALSE,TRUE,FALSE,FALSE,FALSE,0,1,0,0,0,0,0,0,1
White-rumped Vulture,CR,A4ace,100,99,99,35,1992,2027,1992,2002,"-97.9% (-96.6 , -99.8)",Projected,1,1,0,TRUE,FALSE,TRUE,FALSE,TRUE,1,0,1,1,1,0,1,4,0
White-tailed Lapwing,NT,A4b,24,40,52,14,2015,2029,2015,2025,"-3.54% (-1.94, -5.14)",Inferred,0,0,0,FALSE,TRUE,FALSE,FALSE,FALSE,0,1,0,0,0,0,0,1,1
White-tailed Stonechat,VU,A2b+ A4b,33,49,62,10,2015,2025,2015,2025,"-6.53% (-3.89, -9.16)",Inferred,0,0,0,FALSE,TRUE,FALSE,FALSE,FALSE,0,1,0,0,0,0,0,2,1
White-winged Wood-Duck,VU,A2acd,45,52,62,20,1995,2015,1995,2023,"-65% (-57 , -75)",Suspected,1,0,0,TRUE,FALSE,TRUE,TRUE,FALSE,1,0,1,1,1,1,0,2,0
