"","Species","MinAOO","MaxAOO","MinEstimate_2km","EOOStartYear","LikelyEOO","MaxEOO","EOOYearBandChange","EOOChange","EOOChangePercent"
"1","Blue Whistling-Thrush",NA,NA,NA,2020,2044233,NA,NA,NA,NA
"2","White-capped Redstart",NA,NA,NA,2014,1574952,NA,NA,NA,NA
"3","Jerdon's Courser",8,32,4,2004,0,688,NA,NA,NA
"4","Red Phalarope",4,206956,4,2007,759200,NA,NA,NA,NA
"5","Asian Dowitcher",12,656,8,2011,75555,NA,NA,NA,NA
"6","Red-billed Chough",NA,NA,NA,2013,731540,NA,NA,NA,NA
"7","Satyr Tragopan",381,5628,244,2013,132722,NA,NA,NA,NA
"8","Snow Pigeon",NA,NA,NA,2015,745384,NA,NA,NA,NA
"9","Common Raven",NA,NA,NA,2021,1341681,NA,NA,NA,NA
"10","Eurasian Tree Sparrow",NA,NA,NA,2016,2417360,NA,NA,NA,NA
"11","Common Hoopoe",NA,NA,NA,2011,6536773,NA,NA,NA,NA
"12","Eurasian Woodcock",371,58131,288,2020,757342,NA,"2013-2019 to 2020-2025",-2004242,-72.5758103227518
"13","Eurasian Wigeon",NA,NA,NA,2006,6128632,NA,NA,NA,NA
"14","Ruddy Shelduck",NA,NA,NA,2010,4475513,NA,NA,NA,NA
"15","Gray Junglefowl",NA,NA,NA,2018,1054586,NA,NA,NA,NA
"16","White-naped Tit",1168,289681,724,2016,926465,NA,NA,NA,NA
"17","Rusty-tailed Flycatcher",NA,NA,NA,2013,3363525,NA,NA,NA,NA
"18","Brown-backed Needletail",NA,NA,NA,2017,3074988,NA,NA,NA,NA
"19","Eurasian Kestrel",NA,NA,NA,2007,7354475,NA,NA,NA,NA
"20","Jungle Myna",NA,NA,NA,2012,3942780,NA,NA,NA,NA
"21","Asian Emerald Dove",NA,NA,NA,2014,5966819,NA,NA,NA,NA
"22","Sind Woodpecker",28,64,16,2024,82,871,NA,NA,NA
"23","Yellow-throated Laughingthrush",183,8236,136,2012,32920,NA,NA,NA,NA
"24","Asian House-Martin",1053,746138,724,2021,3156902,NA,NA,NA,NA
"25","Blue-fronted Redstart",NA,NA,NA,2014,1529095,NA,NA,NA,NA
"26","Blood Pheasant",392,10653,152,2016,55960,NA,NA,NA,NA
"27","Blyth's Leaf Warbler",NA,NA,NA,2017,1589046,NA,NA,NA,NA
"28","Chestnut-tailed Minla",6752,154988,2476,2015,1099402,NA,NA,NA,NA
"29","Crested Kingfisher",NA,NA,NA,2016,1273913,NA,NA,NA,NA
"30","Fire-tailed Myzornis",1059,34540,428,2015,148149,NA,NA,NA,NA
"31","Fire-tailed Sunbird",3280,140539,1776,2015,1020708,NA,NA,NA,NA
"32","Gold-naped Finch",1044,46554,460,2017,207011,NA,NA,NA,NA
"33","Great Parrotbill",74,1393,52,2016,41551,NA,NA,NA,NA
"34","Gray-crested Tit",1694,48855,712,2017,592133,NA,NA,NA,NA
"35","Himalayan Bluetail",NA,NA,NA,2020,1941267,NA,NA,NA,NA
"36","Himalayan Monal",2673,74864,1060,2013,755255,NA,NA,NA,NA
"37","Himalayan Rubythroat",1931,135566,1216,2011,690914,NA,NA,NA,NA
"38","Himalayan Swiftlet",NA,NA,NA,2017,3095847,NA,NA,NA,NA
"39","Plumbeous Redstart",NA,NA,NA,2017,2005652,NA,NA,NA,NA
"40","Red-headed Bullfinch",1706,40767,1020,2020,398106,NA,NA,NA,NA
"41","Rosy Pipit",NA,NA,NA,2019,2013546,NA,NA,NA,NA
"42","Rufous-gorgeted Flycatcher",NA,NA,NA,2013,1437373,NA,NA,NA,NA
"43","Rufous-vented Tit",1398,32439,696,2020,444357,NA,NA,NA,NA
"44","Rufous-vented Yuhina",2564,29348,948,2014,140129,NA,NA,NA,NA
"45","Scaly Laughingthrush",947,43989,564,2015,174624,NA,NA,NA,NA
"46","Striated Laughingthrush",NA,NA,NA,2013,742788,NA,NA,NA,NA
"47","Himalayan White-browed Rosefinch",906,69356,308,2017,590692,NA,NA,NA,NA
"48","White-collared Blackbird",3385,64446,1556,2018,681950,NA,NA,NA,NA
"49","Eurasian Wren",NA,NA,NA,2013,1227115,NA,NA,NA,NA
"50","Yellow-bellied Fairy-Fantail",NA,NA,NA,2018,1360639,NA,NA,NA,NA
"51","Alpine Accentor",2212,137895,1128,2017,1159551,NA,NA,NA,NA
"52","Black-browed Tit",816,23712,416,2010,122745,NA,NA,NA,NA
"53","Black Kite",NA,NA,NA,2008,4983914,NA,NA,NA,NA
"54","Black Redstart",NA,NA,NA,2005,4593591,NA,NA,NA,NA
"55","Black-faced Laughingthrush",2146,50971,884,2011,231150,NA,NA,NA,NA
"56","Blyth's Pipit",NA,NA,NA,2014,5740994,NA,NA,NA,NA
"57","Brown Dipper",NA,NA,NA,2014,1524503,NA,NA,NA,NA
"58","Coal Tit",NA,NA,NA,2011,1131256,NA,NA,NA,NA
"59","Himalayan Buzzard",NA,NA,NA,2019,1317899,NA,NA,NA,NA
"60","Southern Nutcracker",2787,47872,1212,2016,574492,NA,NA,NA,NA
"61","Golden Bush-Robin",3300,220677,1956,2011,1427716,NA,NA,NA,NA
"62","Gould's Shortwing",176,21053,104,2021,112272,NA,NA,NA,NA
"63","Grandala",515,41972,184,2016,674979,NA,NA,NA,NA
"64","Gray-backed Shrike",NA,NA,NA,2020,1685955,NA,"2005-2019 to 2020-2025",-291718,-14.7505832958881
"65","Gray-sided Bush Warbler",2820,104835,1880,2013,956306,NA,NA,NA,NA
"66","Horned Lark",2498,80366,1540,2014,605133,NA,"2001-2013 to 2014-2025",-27803,-4.39269544168903
"67","Ibisbill",1704,58655,548,2017,869201,NA,NA,NA,NA
"68","Large-billed Crow",NA,NA,NA,2016,7111787,NA,NA,NA,NA
"69","Bearded Vulture",NA,NA,NA,2003,1010159,NA,NA,NA,NA
"70","Olive-backed Pipit",NA,NA,NA,2017,4493282,NA,NA,NA,NA
"71","Plain Mountain Finch",NA,NA,NA,2015,1174250,NA,NA,NA,NA
"72","Red-tailed Minla",4905,105904,2108,2017,398540,NA,NA,NA,NA
"73","Rusty-flanked Treecreeper",830,22090,480,2016,335440,NA,NA,NA,NA
"74","Siberian Stonechat",NA,NA,NA,2017,4979844,NA,NA,NA,NA
"75","Snow Partridge",554,17725,120,2011,238319,NA,NA,NA,NA
"76","Speckled Wood-Pigeon",1185,156581,852,2015,1176909,NA,NA,NA,NA
"77","Mongolian Short-toed Lark",NA,NA,NA,2004,4850963,NA,NA,NA,NA
"78","Tibetan Serin",299,3565,196,2011,35639,NA,NA,NA,NA
"79","White-winged Redstart",2703,83788,1484,2015,827864,NA,NA,NA,NA
"80","Yellow-billed Chough",NA,NA,NA,2015,706158,NA,NA,NA,NA
"81","Black-headed Mountain Finch",1189,77969,876,2016,607478,NA,NA,NA,NA
"82","Hume's Lark",804,429034,552,2012,1761925,NA,NA,NA,NA
"83","Robin Accentor",1942,47187,1392,2015,456737,NA,NA,NA,NA
"84","Tibetan Sandgrouse",286,11051,196,2023,30665,NA,"2008-2022 to 2023-2025",-86413,-73.8082319344884
"85","White-throated Dipper",649,93438,464,2016,1015798,NA,NA,NA,NA
"86","Lanceolated Warbler",68,320,28,2021,4571,30029,"2009-2020 to 2021-2025",-750,-14.0974223885093
"87","Oriental Hobby",564,64504,316,2019,331363,NA,NA,NA,NA
"88","Slender-billed Vulture",590,67920,300,2016,653395,NA,NA,NA,NA
"89","Asian Koel",NA,NA,NA,2022,7148891,NA,NA,NA,NA
"90","Beautiful Nuthatch",419,53768,232,2010,223885,NA,NA,NA,NA
"91","Beautiful Sibia",3946,40581,1032,2017,154006,NA,NA,NA,NA
"92","Black-bellied Tern",3116,839611,1824,2012,3598322,NA,NA,NA,NA
"93","Black-throated Parrotbill",1454,106607,728,2021,699560,NA,NA,NA,NA
"94","Blyth's Kingfisher",158,21719,112,2015,71065,NA,NA,NA,NA
"95","Bronzed Drongo",NA,NA,NA,2010,3592260,NA,NA,NA,NA
"96","Buff-breasted Babbler",372,45341,248,2023,165454,NA,NA,NA,NA
"97","Chinese Rubythroat",784,55764,440,2015,630552,NA,NA,NA,NA
"98","Black-crowned Scimitar-Babbler",396,23087,244,2017,116476,NA,NA,NA,NA
"99","Collared Owlet",NA,NA,NA,2015,1549700,NA,NA,NA,NA
"100","Gray Nightjar",1190,266119,852,2015,2445369,NA,NA,NA,NA
"101","Large Hawk-Cuckoo",NA,NA,NA,2012,5662009,NA,NA,NA,NA
"102","Long-tailed Broadbill",NA,NA,NA,2015,968650,NA,NA,NA,NA
"103","Nepal House-Martin",3098,158699,2100,2020,1181318,NA,NA,NA,NA
"104","Oriental Pied-Hornbill",NA,NA,NA,2011,2366827,NA,NA,NA,NA
"105","Pale Blue Flycatcher",1588,83313,1028,2018,350639,NA,NA,NA,NA
"106","Pied Kingfisher",NA,NA,NA,2007,4588376,NA,NA,NA,NA
"107","Rufous-necked Hornbill",1163,57859,468,2014,221768,NA,NA,NA,NA
"108","Rufous-throated Partridge",1611,90714,872,2021,853014,NA,NA,NA,NA
"109","Rufous-vented Laughingthrush",266,35589,112,2015,118086,NA,NA,NA,NA
"110","Striated Bulbul",3424,91698,1404,2019,400307,NA,NA,NA,NA
"111","Streak-throated Barwing",790,47299,260,2005,158970,NA,NA,NA,NA
"112","White-bellied Erpornis",3774,122652,2172,2019,834074,NA,NA,NA,NA
"113","White-tailed Robin",1995,150257,1280,2021,984604,NA,NA,NA,NA
"114","Peregrine Falcon",NA,NA,NA,2010,6109683,NA,NA,NA,NA
"115","White-bellied Sea-Eagle",NA,NA,NA,2010,3035419,NA,NA,NA,NA
"116","Western Reef-Heron",NA,NA,NA,2020,3502269,NA,NA,NA,NA
"117","Pied Harrier",2836,536751,1296,2019,4075364,NA,"2007-2018 to 2019-2025",-240034,-5.56227730553689
"118","Spot-bellied Eagle-Owl",1389,711899,952,2015,3137121,NA,NA,NA,NA
"119","Pied Triller",49,171,40,2020,931,1584,NA,NA,NA
"120","Great Gray Shrike",NA,NA,NA,2009,2569672,NA,NA,NA,NA
"121","Rook",116,1150,84,2017,2316,4696,NA,NA,NA
"122","Mrs. Hume's Pheasant",28,7339,16,2015,25518,33200,NA,NA,NA
"123","Rosy Starling",NA,NA,NA,2012,4849854,NA,NA,NA,NA
"124","Painted Stork",NA,NA,NA,2014,3726438,NA,NA,NA,NA
"125","Spot-billed Pelican",NA,NA,NA,2010,1788928,NA,"2000-2009 to 2010-2025",-136938,-7.11045564748907
"126","Indian Vulture",NA,NA,NA,2009,2256584,NA,NA,NA,NA
"127","Large Blue Flycatcher",124,9326,92,2021,29572,34922,NA,NA,NA
"128","Nicobar Sparrowhawk",17,96,16,2021,354,1067,NA,NA,NA
"129","Baikal Teal",38,2216,36,2020,4350,12089,"2011-2019 to 2020-2025",-630181,-99.3145198895013
"130","Red-whiskered Bulbul",NA,NA,NA,2011,5770395,NA,NA,NA,NA
"131","Sociable Lapwing",153,182239,112,2000,509462,NA,NA,NA,NA
"132","Bay-backed Shrike",NA,NA,NA,2014,4118159,NA,NA,NA,NA
"133","Chestnut-bellied Nuthatch",NA,NA,NA,2015,1334527,NA,NA,NA,NA
"134","Asian Tit",NA,NA,NA,2019,4569654,NA,NA,NA,NA
"135","Citrine Wagtail",NA,NA,NA,2013,6279892,NA,NA,NA,NA
"136","Common Chiffchaff",NA,NA,NA,2006,3359528,NA,NA,NA,NA
"137","Crested Bunting",NA,NA,NA,2013,4245675,NA,NA,NA,NA
"138","Western Yellow Wagtail",NA,NA,NA,2011,3612216,NA,NA,NA,NA
"139","Eurasian Collared-Dove",NA,NA,NA,2020,6010772,NA,NA,NA,NA
"140","Gray Treepie",NA,NA,NA,2013,2307014,NA,NA,NA,NA
"141","Gray-breasted Prinia",NA,NA,NA,2018,4546581,NA,NA,NA,NA
"142","Gray-headed Woodpecker",NA,NA,NA,2019,2435546,NA,NA,NA,NA
"143","Laughing Dove",NA,NA,NA,2018,3763514,NA,NA,NA,NA
"144","Scaly-breasted Munia",NA,NA,NA,2017,6078323,NA,NA,NA,NA
"145","Oriental Turtle-Dove",NA,NA,NA,2021,4842078,NA,NA,NA,NA
"146","White-browed Wagtail",NA,NA,NA,2015,4371785,NA,NA,NA,NA
"147","Himalayan Bulbul",NA,NA,NA,2008,800332,NA,NA,NA,NA
"148","Red-breasted Parakeet",NA,NA,NA,2021,1985063,NA,NA,NA,NA
"149","Long-tailed Parakeet",2405,5488,1196,2014,111002,NA,NA,NA,NA
"150","Demoiselle Crane",NA,NA,NA,2006,2048591,NA,NA,NA,NA
"151","Slaty-headed Parakeet",NA,NA,NA,2015,440384,NA,NA,NA,NA
"152","Asian Barred Owlet",NA,NA,NA,2021,1397988,NA,NA,NA,NA
"153","Common Kingfisher",NA,NA,NA,2016,7217974,NA,NA,NA,NA
"154","Common Rosefinch",NA,NA,NA,2014,4991673,NA,NA,NA,NA
"155","Egyptian Vulture",NA,NA,NA,2007,3057551,NA,NA,NA,NA
"156","Yellow-billed Blue-Magpie",NA,NA,NA,2018,950936,NA,NA,NA,NA
"157","Green-tailed Sunbird",NA,NA,NA,2015,1005627,NA,NA,NA,NA
"158","Gray Bushchat",NA,NA,NA,2012,2324159,NA,NA,NA,NA
"159","Gray Wagtail",NA,NA,NA,2013,7365072,NA,NA,NA,NA
"160","Lesser Whitethroat",NA,NA,NA,2010,3546547,NA,NA,NA,NA
"161","Small Niltava",NA,NA,NA,2017,1225875,NA,NA,NA,NA
"162","Spotted Forktail",NA,NA,NA,2013,1329608,NA,NA,NA,NA
"163","White-throated Kingfisher",NA,NA,NA,2013,7129237,NA,NA,NA,NA
"164","Eastern Red-rumped Swallow",NA,NA,NA,2017,6015122,NA,NA,NA,NA
"165","Chinese Sparrowhawk",187,1428,140,2016,34147,NA,NA,NA,NA
"166","Nicobar Jungle Flycatcher",66,263,60,2022,561,1268,NA,NA,NA
"167","Indian Courser",NA,NA,NA,2013,2473365,NA,NA,NA,NA
"168","Yellow-throated Bulbul",2550,77457,1300,2015,264674,NA,NA,NA,NA
"169","Hill Blue Flycatcher",115,22651,92,2014,76916,NA,NA,NA,NA
"170","Buffy Fish-Owl",46,398,40,2020,862,2364,NA,NA,NA
"171","Brahminy Kite",NA,NA,NA,2018,5813254,NA,NA,NA,NA
"172","Alexandrine Parakeet",NA,NA,NA,2016,5633054,NA,NA,NA,NA
"173","Barn Swallow",NA,NA,NA,2014,7334970,NA,NA,NA,NA
"174","Black-capped Kingfisher",2549,804107,1600,2008,5272994,NA,NA,NA,NA
"175","Blue-tailed Bee-eater",NA,NA,NA,2013,6179599,NA,NA,NA,NA
"176","Common Sandpiper",NA,NA,NA,2015,7394863,NA,NA,NA,NA
"177","Forest Wagtail",NA,NA,NA,2016,4438938,NA,"2000-2015 to 2016-2025",-1145328,-20.509914710764
"178","Narcondam Hornbill",17,23,8,2024,4,450,NA,NA,NA
"179","Ornate Sunbird",3237,7490,1436,2014,241526,NA,NA,NA,NA
"180","Pacific Reef-Heron",1466,4828,860,2017,113003,NA,NA,NA,NA
"181","Pied Imperial-Pigeon",687,2951,460,2022,107898,NA,NA,NA,NA
"182","Ruddy Turnstone",3668,673880,1720,2013,5038211,NA,NA,NA,NA
"183","White-nest Swiftlet",1468,4424,724,2020,107429,NA,NA,NA,NA
"184","Arctic Warbler",100,544,60,2022,3408,7163,"2014-2021 to 2022-2025",-16299,-82.7066900660162
"185","Brown Bush Warbler",157,26175,84,2020,83824,NA,NA,NA,NA
"186","Andaman Crake",524,2842,356,2020,11204,16930,NA,NA,NA
"187","Andaman Teal",1083,2930,220,2015,12854,20468,NA,NA,NA
"188","Asian Brown Flycatcher",NA,NA,NA,2014,5446962,NA,NA,NA,NA
"189","Beach Thick-knee",232,2657,188,2019,13977,21815,NA,NA,NA
"190","Nicobar Pigeon",302,2651,200,2010,102671,NA,NA,NA,NA
"191","Indian White-eye",NA,NA,NA,2018,7244368,NA,NA,NA,NA
"192","Red-throated Pipit",385,629914,148,2015,3120477,NA,"2001-2014 to 2015-2025",-194076,-5.85526210263777
"193","White-breasted Waterhen",NA,NA,NA,2014,7339738,NA,NA,NA,NA
"194","Falcated Duck",511,640565,292,2011,2749518,NA,NA,NA,NA
"195","Black Eagle",NA,NA,NA,2015,4299515,NA,NA,NA,NA
"196","Puff-throated Babbler",NA,NA,NA,2017,4074939,NA,NA,NA,NA
"197","Indian Paradise-Flycatcher",NA,NA,NA,2013,3795547,NA,NA,NA,NA
"198","Brown-headed Barbet",NA,NA,NA,2017,2876348,NA,NA,NA,NA
"199","Common Cuckoo",NA,NA,NA,2015,7129166,NA,NA,NA,NA
"200","Coppersmith Barbet",NA,NA,NA,2014,4473177,NA,NA,NA,NA
"201","Large Gray Babbler",NA,NA,NA,2020,2518254,NA,NA,NA,NA
"202","Indian Cuckooshrike",NA,NA,NA,2018,2681689,NA,NA,NA,NA
"203","Oriental Magpie-Robin",NA,NA,NA,2013,6437925,NA,NA,NA,NA
"204","Pied Bushchat",NA,NA,NA,2015,4408555,NA,NA,NA,NA
"205","Red-vented Bulbul",NA,NA,NA,2018,4885057,NA,NA,NA,NA
"206","Tawny-bellied Babbler",NA,NA,NA,2015,2389597,NA,NA,NA,NA
"207","White-bellied Drongo",NA,NA,NA,2011,2763924,NA,NA,NA,NA
"208","Pied Cuckoo",NA,NA,NA,2013,4187420,NA,NA,NA,NA
"209","Indian Robin",NA,NA,NA,2015,3313699,NA,NA,NA,NA
"210","Long-tailed Shrike",NA,NA,NA,2018,5027565,NA,NA,NA,NA
"211","Tawny Lark",NA,NA,NA,2015,1397181,NA,NA,NA,NA
"212","Common Myna",NA,NA,NA,2015,6833143,NA,NA,NA,NA
"213","Greenish Warbler",NA,NA,NA,2007,6411093,NA,NA,NA,NA
"214","Streak-throated Swallow",NA,NA,NA,2019,3245987,NA,NA,NA,NA
"215","Brown Shrike",NA,NA,NA,2012,6154203,NA,NA,NA,NA
"216","Purple-rumped Sunbird",NA,NA,NA,2014,3124479,NA,NA,NA,NA
"217","Montagu's Harrier",NA,NA,NA,2013,2165358,NA,"2005-2012 to 2013-2025",-22126,-1.01148936038207
"218","Plain Prinia",NA,NA,NA,2015,4498627,NA,NA,NA,NA
"219","Savanna Nightjar",NA,NA,NA,2017,3705614,NA,NA,NA,NA
"220","White-bellied Minivet",NA,NA,NA,2014,1676333,NA,NA,NA,NA
"221","Black Drongo",NA,NA,NA,2014,6781020,NA,NA,NA,NA
"222","Shikra",NA,NA,NA,2018,5025358,NA,NA,NA,NA
"223","Pallid Harrier",NA,NA,NA,2004,4379196,NA,NA,NA,NA
"224","Purple Sunbird",NA,NA,NA,2016,4523814,NA,NA,NA,NA
"225","Rain Quail",NA,NA,NA,2010,1903551,NA,NA,NA,NA
"226","Booted Warbler",NA,NA,NA,2012,3530048,NA,NA,NA,NA
"227","Common Tailorbird",NA,NA,NA,2013,4774461,NA,NA,NA,NA
"228","Eurasian Wryneck",NA,NA,NA,2020,5892343,NA,NA,NA,NA
"229","Ashy Prinia",NA,NA,NA,2015,3920664,NA,NA,NA,NA
"230","Yellow-eyed Babbler",NA,NA,NA,2017,3965357,NA,NA,NA,NA
"231","Streaked Weaver",NA,NA,NA,2016,4146870,NA,NA,NA,NA
"232","Indian Golden Oriole",NA,NA,NA,2016,3943272,NA,NA,NA,NA
"233","Eastern Barn Owl",NA,NA,NA,2012,4442640,NA,NA,NA,NA
"234","Gray Francolin",NA,NA,NA,2017,3350913,NA,NA,NA,NA
"235","Indian Bushlark",NA,NA,NA,2018,2776588,NA,NA,NA,NA
"236","Sykes's Warbler",NA,NA,NA,2009,2869149,NA,NA,NA,NA
"237","White-browed Fantail",NA,NA,NA,2016,2908775,NA,NA,NA,NA
"238","Zitting Cisticola",NA,NA,NA,2017,6369745,NA,NA,NA,NA
"239","Clamorous Reed Warbler",NA,NA,NA,2007,5928023,NA,NA,NA,NA
"240","Yellow-browed Warbler",NA,NA,NA,2015,3753883,NA,"2003-2014 to 2015-2025",-306917,-7.55805269886828
"241","Indian Nightjar",NA,NA,NA,2021,3027976,NA,NA,NA,NA
"242","Eastern Orphean Warbler",NA,NA,NA,2014,1821710,NA,NA,NA,NA
"243","Tricolored Munia",NA,NA,NA,2018,3500501,NA,NA,NA,NA
"244","Spotted Owlet",NA,NA,NA,2018,4494536,NA,NA,NA,NA
"245","Chinese Francolin",8,1588,4,2018,5460,9618,NA,NA,NA
"246","Golden Eagle",NA,NA,NA,2011,1026849,NA,NA,NA,NA
"247","Imperial Eagle",NA,NA,NA,2015,3488498,NA,NA,NA,NA
"248","Common Swift",940,246746,728,2017,774563,NA,"2000-2016 to 2017-2025",-330954,-29.9365927501983
"249","Hill Pigeon",2705,59341,1828,2014,386944,NA,NA,NA,NA
"250","Roseate Tern",12,78828,8,2015,1097488,NA,NA,NA,NA
"251","Blue Rock-Thrush",NA,NA,NA,2011,4946375,NA,NA,NA,NA
"252","Desert Wheatear",NA,NA,NA,2013,2625966,NA,NA,NA,NA
"253","Great Rosefinch",1242,63023,804,2013,374251,NA,NA,NA,NA
"254","Tibetan Sand-Plover",NA,NA,NA,2015,6747302,NA,NA,NA,NA
"255","Mistle Thrush",1801,74187,1144,2014,206147,NA,"2002-2013 to 2014-2025",-115432,-35.8953038592764
"256","Wallcreeper",NA,NA,NA,2013,1454059,NA,NA,NA,NA
"257","Tickell's Leaf Warbler",NA,NA,NA,2008,4352853,NA,NA,NA,NA
"258","Black-headed Ibis",NA,NA,NA,2012,4280938,NA,NA,NA,NA
"259","Bronze-winged Jacana",NA,NA,NA,2015,3902239,NA,NA,NA,NA
"260","Eastern Cattle-Egret",NA,NA,NA,2021,7154050,NA,NA,NA,NA
"261","Indian Cormorant",NA,NA,NA,2016,4195874,NA,NA,NA,NA
"262","Indian Pond-Heron",NA,NA,NA,2019,7163524,NA,NA,NA,NA
"263","Medium Egret",NA,NA,NA,2017,6933203,NA,NA,NA,NA
"264","Lesser Whistling-Duck",NA,NA,NA,2017,6357125,NA,NA,NA,NA
"265","Little Cormorant",NA,NA,NA,2016,6491136,NA,NA,NA,NA
"266","Little Egret",NA,NA,NA,2020,7038103,NA,"2011-2019 to 2020-2025",-105876,-1.48202582778451
"267","Purple Heron",NA,NA,NA,2017,6890911,NA,NA,NA,NA
"268","Western Marsh Harrier",NA,NA,NA,2010,6468002,NA,NA,NA,NA
"269","Whiskered Tern",NA,NA,NA,2016,6021274,NA,NA,NA,NA
"270","Brown-breasted Flycatcher",NA,NA,NA,2014,2889286,NA,NA,NA,NA
"271","Streak-throated Woodpecker",NA,NA,NA,2016,3598338,NA,NA,NA,NA
"272","Common Pochard",NA,NA,NA,2017,4608070,NA,NA,NA,NA
"273","Brahminy Starling",NA,NA,NA,2015,4464566,NA,NA,NA,NA
"274","Eurasian Sparrowhawk",NA,NA,NA,2019,4900947,NA,NA,NA,NA
"275","Large-billed Leaf Warbler",NA,NA,NA,2016,3997881,NA,"2007-2015 to 2016-2025",-4623,-0.11549969937826
"276","Richard's Pipit",NA,NA,NA,2009,5221629,NA,NA,NA,NA
"277","Jerdon's Baza",1852,459281,1120,2017,3993188,NA,NA,NA,NA
"278","Rufous-naped Tit",2283,72582,1392,2013,208846,NA,NA,NA,NA
"279","Blue-capped Redstart",NA,NA,NA,2017,694463,NA,NA,NA,NA
"280","Gray-crowned Goldfinch",2835,93737,1976,2009,269105,NA,NA,NA,NA
"281","Fire-fronted Serin",NA,NA,NA,2013,275179,NA,NA,NA,NA
"282","Pied Wheatear",256,180364,208,2015,589584,NA,NA,NA,NA
"283","Sulphur-bellied Warbler",NA,NA,NA,2014,2787280,NA,NA,NA,NA
"284","Yellow-breasted Greenfinch",NA,NA,NA,2019,1112747,NA,NA,NA,NA
"285","Ferruginous Duck",NA,NA,NA,2008,5957585,NA,NA,NA,NA
"286","Northern Pintail",NA,NA,NA,2010,4785631,NA,NA,NA,NA
"287","Eurasian Skylark",395,95506,268,2014,275284,NA,NA,NA,NA
"288","Eurasian Crag-Martin",NA,NA,NA,2013,3503894,NA,NA,NA,NA
"289","Green Sandpiper",NA,NA,NA,2015,6371208,NA,NA,NA,NA
"290","Himalayan Snowcock",676,59171,488,2012,177022,NA,NA,NA,NA
"291","Red-fronted Rosefinch",175,50814,124,2017,518598,NA,NA,NA,NA
"292","White Wagtail",NA,NA,NA,2015,6608843,NA,NA,NA,NA
"293","Kashmir Nutcracker",553,17431,304,2015,46017,NA,NA,NA,NA
"294","Solitary Snipe",177,28420,156,2020,319057,NA,"2012-2019 to 2020-2025",-124932,-28.1384970584459
"295","Yellow-rumped Honeyguide",424,52690,280,2013,524218,NA,NA,NA,NA
"296","Common Redshank",NA,NA,NA,2014,6920011,NA,NA,NA,NA
"297","Eurasian Hobby",NA,NA,NA,2015,4693141,NA,NA,NA,NA
"298","Western House-Martin",1453,740548,1120,2010,2548713,NA,NA,NA,NA
"299","Common Merganser",1433,260872,996,2015,1572503,NA,NA,NA,NA
"300","Pheasant-tailed Jacana",NA,NA,NA,2012,6520185,NA,NA,NA,NA
"301","White-winged Grosbeak",653,68606,364,2013,609161,NA,NA,NA,NA
"302","Wood Sandpiper",NA,NA,NA,2015,6883174,NA,NA,NA,NA
"303","Mallard",NA,NA,NA,2011,3324442,NA,NA,NA,NA
"304","Pink-browed Rosefinch",NA,NA,NA,2020,510077,NA,NA,NA,NA
"305","Green-winged Teal",NA,NA,NA,2010,4776455,NA,NA,NA,NA
"306","Northern Shoveler",NA,NA,NA,2011,4786388,NA,NA,NA,NA
"307","Greater Scaup",66,237869,28,2013,1144894,NA,NA,NA,NA
"308","Indian Yellow Tit",NA,NA,NA,2011,1779432,NA,NA,NA,NA
"309","Asian Openbill",NA,NA,NA,2016,6203021,NA,NA,NA,NA
"310","Ashy Drongo",NA,NA,NA,2013,6224421,NA,NA,NA,NA
"311","Brown-headed Gull",NA,NA,NA,2011,4597803,NA,NA,NA,NA
"312","White-capped Bunting",NA,NA,NA,2007,1330923,NA,NA,NA,NA
"313","Garganey",NA,NA,NA,2010,6430073,NA,NA,NA,NA
"314","Glossy Ibis",NA,NA,NA,2015,6827035,NA,NA,NA,NA
"315","Gray Heron",NA,NA,NA,2016,7183743,NA,NA,NA,NA
"316","Himalayan Woodpecker",NA,NA,NA,2018,183246,NA,NA,NA,NA
"317","Kashmir Nuthatch",465,9005,272,2022,23002,26989,NA,NA,NA
"318","Osprey",NA,NA,NA,2012,6021219,NA,NA,NA,NA
"319","Pallas's Fish-Eagle",1240,441224,548,2005,1903200,NA,NA,NA,NA
"320","Scaly-bellied Woodpecker",NA,NA,NA,2018,240499,NA,NA,NA,NA
"321","Tawny Owl",188,8550,156,2023,19609,24579,NA,NA,NA
"322","White-cheeked Nuthatch",1202,52545,788,2020,140835,NA,NA,NA,NA
"323","Besra",NA,NA,NA,2019,6479936,NA,NA,NA,NA
"324","Black-headed Jay",NA,NA,NA,2016,264540,NA,NA,NA,NA
"325","Long-eared Owl",36,351599,20,2011,1585378,NA,NA,NA,NA
"326","Tickell's Thrush",NA,NA,NA,2014,3748802,NA,NA,NA,NA
"327","Long-billed Pipit",NA,NA,NA,2008,2079302,NA,NA,NA,NA
"328","Long-tailed Minivet",NA,NA,NA,2021,2399809,NA,NA,NA,NA
"329","Rock Bunting",NA,NA,NA,2015,759518,NA,NA,NA,NA
"330","Tree Pipit",NA,NA,NA,2009,3614562,NA,NA,NA,NA
"331","Black Stork",NA,NA,NA,2006,4313234,NA,NA,NA,NA
"332","European Bee-eater",1503,155867,864,2021,430873,NA,"2009-2020 to 2021-2025",-386857,-47.3086183567525
"333","Mountain Chiffchaff",2519,81559,1652,2015,225224,NA,NA,NA,NA
"334","Slaty-blue Flycatcher",NA,NA,NA,2018,1348872,NA,NA,NA,NA
"335","Western Crowned Warbler",NA,NA,NA,2014,2832681,NA,NA,NA,NA
"336","Baillon's Crake",NA,NA,NA,2014,5948534,NA,NA,NA,NA
"337","Bar-tailed Treecreeper",NA,NA,NA,2018,1176767,NA,NA,NA,NA
"338","Black-and-yellow Grosbeak",1538,43653,984,2017,115140,NA,NA,NA,NA
"339","Brownish-flanked Bush Warbler",NA,NA,NA,2020,1506371,NA,NA,NA,NA
"340","Blyth's Reed Warbler",NA,NA,NA,2015,4553349,NA,NA,NA,NA
"341","Chestnut-eared Bunting",1017,200509,708,2021,1376097,NA,"2010-2020 to 2021-2025",-1820237,-56.9476403439718
"342","Chukar",NA,NA,NA,2013,260006,NA,NA,NA,NA
"343","Common Grasshopper Warbler",832,695037,484,2017,2410558,NA,NA,NA,NA
"344","Eurasian Jackdaw",2217,61929,1272,2018,132351,NA,NA,NA,NA
"345","European Roller",NA,NA,NA,2014,2421913,NA,NA,NA,NA
"346","Hodgson's Treecreeper",961,97058,716,2015,681946,NA,NA,NA,NA
"347","Fire-capped Tit",720,372714,432,2012,1778230,NA,NA,NA,NA
"348","Himalayan Cuckoo",NA,NA,NA,2013,2704411,NA,NA,NA,NA
"349","Indian Blue Robin",NA,NA,NA,2010,3889678,NA,NA,NA,NA
"350","Little Ringed Plover",NA,NA,NA,2015,6309008,NA,NA,NA,NA
"351","Orange Bullfinch",605,22508,328,2018,53110,NA,NA,NA,NA
"352","Oriental Skylark",NA,NA,NA,2016,6711672,NA,NA,NA,NA
"353","Red-wattled Lapwing",NA,NA,NA,2014,4970540,NA,NA,NA,NA
"354","Ruddy-breasted Crake",NA,NA,NA,2013,6505522,NA,NA,NA,NA
"355","Spectacled Finch",374,41366,232,2015,121272,NA,"2005-2014 to 2015-2025",-121328,-50.0116397710462
"356","Spotted Crake",366,615100,196,2014,2103497,NA,NA,NA,NA
"357","Tytler's Leaf Warbler",1250,481581,884,2015,1461317,NA,NA,NA,NA
"358","Bluethroat",NA,NA,NA,2011,6275447,NA,NA,NA,NA
"359","Carrion Crow",635,35613,408,2020,93118,NA,NA,NA,NA
"360","Eurasian Magpie",3956,41959,2080,2013,100423,NA,NA,NA,NA
"361","Himalayan Griffon",NA,NA,NA,2009,4545236,NA,NA,NA,NA
"362","House Sparrow",NA,NA,NA,2011,7052225,NA,NA,NA,NA
"363","Bar-headed Goose",NA,NA,NA,2007,4443492,NA,NA,NA,NA
"364","Black-winged Snowfinch",1526,35871,1012,2017,307916,NA,NA,NA,NA
"365","Long-billed Bush Warbler",34,1273,20,2022,1559,7749,NA,NA,NA
"366","Rock Pigeon",NA,NA,NA,2019,7443354,NA,NA,NA,NA
"367","Blyth's Rosefinch",498,57449,280,2015,169476,NA,NA,NA,NA
"368","Brown Accentor",1572,74196,1028,2016,396472,NA,NA,NA,NA
"369","Buff-barred Warbler",NA,NA,NA,2015,1347978,NA,NA,NA,NA
"370","Variable Wheatear",NA,NA,NA,2011,1376634,NA,NA,NA,NA
"371","White-bellied Redstart",197,37821,156,2019,396656,NA,NA,NA,NA
"372","White-throated Tit",365,35955,280,2015,99674,NA,NA,NA,NA
"373","Common Quail",1206,760665,708,2012,2950417,NA,NA,NA,NA
"374","Common Tern",NA,NA,NA,2010,4674936,NA,NA,NA,NA
"375","Little Owl",282,18698,204,2018,370186,NA,NA,NA,NA
"376","Common Buzzard",NA,NA,NA,2005,4890578,NA,NA,NA,NA
"377","Hume's Warbler",NA,NA,NA,2014,4157367,NA,NA,NA,NA
"378","Dark-sided Flycatcher",NA,NA,NA,2021,1939485,NA,"2011-2020 to 2021-2025",-1344544,-40.9418998592792
"379","Little Bittern",220,274784,172,2010,754102,NA,NA,NA,NA
"380","Little Grebe",NA,NA,NA,2012,6130525,NA,NA,NA,NA
"381","Ultramarine Flycatcher",NA,NA,NA,2013,3924021,NA,NA,NA,NA
"382","Jack Snipe",373,649755,236,2008,3116460,NA,NA,NA,NA
"383","Barred Buttonquail",NA,NA,NA,2017,4230924,NA,NA,NA,NA
"384","Wood Snipe",4,51516,0,2002,486910,NA,NA,NA,NA
"385","Asian Palm Swift",NA,NA,NA,2012,5195552,NA,NA,NA,NA
"386","Baya Weaver",NA,NA,NA,2010,4428468,NA,NA,NA,NA
"387","Black-rumped Flameback",NA,NA,NA,2015,4288204,NA,NA,NA,NA
"388","Blue-faced Malkoha",NA,NA,NA,2012,1386304,NA,NA,NA,NA
"389","Black-naped Monarch",NA,NA,NA,2019,5848033,NA,NA,NA,NA
"390","Brown-capped Pygmy Woodpecker",NA,NA,NA,2014,2915920,NA,NA,NA,NA
"391","Common Hawk-Cuckoo",NA,NA,NA,2015,4094960,NA,NA,NA,NA
"392","Common Iora",NA,NA,NA,2016,4590076,NA,NA,NA,NA
"393","Common Woodshrike",NA,NA,NA,2016,4004092,NA,NA,NA,NA
"394","Greater Coucal",NA,NA,NA,2017,4674491,NA,NA,NA,NA
"395","Green Imperial-Pigeon",NA,NA,NA,2013,3748020,NA,NA,NA,NA
"396","Green Warbler",NA,NA,NA,2015,2755160,NA,NA,NA,NA
"397","Indian Pitta",NA,NA,NA,2011,3194949,NA,NA,NA,NA
"398","Indian Thick-knee",NA,NA,NA,2011,4090890,NA,NA,NA,NA
"399","Indian Scimitar-Babbler",NA,NA,NA,2016,1629716,NA,NA,NA,NA
"400","Jerdon's Bushlark",NA,NA,NA,2017,1447148,NA,NA,NA,NA
"401","Jerdon's Leafbird",NA,NA,NA,2010,1998965,NA,NA,NA,NA
"402","Jungle Babbler",NA,NA,NA,2021,3943822,NA,NA,NA,NA
"403","Jungle Prinia",NA,NA,NA,2017,2811057,NA,NA,NA,NA
"404","Loten's Sunbird",NA,NA,NA,2007,1524903,NA,NA,NA,NA
"405","Plum-headed Parakeet",NA,NA,NA,2015,3433687,NA,NA,NA,NA
"406","Red Spurfowl",NA,NA,NA,2016,1984348,NA,NA,NA,NA
"407","Rufous Treepie",NA,NA,NA,2015,4641273,NA,NA,NA,NA
"408","Small Minivet",NA,NA,NA,2017,5371142,NA,NA,NA,NA
"409","Spot-breasted Fantail",NA,NA,NA,2013,1361162,NA,NA,NA,NA
"410","Tickell's Blue Flycatcher",NA,NA,NA,2017,2995436,NA,NA,NA,NA
"411","White-browed Bulbul",NA,NA,NA,2016,2059410,NA,NA,NA,NA
"412","White-rumped Shama",NA,NA,NA,2015,3763973,NA,NA,NA,NA
"413","Yellow-billed Babbler",NA,NA,NA,2018,924896,NA,NA,NA,NA
"414","Yellow-footed Green-Pigeon",NA,NA,NA,2018,4450858,NA,NA,NA,NA
"415","Yellow-legged Buttonquail",134,661694,104,2010,2676875,NA,NA,NA,NA
"416","Blue-bearded Bee-eater",NA,NA,NA,2014,3520005,NA,NA,NA,NA
"417","Asian Green Bee-eater",NA,NA,NA,2013,4600448,NA,NA,NA,NA
"418","Indian Gray Hornbill",NA,NA,NA,2014,3103236,NA,NA,NA,NA
"419","Ashy Woodswallow",NA,NA,NA,2015,3748449,NA,NA,NA,NA
"420","Black-headed Cuckooshrike",NA,NA,NA,2013,3258601,NA,NA,NA,NA
"421","Brown-cheeked Fulvetta",NA,NA,NA,2018,2402873,NA,NA,NA,NA
"422","Crested Treeswift",NA,NA,NA,2016,3359415,NA,NA,NA,NA
"423","Golden-fronted Leafbird",NA,NA,NA,2014,3709853,NA,NA,NA,NA
"424","Greater Racket-tailed Drongo",NA,NA,NA,2014,5389613,NA,NA,NA,NA
"425","House Crow",NA,NA,NA,2022,7250168,NA,NA,NA,NA
"426","Indian Roller",NA,NA,NA,2008,3696149,NA,NA,NA,NA
"427","Orange-headed Thrush",NA,NA,NA,2014,6227020,NA,NA,NA,NA
"428","Paddyfield Pipit",NA,NA,NA,2018,6362686,NA,NA,NA,NA
"429","Red-headed Vulture",NA,NA,NA,2008,3584604,NA,NA,NA,NA
"430","Rufous Woodpecker",NA,NA,NA,2018,3542513,NA,NA,NA,NA
"431","Orange Minivet",NA,NA,NA,2017,430318,NA,NA,NA,NA
"432","Spotted Dove",NA,NA,NA,2016,4984430,NA,NA,NA,NA
"433","Square-tailed Bulbul",NA,NA,NA,2015,261906,NA,NA,NA,NA
"434","Velvet-fronted Nuthatch",NA,NA,NA,2013,3377607,NA,NA,NA,NA
"435","White-cheeked Barbet",NA,NA,NA,2017,558596,NA,NA,NA,NA
"436","Yellow-crowned Woodpecker",NA,NA,NA,2014,2876771,NA,NA,NA,NA
"437","Asian Fairy-bluebird",NA,NA,NA,2012,3863660,NA,NA,NA,NA
"438","Black-hooded Oriole",NA,NA,NA,2015,5277596,NA,NA,NA,NA
"439","Brown Fish-Owl",NA,NA,NA,2016,4305610,NA,NA,NA,NA
"440","Common Babbler",NA,NA,NA,2012,3107116,NA,NA,NA,NA
"441","Indian Silverbill",NA,NA,NA,2011,3644057,NA,NA,NA,NA
"442","Jerdon's Nightjar",NA,NA,NA,2014,1558558,NA,NA,NA,NA
"443","Painted Spurfowl",NA,NA,NA,2011,1552050,NA,NA,NA,NA
"444","White-rumped Munia",NA,NA,NA,2016,5441190,NA,NA,NA,NA
"445","Changeable Hawk-Eagle",NA,NA,NA,2018,5228504,NA,NA,NA,NA
"446","Yellow-wattled Lapwing",NA,NA,NA,2015,3962287,NA,NA,NA,NA
"447","Ashy-crowned Sparrow-Lark",NA,NA,NA,2010,3407098,NA,NA,NA,NA
"448","Rose-ringed Parakeet",NA,NA,NA,2013,5117693,NA,NA,NA,NA
"449","Yellow-throated Sparrow",NA,NA,NA,2010,3415306,NA,NA,NA,NA
"450","Little Swift",NA,NA,NA,2016,4284148,NA,NA,NA,NA
"451","Pale-billed Flowerpecker",NA,NA,NA,2019,3556587,NA,NA,NA,NA
"452","Blanford's Snowfinch",289,11134,180,2018,100428,NA,NA,NA,NA
"453","Common Greenshank",NA,NA,NA,2016,6985323,NA,NA,NA,NA
"454","Rufous-tailed Rock-Thrush",22,390785,24,2015,1436019,NA,NA,NA,NA
"455","Temminck's Stint",NA,NA,NA,2007,4518257,NA,NA,NA,NA
"456","Dusky Crag-Martin",NA,NA,NA,2009,2915510,NA,NA,NA,NA
"457","Indian Blackbird",NA,NA,NA,2008,1822840,NA,NA,NA,NA
"458","Rufous-tailed Lark",NA,NA,NA,2015,2565333,NA,NA,NA,NA
"459","Blue-throated Flycatcher",NA,NA,NA,2015,4295667,NA,NA,NA,NA
"460","Red-breasted Flycatcher",NA,NA,NA,2012,3174188,NA,NA,NA,NA
"461","Verditer Flycatcher",NA,NA,NA,2014,4531889,NA,NA,NA,NA
"462","Chestnut-tailed Starling",NA,NA,NA,2014,4401341,NA,NA,NA,NA
"463","Paddyfield Warbler",NA,NA,NA,2015,3756171,NA,NA,NA,NA
"464","Black-crested Bulbul",NA,NA,NA,2017,2038642,NA,NA,NA,NA
"465","Bar-winged Flycatcher-shrike",NA,NA,NA,2013,3781192,NA,NA,NA,NA
"466","Indian Nuthatch",NA,NA,NA,2020,2007164,NA,NA,NA,NA
"467","Pale-chinned Flycatcher",3198,232026,1900,2022,1023147,NA,NA,NA,NA
"468","Scarlet Minivet",NA,NA,NA,2013,3465640,NA,NA,NA,NA
"469","Black-throated Munia",NA,NA,NA,2015,994626,NA,NA,NA,NA
"470","Fulvous-breasted Woodpecker",NA,NA,NA,2016,2297115,NA,NA,NA,NA
"471","Green-crowned Warbler",910,290604,676,2015,1311963,NA,NA,NA,NA
"472","Gray-headed Canary-Flycatcher",NA,NA,NA,2023,4697674,NA,NA,NA,NA
"473","Large Woodshrike",3469,413783,2008,2015,1853169,NA,NA,NA,NA
"474","Rosy Minivet",1847,670107,1264,2015,2778958,NA,NA,NA,NA
"475","Pin-striped Tit-Babbler",NA,NA,NA,2019,1628806,NA,NA,NA,NA
"476","Pale-footed Bush Warbler",78,166701,64,2008,1544139,NA,NA,NA,NA
"477","Pied Thrush",429,513083,276,2011,2044138,NA,NA,NA,NA
"478","Indian Pied Starling",NA,NA,NA,2014,3868985,NA,NA,NA,NA
"479","Black-winged Stilt",NA,NA,NA,2016,7003076,NA,NA,NA,NA
"480","Common Snipe",NA,NA,NA,2015,6768788,NA,NA,NA,NA
"481","Pacific Golden-Plover",NA,NA,NA,2010,6937833,NA,NA,NA,NA
"482","River Lapwing",NA,NA,NA,2017,2708092,NA,NA,NA,NA
"483","Jungle Owlet",NA,NA,NA,2014,2677156,NA,NA,NA,NA
"484","Gray-bellied Cuckoo",NA,NA,NA,2014,5970493,NA,NA,NA,NA
"485","Tawny Pipit",NA,NA,NA,2012,2664905,NA,NA,NA,NA
"486","Thick-billed Flowerpecker",NA,NA,NA,2019,3606180,NA,NA,NA,NA
"487","White-eyed Buzzard",NA,NA,NA,2014,3389933,NA,NA,NA,NA
"488","Laggar Falcon",1167,495359,716,2011,1721721,NA,NA,NA,NA
"489","Small Pratincole",NA,NA,NA,2016,5770812,NA,NA,NA,NA
"490","Jungle Bush-Quail",NA,NA,NA,2016,2662680,NA,NA,NA,NA
"491","White Stork",880,508187,592,2007,1832776,NA,NA,NA,NA
"492","Great Thick-knee",NA,NA,NA,2021,4179929,NA,NA,NA,NA
"493","Painted Sandgrouse",NA,NA,NA,2013,1622978,NA,NA,NA,NA
"494","Asian Woolly-necked Stork",NA,NA,NA,2015,4449390,NA,NA,NA,NA
"495","Cotton Pygmy-Goose",NA,NA,NA,2019,6171006,NA,NA,NA,NA
"496","Greater Painted-Snipe",NA,NA,NA,2007,6067404,NA,NA,NA,NA
"497","Mottled Wood-Owl",NA,NA,NA,2016,2611402,NA,NA,NA,NA
"498","Red Avadavat",NA,NA,NA,2020,3883213,NA,NA,NA,NA
"499","Siberian Pipit",45,39364,36,2014,134746,NA,NA,NA,NA
"500","Eurasian Nightjar",146,4923,112,2017,15125,18370,NA,NA,NA
"501","Gadwall",NA,NA,NA,2017,4515791,NA,NA,NA,NA
"502","Marbled Duck",15,83479,12,2013,237806,NA,NA,NA,NA
"503","Tufted Duck",NA,NA,NA,2015,4332029,NA,NA,NA,NA
"504","Black-winged Kite",NA,NA,NA,2017,5039735,NA,NA,NA,NA
"505","Black-headed Bunting",NA,NA,NA,2015,3052252,NA,"2003-2014 to 2015-2025",-86446,-2.75420483584218
"506","Bristled Grassbird",763,611146,356,2015,2827451,NA,"2009-2014 to 2015-2025",-43436,-1.51298324302277
"507","Gray-headed Fish-Eagle",NA,NA,NA,2016,2487363,NA,NA,NA,NA
"508","Gray-headed Swamphen",NA,NA,NA,2010,6028640,NA,NA,NA,NA
"509","White-naped Woodpecker",NA,NA,NA,2010,2105491,NA,NA,NA,NA
"510","Chinese Vivid Niltava",36,361,28,2020,576,2758,"2008-2019 to 2020-2025",-127003,-99.5487847405572
"511","Slaty-legged Crake",616,498873,472,2009,2996118,NA,NA,NA,NA
"512","White-bellied Woodpecker",NA,NA,NA,2013,760636,NA,NA,NA,NA
"513","Short-toed Snake-Eagle",NA,NA,NA,2015,4439772,NA,NA,NA,NA
"514","Alpine Swift",NA,NA,NA,2016,4021072,NA,NA,NA,NA
"515","Black-crowned Night Heron",NA,NA,NA,2022,7180031,NA,NA,NA,NA
"516","Oriental Darter",NA,NA,NA,2016,5610915,NA,NA,NA,NA
"517","River Tern",NA,NA,NA,2013,4339374,NA,NA,NA,NA
"518","Wire-tailed Swallow",NA,NA,NA,2015,3591559,NA,NA,NA,NA
"519","Southern Hill Myna",NA,NA,NA,2014,158150,NA,NA,NA,NA
"520","Crested Serpent-Eagle",NA,NA,NA,2017,6530684,NA,NA,NA,NA
"521","Hair-crested Drongo",NA,NA,NA,2010,4048619,NA,NA,NA,NA
"522","Indian Scops-Owl",NA,NA,NA,2019,3581873,NA,NA,NA,NA
"523","Thick-billed Warbler",NA,NA,NA,2019,3782680,NA,"2007-2018 to 2019-2025",-313169,-7.64601066886203
"524","Knob-billed Duck",NA,NA,NA,2014,5241079,NA,NA,NA,NA
"525","Red-crested Pochard",NA,NA,NA,2013,3801479,NA,NA,NA,NA
"526","Eurasian Spoonbill",NA,NA,NA,2012,3983212,NA,NA,NA,NA
"527","Black-necked Crane",703,10780,360,2013,149395,NA,NA,NA,NA
"528","Ward's Trogon",825,42811,216,2017,183788,NA,NA,NA,NA
"529","Mishmi Wren-Babbler",300,2109,80,2016,6676,9708,NA,NA,NA
"530","Northern Lapwing",2577,417706,1200,2012,2112097,NA,NA,NA,NA
"531","White-tailed Iora",NA,NA,NA,2018,1415167,NA,NA,NA,NA
"532","West Himalayan Bush Warbler",96,138319,68,2019,858758,NA,NA,NA,NA
"533","Crow-billed Drongo",164,226198,80,2012,1027991,NA,NA,NA,NA
"534","Slender-billed Babbler",200,13205,100,2016,39391,NA,NA,NA,NA
"535","Smoky Warbler",723,146216,436,2013,797282,NA,NA,NA,NA
"536","Yellow-bellied Prinia",NA,NA,NA,2015,1939841,NA,NA,NA,NA
"537","Brown Rock Chat",NA,NA,NA,2020,2425314,NA,NA,NA,NA
"538","Siberian Rubythroat",3010,658061,1888,2013,2833619,NA,NA,NA,NA
"539","Black Bulbul",NA,NA,NA,2016,1472332,NA,NA,NA,NA
"540","Black-naped Oriole",NA,NA,NA,2008,4809380,NA,NA,NA,NA
"541","Black-throated Tit",NA,NA,NA,2021,1297778,NA,NA,NA,NA
"542","Crimson Sunbird",NA,NA,NA,2014,3716647,NA,NA,NA,NA
"543","Fire-breasted Flowerpecker",NA,NA,NA,2015,1180979,NA,NA,NA,NA
"544","Gray-chinned Minivet",1830,88615,1092,2013,382809,NA,NA,NA,NA
"545","Little Pied Flycatcher",NA,NA,NA,2019,1141736,NA,NA,NA,NA
"546","Maroon Oriole",NA,NA,NA,2016,1185540,NA,NA,NA,NA
"547","Mountain Bulbul",4124,114405,2344,2018,935073,NA,NA,NA,NA
"548","Mountain Tailorbird",2624,90292,1672,2012,406650,NA,NA,NA,NA
"549","Orange-bellied Leafbird",NA,NA,NA,2020,936996,NA,NA,NA,NA
"550","Ruby-cheeked Sunbird",2711,179919,1692,2018,822999,NA,NA,NA,NA
"551","Short-billed Minivet",3234,122562,1848,2013,879062,NA,NA,NA,NA
"552","Streaked Spiderhunter",NA,NA,NA,2021,557703,NA,NA,NA,NA
"553","Sultan Tit",4173,85470,1608,2019,347329,NA,NA,NA,NA
"554","Yellow-cheeked Tit",3351,97290,1416,2018,391609,NA,NA,NA,NA
"555","Gray-throated Martin",NA,NA,NA,2017,4040575,NA,NA,NA,NA
"556","Abbott's Babbler",1534,129548,1044,2018,546924,NA,NA,NA,NA
"557","Dusky Warbler",NA,NA,NA,2013,4235899,NA,NA,NA,NA
"558","Eastern Yellow Wagtail",NA,NA,NA,2013,3749070,NA,NA,NA,NA
"559","White-throated Fantail",NA,NA,NA,2020,2206600,NA,NA,NA,NA
"560","Mangrove Whistler",762,5017,500,2015,265224,NA,NA,NA,NA
"561","Greater Flameback",NA,NA,NA,2018,1999459,NA,NA,NA,NA
"562","Baikal Bush Warbler",306,56439,160,2014,281925,NA,NA,NA,NA
"563","Stripe-breasted Woodpecker",138,16867,60,2018,64171,NA,NA,NA,NA
"564","Moustached Laughingthrush",144,4734,108,2015,23940,33223,NA,NA,NA
"565","Brown-capped Laughingthrush",70,5963,44,2013,17570,25260,NA,NA,NA
"566","White-browed Laughingthrush",189,3127,140,2021,9842,14351,NA,NA,NA
"567","Hume's Treecreeper",217,1025,60,2025,2309,3948,NA,NA,NA
"568","Little Heron",NA,NA,NA,2011,6272154,NA,NA,NA,NA
"569","Long-billed Thrush",1076,114768,760,2018,874485,NA,NA,NA,NA
"570","Maroon-backed Accentor",662,26607,444,2017,128487,NA,NA,NA,NA
"571","White-browed Bush-Robin",756,35158,472,2021,160438,NA,"2008-2020 to 2021-2025",-376916,-70.1429003732266
"572","Buff-throated Warbler",245,15805,108,2021,47320,NA,NA,NA,NA
"573","Mount Victoria Babax",83,170,20,2025,118,1411,NA,NA,NA
"574","Himalayan Thrush",114,7253,100,2021,39689,NA,NA,NA,NA
"575","Little Stint",NA,NA,NA,2010,5481378,NA,NA,NA,NA
"576","Western Hooded Pitta",963,121071,584,2014,784371,NA,"2004-2013 to 2014-2025",-755751,-49.0708359192111
"577","Indian Peafowl",NA,NA,NA,2017,3737178,NA,NA,NA,NA
"578","Common Hill Myna",NA,NA,NA,2014,2723394,NA,NA,NA,NA
"579","Oriental Reed Warbler",573,2420,216,2020,103556,NA,NA,NA,NA
"580","Plaintive Cuckoo",NA,NA,NA,2017,3284529,NA,NA,NA,NA
"581","Pallas's Grasshopper Warbler",1696,269421,668,2019,2995846,NA,NA,NA,NA
"582","Cinnamon Bittern",NA,NA,NA,2015,6584253,NA,NA,NA,NA
"583","Eurasian Moorhen",NA,NA,NA,2017,7291444,NA,NA,NA,NA
"584","White-eared Bulbul",NA,NA,NA,2022,1166688,NA,NA,NA,NA
"585","Bank Myna",NA,NA,NA,2014,3484782,NA,NA,NA,NA
"586","Black-browed Reed Warbler",402,36127,160,2013,674929,NA,NA,NA,NA
"587","Malabar Barbet",NA,NA,NA,2016,118105,NA,NA,NA,NA
"588","Malabar Flameback",NA,NA,NA,2017,483616,NA,NA,NA,NA
"589","Malabar Parakeet",NA,NA,NA,2011,261094,NA,NA,NA,NA
"590","Malabar Starling",NA,NA,NA,2015,525260,NA,NA,NA,NA
"591","Malabar Trogon",NA,NA,NA,2016,1285995,NA,NA,NA,NA
"592","Malabar Woodshrike",NA,NA,NA,2019,123564,NA,NA,NA,NA
"593","Malabar Whistling-Thrush",NA,NA,NA,2019,1560259,NA,NA,NA,NA
"594","Malabar Imperial-Pigeon",NA,NA,NA,2020,154926,NA,NA,NA,NA
"595","Vernal Hanging-Parrot",NA,NA,NA,2015,3817335,NA,NA,NA,NA
"596","White-rumped Vulture",NA,NA,NA,2000,4255167,NA,NA,NA,NA
"597","Yellow-browed Bulbul",NA,NA,NA,2014,382561,NA,NA,NA,NA
"598","Red-billed Blue-Magpie",NA,NA,NA,2018,578127,NA,NA,NA,NA
"599","Rusty-cheeked Scimitar-Babbler",NA,NA,NA,2015,463401,NA,NA,NA,NA
"600","Lesser Yellownape",NA,NA,NA,2018,4049915,NA,NA,NA,NA
"601","Malabar Gray Hornbill",NA,NA,NA,2016,197617,NA,NA,NA,NA
"602","Oriental Honey-buzzard",NA,NA,NA,2015,6997129,NA,NA,NA,NA
"603","Nilgiri Flowerpecker",NA,NA,NA,2010,327705,NA,NA,NA,NA
"604","Rufous Babbler",NA,NA,NA,2017,238326,NA,NA,NA,NA
"605","White-bellied Treepie",NA,NA,NA,2016,104438,NA,NA,NA,NA
"606","Striated Grassbird",NA,NA,NA,2020,2229535,NA,NA,NA,NA
"607","Yellow Bittern",NA,NA,NA,2016,6479705,NA,NA,NA,NA
"608","Caspian Tern",NA,NA,NA,2013,2392957,NA,NA,NA,NA
"609","Black-headed Gull",NA,NA,NA,2011,4509340,NA,NA,NA,NA
"610","Great Egret",NA,NA,NA,2017,6969923,NA,NA,NA,NA
"611","Pale Martin",752,482598,536,2009,2400751,NA,NA,NA,NA
"612","Common Shelduck",968,715322,580,2014,3130204,NA,NA,NA,NA
"613","Graylag Goose",NA,NA,NA,2011,4527368,NA,NA,NA,NA
"614","Indian Spot-billed Duck",NA,NA,NA,2014,4496580,NA,NA,NA,NA
"615","Mrs. Gould's Sunbird",3627,136927,1880,2015,1087869,NA,NA,NA,NA
"616","Banded Bay Cuckoo",NA,NA,NA,2016,4997135,NA,NA,NA,NA
"617","Indian Cuckoo",NA,NA,NA,2016,5972010,NA,NA,NA,NA
"618","Lesser Coucal",NA,NA,NA,2014,4394149,NA,NA,NA,NA
"619","Long-toed Stint",749,292536,288,2015,2269664,NA,NA,NA,NA
"620","Ruff",NA,NA,NA,2009,4370465,NA,NA,NA,NA
"621","Black-winged Cuckooshrike",NA,NA,NA,2021,1965885,NA,"2008-2020 to 2021-2025",-625564,-24.1395348814388
"622","White-winged Tern",409,849971,236,2007,4240506,NA,NA,NA,NA
"623","Brown-fronted Woodpecker",NA,NA,NA,2016,205668,NA,NA,NA,NA
"624","Green-backed Tit",NA,NA,NA,2015,1344686,NA,NA,NA,NA
"625","Gray-hooded Warbler",NA,NA,NA,2018,1552080,NA,NA,NA,NA
"626","Little Forktail",NA,NA,NA,2008,1270298,NA,NA,NA,NA
"627","Rufous-breasted Accentor",NA,NA,NA,2008,1119393,NA,NA,NA,NA
"628","Streaked Laughingthrush",NA,NA,NA,2013,574245,NA,NA,NA,NA
"629","Wedge-tailed Green-Pigeon",NA,NA,NA,2015,2166117,NA,NA,NA,NA
"630","Whiskered Yuhina",NA,NA,NA,2012,1310432,NA,NA,NA,NA
"631","White-throated Laughingthrush",NA,NA,NA,2012,443576,NA,NA,NA,NA
"632","Gray-headed Lapwing",NA,NA,NA,2008,4818426,NA,NA,NA,NA
"633","Marsh Sandpiper",NA,NA,NA,2013,5784263,NA,NA,NA,NA
"634","European Starling",NA,NA,NA,2009,4501447,NA,NA,NA,NA
"635","Indian Spotted Eagle",NA,NA,NA,2016,3878538,NA,NA,NA,NA
"636","Red-necked Falcon",NA,NA,NA,2009,4038260,NA,NA,NA,NA
"637","Spot-winged Starling",950,109267,736,2014,834324,NA,NA,NA,NA
"638","Brown Bullfinch",882,75459,516,2015,615585,NA,NA,NA,NA
"639","Chestnut-bellied Rock-Thrush",NA,NA,NA,2013,1301443,NA,NA,NA,NA
"640","Goldcrest",1649,118940,1172,2020,1030749,NA,NA,NA,NA
"641","Gray-winged Blackbird",NA,NA,NA,2013,1467712,NA,NA,NA,NA
"642","Altai Accentor",934,48522,572,2019,452890,NA,NA,NA,NA
"643","Mountain Scops-Owl",2228,167941,1660,2018,1260993,NA,NA,NA,NA
"644","Rufous-chinned Laughingthrush",1885,74315,964,2013,813894,NA,NA,NA,NA
"645","Speckled Piculet",NA,NA,NA,2015,4097614,NA,NA,NA,NA
"646","Variegated Laughingthrush",NA,NA,NA,2015,209949,NA,NA,NA,NA
"647","Scaly-breasted Cupwing",NA,NA,NA,2015,1158055,NA,NA,NA,NA
"648","Blue-capped Rock-Thrush",NA,NA,NA,2015,3536718,NA,NA,NA,NA
"649","Blue-throated Barbet",NA,NA,NA,2017,1693798,NA,NA,NA,NA
"650","Russet Sparrow",NA,NA,NA,2013,1338460,NA,NA,NA,NA
"651","Black-breasted Weaver",NA,NA,NA,2018,3802022,NA,NA,NA,NA
"652","Black-bellied Plover",NA,NA,NA,2014,4344188,NA,NA,NA,NA
"653","Eurasian Whimbrel",NA,NA,NA,2019,5190659,NA,"2006-2018 to 2019-2025",-112755,-2.12607965009538
"654","Australasian Grass-Owl",130,33114,96,2011,102958,NA,NA,NA,NA
"655","Eurasian Coot",NA,NA,NA,2008,6330078,NA,NA,NA,NA
"656","Striated Babbler",NA,NA,NA,2016,2169148,NA,NA,NA,NA
"657","Black Bittern",NA,NA,NA,2017,6355552,NA,NA,NA,NA
"658","Gray-capped Pygmy Woodpecker",NA,NA,NA,2016,1380353,NA,NA,NA,NA
"659","Malayan Night Heron",424,383775,316,2013,3847945,NA,NA,NA,NA
"660","Nilgiri Wood-Pigeon",NA,NA,NA,2017,372147,NA,NA,NA,NA
"661","Black-chinned Babbler",NA,NA,NA,2015,156238,NA,NA,NA,NA
"662","Stripe-throated Yuhina",4734,123164,1788,2009,929765,NA,NA,NA,NA
"663","Sirkeer Malkoha",NA,NA,NA,2015,2991284,NA,NA,NA,NA
"664","Red-headed Bunting",NA,NA,NA,2015,1944774,NA,NA,NA,NA
"665","Chestnut-crowned Laughingthrush",NA,NA,NA,2013,817448,NA,NA,NA,NA
"666","Black-throated Thrush",NA,NA,NA,2013,1880188,NA,NA,NA,NA
"667","Eurasian Jay",6271,135819,2296,2009,1206763,NA,NA,NA,NA
"668","Great Barbet",NA,NA,NA,2020,1438677,NA,NA,NA,NA
"669","Lineated Barbet",NA,NA,NA,2017,1216677,NA,"2010-2016 to 2017-2025",-122538,-9.1499921719994
"670","Chestnut Munia",1871,334221,1140,2015,1466628,NA,NA,NA,NA
"671","Hill Partridge",NA,NA,NA,2016,1154343,NA,NA,NA,NA
"672","Bengal Bushlark",NA,NA,NA,2019,1858323,NA,NA,NA,NA
"673","Red Collared-Dove",NA,NA,NA,2016,6583346,NA,NA,NA,NA
"674","Sarus Crane",NA,NA,NA,2014,1390638,NA,NA,NA,NA
"675","Black Francolin",NA,NA,NA,2005,2279195,NA,NA,NA,NA
"676","Black-throated Accentor",1987,81437,1444,2016,220801,NA,NA,NA,NA
"677","Brown Crake",NA,NA,NA,2014,3234502,NA,NA,NA,NA
"678","Steppe Eagle",NA,NA,NA,2014,4586720,NA,NA,NA,NA
"679","Himalayan Prinia",NA,NA,NA,2018,1147473,NA,NA,NA,NA
"680","Flame-throated Bulbul",NA,NA,NA,2011,122438,NA,NA,NA,NA
"681","White-crested Laughingthrush",NA,NA,NA,2020,1206387,NA,NA,NA,NA
"682","Booted Eagle",NA,NA,NA,2018,4871285,NA,NA,NA,NA
"683","Mountain Hawk-Eagle",NA,NA,NA,2015,1348956,NA,NA,NA,NA
"684","Crested Lark",NA,NA,NA,2016,1918345,NA,NA,NA,NA
"685","Great Cormorant",NA,NA,NA,2017,4772356,NA,NA,NA,NA
"686","Eurasian Curlew",NA,NA,NA,2011,6317238,NA,NA,NA,NA
"687","Bonelli's Eagle",NA,NA,NA,2013,3895316,NA,NA,NA,NA
"688","Blue-cheeked Bee-eater",NA,NA,NA,2013,1656919,NA,NA,NA,NA
"689","Black-necked Stork",NA,NA,NA,2018,2283077,NA,NA,NA,NA
"690","Greater Whitethroat",784,98281,640,2021,324441,NA,NA,NA,NA
"691","Red-naped Ibis",NA,NA,NA,2016,3598862,NA,NA,NA,NA
"692","White-tailed Lapwing",NA,NA,NA,2012,1835637,NA,NA,NA,NA
"693","Black-tailed Godwit",NA,NA,NA,2014,5891875,NA,NA,NA,NA
"694","Pallas's Gull",NA,NA,NA,2009,4486206,NA,NA,NA,NA
"695","Jungle Nightjar",NA,NA,NA,2015,2765734,NA,NA,NA,NA
"696","Gull-billed Tern",NA,NA,NA,2012,2998727,NA,NA,NA,NA
"697","Oriental Pratincole",NA,NA,NA,2013,5459557,NA,NA,NA,NA
"698","Spotted Redshank",NA,NA,NA,2022,4342904,NA,NA,NA,NA
"699","Chestnut-headed Bee-eater",NA,NA,NA,2018,4721143,NA,NA,NA,NA
"700","Indochinese Roller",NA,NA,NA,2014,1229893,NA,NA,NA,NA
"701","Oriental Cuckooshrike",NA,NA,NA,2015,2473392,NA,NA,NA,NA
"702","Lesser Adjutant",NA,NA,NA,2011,2824370,NA,NA,NA,NA
"703","Hen Harrier",1879,189838,1296,2020,1328774,NA,"2008-2019 to 2020-2025",-2507662,-65.3643742320624
"704","Red Junglefowl",NA,NA,NA,2015,2665716,NA,NA,NA,NA
"705","Swamp Francolin",1693,37121,908,2015,337610,NA,NA,NA,NA
"706","Taiga Flycatcher",NA,NA,NA,2020,5883552,NA,NA,NA,NA
"707","Aberrant Bush Warbler",1732,159996,1212,2015,1173241,NA,NA,NA,NA
"708","Daurian Redstart",1642,57548,1156,2011,209000,NA,NA,NA,NA
"709","Delicate Prinia",NA,NA,NA,2018,2339712,NA,NA,NA,NA
"710","Greater Adjutant",1529,31699,888,2013,123420,NA,NA,NA,NA
"711","Kalij Pheasant",NA,NA,NA,2022,1303765,NA,NA,NA,NA
"712","Kentish Plover",NA,NA,NA,2014,6041569,NA,NA,NA,NA
"713","Sand Lark",NA,NA,NA,2011,2509963,NA,NA,NA,NA
"714","Smew",46,114,20,2016,40,985,NA,NA,NA
"715","Stork-billed Kingfisher",NA,NA,NA,2014,5750511,NA,NA,NA,NA
"716","White-browed Scimitar-Babbler",3234,209933,2268,2020,1327199,NA,NA,NA,NA
"717","White-tailed Stonechat",968,190505,640,2010,1085372,NA,NA,NA,NA
"718","Lesser Black-backed Gull",NA,NA,NA,2015,3324118,NA,NA,NA,NA
"719","Ashy-throated Warbler",NA,NA,NA,2018,878671,NA,NA,NA,NA
"720","Ashy Wood-Pigeon",367,84912,276,2015,630279,NA,NA,NA,NA
"721","Barred Cuckoo-Dove",3228,95899,1752,2019,397704,NA,NA,NA,NA
"722","Bay Woodpecker",5121,99388,2348,2017,411294,NA,NA,NA,NA
"723","Black-eared Shrike-Babbler",1760,90760,980,2013,378733,NA,NA,NA,NA
"724","Black-backed Forktail",2832,101931,1460,2021,540895,NA,NA,NA,NA
"725","Black-throated Sunbird",NA,NA,NA,2021,895381,NA,NA,NA,NA
"726","Blue-winged Minla",NA,NA,NA,2016,957891,NA,NA,NA,NA
"727","Sikkim Treecreeper",2007,17405,928,2019,292589,NA,NA,NA,NA
"728","Chestnut-crowned Warbler",4214,124695,1960,2020,898463,NA,NA,NA,NA
"729","Chestnut-headed Tesia",NA,NA,NA,2013,1093354,NA,NA,NA,NA
"730","Collared Falconet",1669,142015,712,2021,643955,NA,NA,NA,NA
"731","Crimson-naped Woodpecker",1383,99167,756,2015,382250,NA,NA,NA,NA
"732","Himalayan Cutia",1736,105783,792,2013,674281,NA,NA,NA,NA
"733","Dark-breasted Rosefinch",2707,118215,1508,2013,931451,NA,NA,NA,NA
"734","Dark-rumped Rosefinch",757,29293,404,2017,142581,NA,NA,NA,NA
"735","Darjeeling Woodpecker",1363,60881,632,2013,256044,NA,NA,NA,NA
"736","Greater Necklaced Laughingthrush",3687,101733,1808,2016,516187,NA,NA,NA,NA
"737","Golden-throated Barbet",4219,93222,2028,2013,406602,NA,NA,NA,NA
"738","Green-billed Malkoha",NA,NA,NA,2018,1864641,NA,NA,NA,NA
"739","Great Hornbill",9763,838659,5336,2018,3233012,NA,NA,NA,NA
"740","Common Green-Magpie",NA,NA,NA,2018,852725,NA,NA,NA,NA
"741","Greater Yellownape",NA,NA,NA,2016,1857888,NA,NA,NA,NA
"742","Gray-bellied Tesia",3345,128788,2052,2021,902645,NA,NA,NA,NA
"743","Gray-cheeked Warbler",3403,93017,1488,2016,394451,NA,NA,NA,NA
"744","Gray-throated Babbler",3659,108335,2240,2019,543176,NA,NA,NA,NA
"745","Hodgson's Redstart",1991,58784,1260,2010,254586,NA,NA,NA,NA
"746","Hoary-throated Barwing",1040,5154,516,2018,43761,NA,NA,NA,NA
"747","House Swift",NA,NA,NA,2015,1145271,NA,NA,NA,NA
"748","Large Niltava",3647,112018,1876,2018,746802,NA,NA,NA,NA
"749","Little Bunting",2623,117176,1436,2022,772823,NA,"2013-2021 to 2022-2025",-404505,-34.3578859228343
"750","Lesser Racket-tailed Drongo",NA,NA,NA,2015,1139313,NA,NA,NA,NA
"751","Mountain Imperial-Pigeon",2245,85242,1280,2018,382150,NA,NA,NA,NA
"752","Oriental Scops-Owl",NA,NA,NA,2013,6169609,NA,NA,NA,NA
"753","Pale-headed Woodpecker",559,85574,348,2019,331380,NA,NA,NA,NA
"754","Lemon-rumped Warbler",NA,NA,NA,2015,1894215,NA,NA,NA,NA
"755","Pin-tailed Green-Pigeon",2726,118983,1384,2018,851239,NA,NA,NA,NA
"756","Plain Flowerpecker",NA,NA,NA,2021,382830,NA,NA,NA,NA
"757","Pygmy Flycatcher",1278,79418,732,2016,331868,NA,NA,NA,NA
"758","Pygmy Cupwing",4331,127868,2428,2015,884775,NA,NA,NA,NA
"759","Red-billed Leiothrix",NA,NA,NA,2020,1080221,NA,NA,NA,NA
"760","Red-headed Trogon",2725,106304,1080,2021,730539,NA,NA,NA,NA
"761","Rufous-bellied Eagle",NA,NA,NA,2007,3401985,NA,NA,NA,NA
"762","Rufous-bellied Niltava",NA,NA,NA,2015,1583483,NA,NA,NA,NA
"763","Rufous-capped Babbler",4514,75975,1740,2016,294267,NA,NA,NA,NA
"764","Rufescent Prinia",2534,75726,1756,2018,311851,NA,NA,NA,NA
"765","Rufous Sibia",NA,NA,NA,2015,475490,NA,NA,NA,NA
"766","Rufous-necked Laughingthrush",3034,82054,1884,2014,369265,NA,NA,NA,NA
"767","Rufous-winged Fulvetta",4094,99855,1572,2013,400399,NA,NA,NA,NA
"768","Scarlet Finch",1655,128847,780,2022,917251,NA,NA,NA,NA
"769","Scarlet-backed Flowerpecker",NA,NA,NA,2012,448196,NA,NA,NA,NA
"770","Silver-eared Mesia",NA,NA,NA,2018,772589,NA,NA,NA,NA
"771","Slaty-backed Forktail",2850,112245,1752,2008,842449,NA,NA,NA,NA
"772","Snowy-browed Flycatcher",2504,121246,1444,2021,870176,NA,"2007-2020 to 2021-2025",-66851,-7.13441566794496
"773","Upland Pipit",1991,44425,1136,2018,235715,NA,NA,NA,NA
"774","White-browed Fulvetta",1947,89227,936,2017,734708,NA,NA,NA,NA
"775","White-browed Piculet",2291,141816,1428,2014,703480,NA,NA,NA,NA
"776","White-browed Shrike-Babbler",NA,NA,NA,2016,1150284,NA,NA,NA,NA
"777","Whistler's Warbler",NA,NA,NA,2022,1577012,NA,NA,NA,NA
"778","White-throated Bulbul",NA,NA,NA,2016,390378,NA,NA,NA,NA
"779","White-tailed Nuthatch",NA,NA,NA,2013,1085141,NA,NA,NA,NA
"780","Yellow-browed Tit",3233,93684,1488,2016,774284,NA,NA,NA,NA
"781","Yellow-bellied Warbler",3068,88927,1688,2016,397239,NA,NA,NA,NA
"782","Ashy Bulbul",NA,NA,NA,2021,887924,NA,NA,NA,NA
"783","Bengal Florican",426,19660,128,2009,246357,NA,NA,NA,NA
"784","Blue-breasted Quail",136,30963,64,2017,158443,NA,NA,NA,NA
"785","Blue-eared Kingfisher",2959,499428,1844,2007,3590447,NA,NA,NA,NA
"786","Brown Boobook",NA,NA,NA,2016,6132677,NA,NA,NA,NA
"787","Chestnut-capped Babbler",2299,195466,1044,2020,1136556,NA,NA,NA,NA
"788","Chestnut Bunting",173,21739,104,2021,90844,NA,"2013-2020 to 2021-2025",-140916,-60.8024368593581
"789","Dark-sided Thrush",129,33158,88,2018,368173,NA,NA,NA,NA
"790","Eyebrowed Thrush",424,539782,332,2008,3572226,NA,NA,NA,NA
"791","Jerdon's Babbler",530,55274,164,2015,502676,NA,NA,NA,NA
"792","Little Spiderhunter",NA,NA,NA,2010,2301386,NA,NA,NA,NA
"793","Little Tern",NA,NA,NA,2018,4429647,NA,NA,NA,NA
"794","Long-billed Plover",550,12631,188,2019,72737,NA,NA,NA,NA
"795","Scaly Thrush",1839,595008,1336,2017,3727116,NA,NA,NA,NA
"796","Striated Yuhina",1652,85616,1160,2021,379980,NA,NA,NA,NA
"797","Thick-billed Green-Pigeon",1915,304002,988,2012,1230640,NA,NA,NA,NA
"798","White-bellied Heron",107,9504,72,2021,36932,NA,NA,NA,NA
"799","Wreathed Hornbill",1376,69920,628,2021,284276,NA,NA,NA,NA
"800","Yellow-vented Flowerpecker",915,71044,548,2012,283862,NA,NA,NA,NA
"801","Yellow-vented Warbler",1802,106636,1248,2018,555707,NA,NA,NA,NA
"802","Black-faced Bunting",654,38682,448,2020,132203,NA,"2008-2019 to 2020-2025",-792539,-85.703760925327
"803","Blossom-headed Parakeet",958,51877,336,2015,206310,NA,NA,NA,NA
"804","Blue-naped Pitta",1287,85628,680,2018,364972,NA,NA,NA,NA
"805","Great Crested Grebe",NA,NA,NA,2012,3428652,NA,NA,NA,NA
"806","Jerdon's Bushchat",48,43775,32,2015,317631,NA,NA,NA,NA
"807","Lesser Necklaced Laughingthrush",2276,101405,1492,2020,530682,NA,NA,NA,NA
"808","Nepal Fulvetta",NA,NA,NA,2020,840119,NA,NA,NA,NA
"809","Rufous-fronted Babbler",1615,129849,1128,2017,634888,NA,NA,NA,NA
"810","White-cheeked Partridge",938,61475,376,2020,239480,NA,NA,NA,NA
"811","White-hooded Babbler",830,67141,360,2016,240293,NA,NA,NA,NA
"812","Crested Finchbill",1593,38402,736,2016,156037,NA,NA,NA,NA
"813","Dark-rumped Swift",350,32538,236,2022,115053,NA,NA,NA,NA
"814","Flavescent Bulbul",2198,50464,1348,2013,201861,NA,NA,NA,NA
"815","Golden Babbler",3720,91910,1880,2019,415779,NA,NA,NA,NA
"816","Gray Sibia",3085,49366,1364,2015,191958,NA,NA,NA,NA
"817","Rusty-fronted Barwing",4385,91425,1644,2019,391537,NA,NA,NA,NA
"818","Streak-breasted Scimitar-Babbler",5089,127079,2164,2015,868939,NA,NA,NA,NA
"819","Curlew Sandpiper",NA,NA,NA,2012,4759966,NA,NA,NA,NA
"820","Great Crested Tern",NA,NA,NA,2019,3722087,NA,NA,NA,NA
"821","Greater Sand-Plover",NA,NA,NA,2012,5096232,NA,NA,NA,NA
"822","Pied Avocet",NA,NA,NA,2012,4059646,NA,NA,NA,NA
"823","Short-eared Owl",1590,866377,964,2012,3776555,NA,NA,NA,NA
"824","Kashmir Flycatcher",396,393414,284,2013,1206929,NA,NA,NA,NA
"825","Long-legged Buzzard",NA,NA,NA,2011,3900839,NA,NA,NA,NA
"826","Rufous-fronted Prinia",NA,NA,NA,2015,1488424,NA,NA,NA,NA
"827","Gray-necked Bunting",NA,NA,NA,2010,3217072,NA,NA,NA,NA
"828","Plain Leaf Warbler",74,2388,64,2024,7334,9943,"2015-2023 to 2024-2025",-1775,-19.4908825137355
"829","Cetti's Warbler",76,5160,52,2015,12212,20095,NA,NA,NA
"830","Isabelline Shrike",NA,NA,NA,2011,2590469,NA,NA,NA,NA
"831","Brooks's Leaf Warbler",239,90216,192,2009,260296,NA,NA,NA,NA
"832","Large-tailed Nightjar",NA,NA,NA,2018,3008321,NA,NA,NA,NA
"833","Greater Flamingo",NA,NA,NA,2009,2426231,NA,NA,NA,NA
"834","Pin-tailed Snipe",NA,NA,NA,2013,6144253,NA,NA,NA,NA
"835","Bar-tailed Godwit",2042,645867,1148,2013,3952301,NA,NA,NA,NA
"836","Heart-spotted Woodpecker",NA,NA,NA,2018,1231540,NA,NA,NA,NA
"837","Crimson-backed Sunbird",NA,NA,NA,2015,287540,NA,NA,NA,NA
"838","Malabar Lark",NA,NA,NA,2016,293977,NA,NA,NA,NA
"839","Crab-Plover",612,298540,316,2010,2256306,NA,NA,NA,NA
"840","Eurasian Oystercatcher",1281,392381,560,2009,1741473,NA,NA,NA,NA
"841","Nilgiri Flycatcher",4357,22071,2204,2018,68522,NA,NA,NA,NA
"842","Gray-fronted Green-Pigeon",NA,NA,NA,2015,453776,NA,NA,NA,NA
"843","White-rumped Spinetail",NA,NA,NA,2016,1715443,NA,NA,NA,NA
"844","Black-and-orange Flycatcher",3086,15414,1488,2018,55533,NA,NA,NA,NA
"845","Nilgiri Laughingthrush",1196,1375,528,2018,2185,4362,NA,NA,NA
"846","Hill Swallow",5173,22683,2716,2011,65208,NA,NA,NA,NA
"847","Great White Pelican",NA,NA,NA,2008,2406692,NA,NA,NA,NA
"848","Greater Spotted Eagle",NA,NA,NA,2010,4027199,NA,NA,NA,NA
"849","Siberian Crane",NA,NA,NA,2000,7,514,NA,NA,NA
"850","Dunlin",3067,796335,1604,2009,4022179,NA,NA,NA,NA
"851","Alpine Thrush",1356,110670,824,2018,888649,NA,NA,NA,NA
"852","Himalayan Black-lored Tit",NA,NA,NA,2019,710121,NA,NA,NA,NA
"853","Chestnut Thrush",1170,145048,776,2020,1101236,NA,NA,NA,NA
"854","Lesser Crested Tern",NA,NA,NA,2018,3966114,NA,NA,NA,NA
"855","Malabar Pied-Hornbill",NA,NA,NA,2015,1322405,NA,NA,NA,NA
"856","Vigors's Sunbird",NA,NA,NA,2014,220274,NA,NA,NA,NA
"857","Chestnut-bellied Sandgrouse",NA,NA,NA,2017,2732443,NA,NA,NA,NA
"858","Sanderling",2696,666526,1412,2014,3412524,NA,NA,NA,NA
"859","Tawny Eagle",NA,NA,NA,2012,1879204,NA,NA,NA,NA
"860","Dalmatian Pelican",NA,NA,NA,2009,504923,NA,NA,NA,NA
"861","Spanish Sparrow",291,149016,160,2009,520702,NA,NA,NA,NA
"862","Isabelline Wheatear",NA,NA,NA,2011,3166173,NA,NA,NA,NA
"863","Indian Spotted Creeper",544,273536,340,2015,894371,NA,NA,NA,NA
"864","Asian Desert Warbler",793,205383,500,2015,712238,NA,NA,NA,NA
"865","Nilgiri Thrush",525,16946,372,2015,58826,NA,NA,NA,NA
"866","Eurasian Griffon",NA,NA,NA,2005,2561440,NA,NA,NA,NA
"867","Eurasian Goshawk",290,621813,220,2010,3100518,NA,NA,NA,NA
"868","Koklass Pheasant",2452,65392,1268,2019,562734,NA,NA,NA,NA
"869","Moustached Warbler",629,138634,340,2014,422877,NA,NA,NA,NA
"870","Broad-billed Sandpiper",1508,363746,724,2015,2965375,NA,"2008-2014 to 2015-2025",-576766,-16.2829848176366
"871","Dark-fronted Babbler",NA,NA,NA,2008,155165,NA,NA,NA,NA
"872","Gray-headed Bulbul",NA,NA,NA,2016,137313,NA,NA,NA,NA
"873","Nilgiri Pipit",948,2929,488,2012,9666,14327,NA,NA,NA
"874","Painted Bush-Quail",1512,52759,1036,2015,166492,NA,NA,NA,NA
"875","White-bellied Blue Flycatcher",NA,NA,NA,2013,162203,NA,NA,NA,NA
"876","Nilgiri Sholakili",961,6277,420,2015,21211,26247,NA,NA,NA
"877","Striolated Bunting",867,236325,488,2014,794492,NA,NA,NA,NA
"878","Rock Bush-Quail",NA,NA,NA,2016,1347958,NA,NA,NA,NA
"879","Square-tailed Drongo-Cuckoo",NA,NA,NA,2021,977971,NA,NA,NA,NA
"880","Common Wood-Pigeon",861,33232,624,2015,89184,NA,NA,NA,NA
"881","Pine Bunting",518,14630,316,2021,34705,NA,"2011-2020 to 2021-2025",-13148,-27.475511579653
"882","Common Crane",NA,NA,NA,2013,2440023,NA,NA,NA,NA
"883","Cream-colored Courser",483,61101,252,2019,198961,NA,"2007-2018 to 2019-2025",-6236,-3.03921953308218
"884","Greater Hoopoe-Lark",360,26833,188,2010,108214,NA,NA,NA,NA
"885","Greater Short-toed Lark",NA,NA,NA,2012,1300550,NA,NA,NA,NA
"886","Lesser Kestrel",220,806025,100,2011,2788201,NA,NA,NA,NA
"887","Dusky Eagle-Owl",1183,375457,300,2018,1645351,NA,NA,NA,NA
"888","Lesser Fish-Eagle",1853,777663,1232,2015,3204736,NA,NA,NA,NA
"889","Lesser Flamingo",NA,NA,NA,2009,1738528,NA,NA,NA,NA
"890","Terek Sandpiper",NA,NA,NA,2010,5002466,NA,NA,NA,NA
"891","Black-breasted Parrotbill",571,27022,184,2017,100161,NA,NA,NA,NA
"892","Indian Grassbird",209,82643,128,2021,521754,NA,NA,NA,NA
"893","Swamp Grass Babbler",347,5544,156,2015,20067,29083,NA,NA,NA
"894","Blyth's Paradise-Flycatcher",1041,70199,568,2014,857338,NA,NA,NA,NA
"895","Dark-necked Tailorbird",1919,62331,920,2020,231142,NA,NA,NA,NA
"896","Fulvous Whistling-Duck",NA,NA,NA,2014,2386101,NA,NA,NA,NA
"897","Indian Swiftlet",NA,NA,NA,2022,283207,NA,NA,NA,NA
"898","Spotted Flycatcher",2404,260642,1784,2021,885777,NA,NA,NA,NA
"899","Sykes's Nightjar",451,118325,300,2008,397270,NA,NA,NA,NA
"900","Collared Scops-Owl",NA,NA,NA,2014,1712399,NA,NA,NA,NA
"901","White-naped Yuhina",1575,61990,968,2013,255317,NA,NA,NA,NA
"902","Brown Wood-Owl",NA,NA,NA,2017,4048530,NA,NA,NA,NA
"903","Chestnut-winged Cuckoo",1818,600892,1204,2012,3985752,NA,NA,NA,NA
"904","Ferruginous Flycatcher",526,45311,368,2020,174600,NA,"2014-2019 to 2020-2025",-14208,-7.52519536673326
"905","Long-billed Wren-Babbler",333,45937,180,2013,188981,NA,NA,NA,NA
"906","Himalayan Shortwing",848,97334,480,2024,729922,NA,NA,NA,NA
"907","White-gorgeted Flycatcher",1034,96122,572,2016,383959,NA,NA,NA,NA
"908","Green Shrike-Babbler",1322,147057,668,2018,1155059,NA,NA,NA,NA
"909","Indian Skimmer",1511,711859,716,2013,3374593,NA,NA,NA,NA
"910","Lesser Cuckoo",3473,986300,2048,2017,5472079,NA,NA,NA,NA
"911","Brambling",397,57578,292,2012,330013,NA,NA,NA,NA
"912","Crested Goshawk",NA,NA,NA,2013,3026524,NA,NA,NA,NA
"913","Rufous-bellied Woodpecker",3477,103721,1324,2017,884716,NA,NA,NA,NA
"914","Orange-breasted Green-Pigeon",NA,NA,NA,2011,2904300,NA,NA,NA,NA
"915","Persian Wheatear",554,41017,268,2015,147528,NA,"2006-2014 to 2015-2025",-65145,-30.6314646580164
"916","Common Flameback",1861,119460,1340,2015,364657,NA,NA,NA,NA
"917","Ashambu Laughingthrush",75,239,68,2008,704,2254,NA,NA,NA
"918","Cinereous Vulture",NA,NA,NA,2018,1740448,NA,"2004-2017 to 2018-2025",-1749947,-50.1360702295292
"919","Red-backed Shrike",852,128635,644,2013,439051,NA,NA,NA,NA
"920","Painted Francolin",NA,NA,NA,2016,1237969,NA,NA,NA,NA
"921","Western Tragopan",107,9300,100,2020,19373,29831,NA,NA,NA
"922","Bimaculated Lark",691,331771,396,2009,1074066,NA,NA,NA,NA
"923","Cheer Pheasant",857,34154,544,2013,96225,NA,NA,NA,NA
"924","Great Knot",858,427313,484,2021,1794151,NA,"2010-2020 to 2021-2025",-979358,-35.3111642700161
"925","Slaty-breasted Rail",2738,740038,1848,2015,5220965,NA,NA,NA,NA
"926","Watercock",NA,NA,NA,2017,5515834,NA,NA,NA,NA
"927","Bank Swallow",NA,NA,NA,2014,3997921,NA,NA,NA,NA
"928","Spotted Sandgrouse",20,8320,12,2013,46716,NA,NA,NA,NA
"929","Small Buttonquail",93,231888,76,2008,825003,NA,NA,NA,NA
"930","Black Baza",3079,429813,1560,2010,3651852,NA,NA,NA,NA
"931","Dollarbird",NA,NA,NA,2017,5115298,NA,NA,NA,NA
"932","Collared Grosbeak",420,53214,292,2016,662589,NA,NA,NA,NA
"933","Himalayan Owl",572,121299,396,2015,1020932,NA,NA,NA,NA
"934","Spot-winged Grosbeak",1254,121106,824,2015,966453,NA,NA,NA,NA
"935","Blanford's Rosefinch",72,7183,40,2019,145174,NA,NA,NA,NA
"936","Blyth's Swift",1526,727885,1180,2008,4660172,NA,NA,NA,NA
"937","Blue-eared Barbet",3327,79410,1796,2019,328307,NA,NA,NA,NA
"938","Black-throated Prinia",2232,27179,1156,2016,122070,NA,NA,NA,NA
"939","Himalayan Flameback",1453,169158,844,2021,759506,NA,NA,NA,NA
"940","Red Crossbill",248,84534,140,2017,961394,NA,NA,NA,NA
"941","Sapphire Flycatcher",1091,83554,636,2019,339942,NA,NA,NA,NA
"942","White-throated Needletail",477,45804,348,2007,517748,NA,NA,NA,NA
"943","Collared Kingfisher",4065,174126,1744,2014,2320678,NA,NA,NA,NA
"944","Himalayan Beautiful Rosefinch",735,20458,432,2013,291913,NA,NA,NA,NA
"945","Tawny Fish-Owl",465,29532,244,2013,290983,NA,NA,NA,NA
"946","Fork-tailed Drongo-Cuckoo",NA,NA,NA,2011,1880612,NA,NA,NA,NA
"947","Tibetan Snowcock",215,23333,120,2017,219912,NA,NA,NA,NA
"948","Rufous-tailed Scrub-Robin",730,91870,544,2014,328192,NA,NA,NA,NA
"949","Palani Laughingthrush",2395,3540,976,2015,7454,10829,NA,NA,NA
"950","Streaked Rosefinch",237,14977,192,2019,124522,NA,NA,NA,NA
"951","Mongolian Finch",396,49716,308,2012,143335,NA,NA,NA,NA
"952","White-browed Tit-Warbler",602,42507,428,2014,326537,NA,NA,NA,NA
"953","Eurasian Bittern",123,518042,72,2014,1582104,NA,NA,NA,NA
"954","Merlin",127,161441,76,2012,631252,NA,NA,NA,NA
"955","Red-throated Thrush",406,84630,280,2015,849112,NA,NA,NA,NA
"956","Pallid Scops-Owl",337,404088,252,2011,1382117,NA,NA,NA,NA
"957","Yellowhammer",283,8314,180,2021,20527,26336,NA,NA,NA
"958","Water Pipit",935,190704,548,2012,704563,NA,NA,NA,NA
"959","White-crowned Penduline-Tit",85,11493,56,2018,27867,35475,NA,NA,NA
"960","Black-crowned Sparrow-Lark",941,44236,492,2017,155874,NA,NA,NA,NA
"961","Black-bellied Sandgrouse",12,712,4,2015,2199,4544,"2000-2014 to 2015-2025",-8889,-80.1662266375711
"962","Desert Lark",825,32587,436,2017,95494,NA,NA,NA,NA
"963","Trumpeter Finch",365,12171,180,2014,52779,NA,NA,NA,NA
"964","White-browed Bushchat",417,97361,288,2013,320079,NA,NA,NA,NA
"965","Common Chaffinch",257,54341,188,2012,158585,NA,NA,NA,NA
"966","Twite",1093,62119,780,2016,355814,NA,NA,NA,NA
"967","Dusky Thrush",44,17151,36,2015,85114,NA,"2000-2014 to 2015-2025",-280534,-76.7225005242654
"968","Long-tailed Thrush",451,76695,316,2004,578935,NA,NA,NA,NA
"969","Yellow-bellied Flowerpecker",281,80788,236,2021,352447,NA,NA,NA,NA
"970","Black-headed Shrike-Babbler",1039,78898,536,2021,324252,NA,NA,NA,NA
"971","Broad-billed Warbler",711,64394,420,2013,238197,NA,NA,NA,NA
"972","Fulvous Parrotbill",126,13313,88,2021,63382,NA,NA,NA,NA
"973","Golden-breasted Fulvetta",1195,68619,552,2018,260587,NA,NA,NA,NA
"974","Slender-billed Scimitar-Babbler",1603,95758,760,2018,370435,NA,NA,NA,NA
"975","Spotted Laughingthrush",1182,17105,484,2009,298122,NA,NA,NA,NA
"976","White-throated Redstart",242,3600,140,2018,40067,NA,NA,NA,NA
"977","Hume's Bush Warbler",953,30275,488,2015,376390,NA,NA,NA,NA
"978","Brown Parrotbill",504,4942,284,2013,120695,NA,NA,NA,NA
"979","Red-necked Phalarope",139,591380,84,2008,2343357,NA,NA,NA,NA
"980","Red-tailed Shrike",766,87531,580,2015,308645,NA,NA,NA,NA
"981","Eastern Marsh Harrier",1284,157177,568,2020,2052630,NA,NA,NA,NA
"982","Pale-capped Pigeon",584,64759,300,2016,319145,NA,NA,NA,NA
"983","White-tailed Eagle",136,338310,108,2023,1682987,NA,NA,NA,NA
"984","Common Ringed Plover",299,804022,220,2013,3443237,NA,NA,NA,NA
"985","Broad-tailed Grassbird",481,94438,316,2013,320905,NA,NA,NA,NA
"986","Tibetan Blackbird",108,56006,72,2014,502519,NA,NA,NA,NA
"987","Water Rail",590,312739,308,2010,1049304,NA,NA,NA,NA
"988","Eared Grebe",281,357136,120,2014,2058861,NA,NA,NA,NA
"989","Sind Sparrow",2818,95459,1048,2011,350081,NA,NA,NA,NA
"990","Red-necked Stint",465,1265,100,2017,40621,NA,NA,NA,NA
"991","Golden-headed Cisticola",1056,508558,624,2009,2309805,NA,NA,NA,NA
"992","Baer's Pochard",48,38501,40,2003,137983,NA,NA,NA,NA
"993","Rufous-backed Redstart",277,9466,208,2022,22876,29399,"2015-2021 to 2022-2025",-9572,-29.4995029230776
"994","Blue-winged Leafbird",1530,52026,708,2018,219752,NA,NA,NA,NA
"995","Great Myna",NA,NA,NA,2018,296354,NA,NA,NA,NA
"996","Ashy Minivet",218,126839,172,2012,2378838,NA,NA,NA,NA
"997","Singing Bushlark",587,320045,404,2014,1134328,NA,NA,NA,NA
"998","Black-chinned Yuhina",2766,110157,1640,2011,788965,NA,NA,NA,NA
"999","Green Cochoa",534,93033,356,2017,497304,NA,NA,NA,NA
"1000","Spotted Elachura",1573,92532,1000,2016,387608,NA,NA,NA,NA
"1001","Sandwich Tern",685,434056,544,2007,1825357,NA,NA,NA,NA
"1002","Collared Treepie",720,67280,364,2014,281067,NA,NA,NA,NA
"1003","Assam Laughingthrush",767,30081,336,2021,106723,NA,NA,NA,NA
"1004","Andaman Bulbul",1718,3845,828,2014,13374,20161,NA,NA,NA
"1005","Andaman Coucal",3061,4898,1048,2012,14170,21300,NA,NA,NA
"1006","Andaman Cuckooshrike",476,3072,312,2019,12800,17327,NA,NA,NA
"1007","Andaman Drongo",2058,4098,940,2019,13145,19982,NA,NA,NA
"1008","Andaman Treepie",953,3208,464,2020,12822,19646,NA,NA,NA
"1009","Andaman Serpent-Eagle",802,3282,496,2014,13603,20710,NA,NA,NA
"1010","Andaman Wood-Pigeon",647,4042,416,2014,56128,NA,NA,NA,NA
"1011","Plume-toed Swiftlet",3694,6180,1400,2014,112289,NA,NA,NA,NA
"1012","White-headed Starling",1874,4562,932,2015,37565,NA,NA,NA,NA
"1013","White-crowned Forktail",571,7585,236,2023,23692,29354,"2013-2022 to 2023-2025",-10579,-30.8676556701536
"1014","Slender-billed Gull",2963,782958,1776,2012,2905711,NA,NA,NA,NA
"1015","Greater White-fronted Goose",369,369585,208,2020,1418194,NA,"2009-2019 to 2020-2025",-1227617,-46.3985139436222
"1016","Wayanad Laughingthrush",1251,21034,900,2015,61267,NA,NA,NA,NA
"1017","Black-backed Dwarf-Kingfisher",2078,568148,1316,2012,4268663,NA,NA,NA,NA
"1018","Chinese Pond-Heron",450,550998,260,2012,3796321,NA,NA,NA,NA
"1019","Ashy-headed Green-Pigeon",1232,254967,804,2015,1292241,NA,NA,NA,NA
"1020","Ruddy Kingfisher",1099,83424,584,2015,1005902,NA,NA,NA,NA
"1021","Pale-billed Parrotbill",375,67224,188,2018,267586,NA,NA,NA,NA
"1022","Black-breasted Thrush",616,73512,400,2021,377040,NA,NA,NA,NA
"1023","Gray-headed Parrotbill",333,76612,220,2016,322881,NA,NA,NA,NA
"1024","Pied Falconet",609,45494,308,2016,152373,NA,NA,NA,NA
"1025","Asian Houbara",129,26471,60,2022,113359,NA,NA,NA,NA
"1026","White-winged Duck",246,9819,104,2021,32271,NA,NA,NA,NA
"1027","Andaman Cuckoo-Dove",790,4153,560,2021,54475,NA,NA,NA,NA
"1028","Andaman Flowerpecker",1777,4168,916,2020,32036,NA,NA,NA,NA
"1029","Andaman Woodpecker",1081,3313,552,2014,12417,20045,NA,NA,NA
"1030","Asian Glossy Starling",2195,34450,1176,2019,558461,NA,NA,NA,NA
"1031","Andaman Green-Pigeon",1757,5223,976,2014,112339,NA,NA,NA,NA
"1032","Nicobar Imperial-Pigeon",495,1355,296,2014,12281,19393,NA,NA,NA
"1033","Nicobar Bulbul",175,351,120,2021,2454,4145,NA,NA,NA
"1034","Brown Hornbill",490,19755,152,2018,69428,NA,NA,NA,NA
"1035","Long-tailed Sibia",1138,46288,504,2018,225756,NA,NA,NA,NA
"1036","Rufous-headed Parrotbill",363,16370,156,2016,77748,NA,NA,NA,NA
"1037","Rufous-throated Fulvetta",683,6971,196,2015,21201,27405,NA,NA,NA
"1038","Masked Booby",44,202684,36,2014,1503552,NA,NA,NA,NA
"1039","Slaty-bellied Tesia",2166,72520,1044,2017,288012,NA,NA,NA,NA
"1040","Andaman Boobook",422,2776,272,2020,11182,16990,NA,NA,NA
"1041","Andaman Shama",1417,3691,708,2019,12849,19915,NA,NA,NA
"1042","Andaman Scops-Owl",415,2640,300,2022,10558,16289,NA,NA,NA
"1043","Freckle-breasted Woodpecker",1225,3596,648,2016,13056,19706,NA,NA,NA
"1044","Pacific Swallow",984,3806,492,2017,102030,NA,NA,NA,NA
"1045","Gray-lored Broadbill",911,64501,288,2017,224635,NA,NA,NA,NA
"1046","White-spectacled Warbler",1108,70241,644,2019,543033,NA,NA,NA,NA
"1047","Great Eared-Nightjar",588,43848,396,2020,405592,NA,NA,NA,NA
"1048","Black-naped Tern",507,17259,420,2014,835839,NA,NA,NA,NA
"1049","Van Hasselt's Sunbird",96,2472,56,2020,18237,19235,NA,NA,NA
"1050","Sclater's Monal",29,19346,28,2018,59636,NA,NA,NA,NA
"1051","Lesser Shortwing",2096,93827,1300,2021,393857,NA,NA,NA,NA
"1052","White-tailed Tropicbird",8,197716,8,2015,2148783,NA,NA,NA,NA
"1053","Gray Peacock-Pheasant",1317,64454,516,2021,245472,NA,NA,NA,NA
"1054","Saunders's Tern",157,2776,84,2021,10864,15408,"2007-2020 to 2021-2025",-2813,-20.5672641788867
"1055","Hypocolius",240,11221,124,2014,43145,NA,NA,NA,NA
"1056","Collared Pratincole",1083,603175,596,2008,2397734,NA,NA,NA,NA
"1057","Blue-fronted Robin",350,24247,196,2008,112705,NA,NA,NA,NA
"1058","Gray-sided Laughingthrush",1225,66156,544,2008,249479,NA,NA,NA,NA
"1059","Rufous-throated Wren-Babbler",837,9221,364,2013,48775,NA,NA,NA,NA
"1060","Yellow-throated Fulvetta",1499,63069,652,2016,290793,NA,NA,NA,NA
"1061","Brown Noddy",152,487276,116,2020,3736330,NA,NA,NA,NA
"1062","Black-faced Warbler",4712,81351,1800,2015,684243,NA,NA,NA,NA
"1063","Blue-winged Laughingthrush",2232,96620,1148,2016,388742,NA,NA,NA,NA
"1064","Chestnut-crowned Bush Warbler",407,87409,232,2018,725345,NA,NA,NA,NA
"1065","Spotted Bush Warbler",764,47265,384,2018,241370,NA,NA,NA,NA
"1066","Sooty Tern",28,96113,16,2004,668783,NA,NA,NA,NA
"1067","Legge's Hawk-Eagle",1143,34714,816,2020,107201,NA,NA,NA,NA
"1068","Crimson-browed Finch",497,72106,224,2017,521381,NA,NA,NA,NA
"1069","Rufous-breasted Bush-Robin",827,33209,548,2018,148344,NA,"2007-2017 to 2018-2025",-159041,-51.739997423725
"1070","Spot-winged Rosefinch",316,8275,216,2018,21199,26326,NA,NA,NA
"1071","Common Goldeneye",NA,NA,0,2013,237105,NA,NA,NA,NA
"1072","Bar-winged Wren-Babbler",319,13889,96,2021,54277,NA,NA,NA,NA
"1073","Great Slaty Woodpecker",803,115084,520,2020,766384,NA,NA,NA,NA
"1074","Red-faced Liocichla",1870,89570,992,2013,398144,NA,NA,NA,NA
"1075","Slaty-backed Flycatcher",438,74025,312,2011,385479,NA,NA,NA,NA
"1076","Sri Lanka Frogmouth",2972,36362,1268,2015,122708,NA,NA,NA,NA
"1077","Sri Lanka Bay-Owl",435,16978,148,2017,52948,NA,NA,NA,NA
"1078","Chestnut-breasted Partridge",268,28659,188,2016,107086,NA,NA,NA,NA
"1079","Rufous-backed Sibia",872,76342,504,2013,330352,NA,NA,NA,NA
"1080","Tibetan Partridge",269,11371,212,2022,132442,NA,NA,NA,NA
"1081","Upland Buzzard",750,33041,380,2013,437100,NA,NA,NA,NA
"1082","Gray-crowned Prinia",423,4563,204,2018,21003,35824,NA,NA,NA
"1083","White-throated Bushchat",11,4282,8,2021,8743,17557,"2006-2020 to 2021-2025",-230890,-96.3513195264522
"1084","Immaculate Cupwing",736,15973,352,2017,57308,NA,NA,NA,NA
"1085","Amur Falcon",NA,NA,NA,2013,5794398,NA,NA,NA,NA
"1086","Eastern Spot-billed Duck",188,58237,152,2007,265193,NA,NA,NA,NA
"1087","Caspian Plover",20,772,16,2022,1193,8087,"2008-2021 to 2022-2025",-1004598,-99.8813759051885
"1088","Andaman Nightjar",340,2819,244,2020,11040,17688,NA,NA,NA
"1089","Brown-crowned Scimitar-Babbler",443,44904,248,2023,204477,NA,NA,NA,NA
"1090","Rusty-capped Fulvetta",910,42852,492,2021,164507,NA,NA,NA,NA
"1091","Rufous-faced Warbler",1122,70964,500,2021,298970,NA,NA,NA,NA
"1092","Silver-backed Needletail",103,26942,96,2009,267249,NA,NA,NA,NA
"1093","Snowy-throated Babbler",246,1186,92,2021,3986,6781,NA,NA,NA
"1094","Streaked Wren-Babbler",634,56105,176,2021,187098,NA,NA,NA,NA
"1095","Large Scimitar-Babbler",622,46531,256,2014,145026,NA,NA,NA,NA
"1096","Rusty-bellied Shortwing",308,29682,232,2014,126187,NA,NA,NA,NA
"1097","Red-billed Scimitar-Babbler",331,37089,180,2016,137064,NA,NA,NA,NA
"1098","White-bellied Sholakili",1288,4765,556,2015,13079,18985,NA,NA,NA
"1099","Violet Cuckoo",901,81262,508,2022,781324,NA,"2014-2021 to 2022-2025",-127977,-14.0742457969181
"1100","Eyebrowed Wren-Babbler",391,15592,172,2021,55932,NA,NA,NA,NA
"1101","White-tailed Flycatcher",428,9908,160,2013,40953,NA,NA,NA,NA
"1102","Blue Pitta",6,175,8,2014,226,1594,NA,NA,NA
"1103","White-breasted Parrotbill",330,16352,188,2012,57654,NA,NA,NA,NA
"1104","Bugun Liocichla",86,183,28,2017,68,787,"2007-2016 to 2017-2025",-19,-22.2412528552197
"1105","Marsh Babbler",488,4392,116,2015,16474,24616,NA,NA,NA
"1106","Cachar Bulbul",250,7607,192,2019,41250,NA,"2008-2018 to 2019-2025",-1286,-3.02382702247141
"1107","Mountain Bamboo-Partridge",1019,25936,492,2019,123715,NA,NA,NA,NA
"1108","Asian Emerald Cuckoo",760,49743,480,2021,193545,NA,"2014-2020 to 2021-2025",-646609,-76.9631182309047
"1109","Parasitic Jaeger",46,505635,44,2010,1862968,NA,NA,NA,NA
"1110","Brown-cheeked Rail",78,13869,64,2021,43377,NA,"2012-2020 to 2021-2025",-89280,-67.3015615490759
"1111","Chin Hills Wren-Babbler",135,1956,48,2017,5979,8866,NA,NA,NA
"1112","Striped Laughingthrush",505,14772,216,2017,49709,NA,NA,NA,NA
"1113","Rufous-crowned Prinia",1198,26774,564,2022,99034,NA,NA,NA,NA
"1114","Tawny-breasted Wren-Babbler",270,739,104,2017,1649,3792,NA,NA,NA
"1115","Brown-winged Kingfisher",448,2411,164,2013,11692,18677,NA,NA,NA
"1116","Golden-crested Myna",148,45087,120,2018,155772,NA,NA,NA,NA
"1117","Russet Bush Warbler",566,52124,300,2021,231107,NA,NA,NA,NA
"1118","White-rumped Snowfinch",66,6054,36,2019,87251,NA,NA,NA,NA
"1119","Blyth's Tragopan",426,43069,168,2021,169417,NA,NA,NA,NA
"1120","Siberian Blue Robin",44,11654,52,2017,52145,NA,NA,NA,NA
"1121","Ground Tit",471,36018,328,2014,230502,NA,NA,NA,NA
"1122","Burmese Shrike",99,10359,76,2011,35858,NA,NA,NA,NA
"1123","Lesser Frigatebird",NA,NA,0,2009,1160048,NA,NA,NA,NA
"1124","Yellow-eyed Pigeon",193,22822,120,2014,61939,NA,NA,NA,NA
"1125","Long-billed Dowitcher",8,574404,8,2011,2291822,NA,NA,NA,NA
"1126","Gray-headed Bullfinch",555,19987,196,2016,57694,NA,NA,NA,NA
"1127","Chestnut-vented Nuthatch",316,29981,156,2021,113092,NA,NA,NA,NA
"1128","Gray-headed Parakeet",149,25165,120,2010,91947,NA,NA,NA,NA
"1129","Spot-breasted Parrotbill",369,49240,200,2020,161222,NA,NA,NA,NA
"1130","Spot-breasted Scimitar-Babbler",1396,36474,756,2018,136378,NA,NA,NA,NA
"1131","Eurasian Eagle-Owl",274,28655,164,2016,83621,NA,NA,NA,NA
"1132","Tibetan Lark",121,2335,64,2023,5706,8644,NA,NA,NA
"1133","Forest Owlet",373,55171,312,2019,162267,NA,NA,NA,NA
"1134","Oriental Bay-Owl",155,79528,112,2017,388775,NA,NA,NA,NA
"1135","Rufous-vented Grass Babbler",122,39378,76,2018,128882,NA,NA,NA,NA
"1136","Black-tailed Crake",730,61416,320,2020,298041,NA,NA,NA,NA
"1137","Vinaceous Rosefinch",90,90,24,2021,13,449,NA,NA,NA
"1138","Nicobar Megapode",112,941,108,2015,8374,13813,NA,NA,NA
"1139","Chestnut-backed Laughingthrush",145,2766,84,2017,5927,12326,NA,NA,NA
"1140","Hodgson's Hawk-Cuckoo",665,67454,384,2021,266408,NA,"2013-2020 to 2021-2025",-5771,-2.12043738681556
"1141","Temminck's Tragopan",177,5896,48,2009,31580,NA,NA,NA,NA
"1142","Purple Cochoa",310,58085,208,2008,233136,NA,NA,NA,NA
"1143","Spot-breasted Laughingthrush",366,17071,176,2014,72707,NA,NA,NA,NA
"1144","Gray-sided Thrush",12,204,4,2010,363,2293,NA,NA,NA
"1145","Slender-billed Oriole",258,56701,144,2013,226045,NA,NA,NA,NA
"1146","Bhutan Laughingthrush",1005,2575,380,2018,5142,7009,NA,NA,NA
"1147","Brown-throated Fulvetta",897,24562,272,2022,77621,NA,NA,NA,NA
"1148","Banasura Laughingthrush",242,424,68,2017,557,2014,NA,NA,NA
"1149","Nicobar Hooded Pitta",165,574,116,2022,958,2811,NA,NA,NA
"1150","Bridled Tern",261,260659,224,2011,1091680,NA,NA,NA,NA
"1151","White-breasted Woodswallow",577,3109,408,2009,13485,21100,NA,NA,NA
"1152","Hill Prinia",286,2056,168,2021,6960,10959,NA,NA,NA
"1153","Spot-throated Babbler",366,42439,272,2020,164381,NA,NA,NA,NA
"1154","Black-legged Kittiwake",NA,NA,0,2012,1134240,NA,NA,NA,NA
"1155","Rufous-necked Snowfinch",59,2131,60,2021,71692,NA,NA,NA,NA
"1156","Hume's Boobook",543,2994,332,2019,11850,17553,NA,NA,NA
"1157","Manipur Fulvetta",504,17483,136,2013,79689,NA,NA,NA,NA
"1158","Sikkim Wedge-billed Babbler",105,814,72,2022,1868,3615,"2013-2021 to 2022-2025",-6036,-76.3620354939547
"1159","Hodgson's Frogmouth",296,70523,216,2010,277394,NA,NA,NA,NA
"1160","Cachar Wedge-billed Babbler",390,16080,124,2021,53539,NA,NA,NA,NA
"1161","Naga Wren-Babbler",200,3473,128,2014,8977,12215,NA,NA,NA
"1162","Andaman Masked-Owl",270,2148,188,2016,9211,16411,NA,NA,NA
"1163","Lesser White-fronted Goose",16,235572,12,2008,1208967,NA,NA,NA,NA
"1164","Amur Stonechat",323,773,112,2018,3538,7714,"2010-2017 to 2018-2025",-21210,-85.7038849092321
"1165","Black-headed Bulbul",332,16205,272,2020,62696,NA,NA,NA,NA
"1166","Black-headed Greenfinch",301,3359,112,2014,7720,11558,NA,NA,NA
"1167","Godlewski's Bunting",312,38119,84,2022,210020,NA,NA,NA,NA
"1168","Japanese Sparrowhawk",91,1988,64,2014,44770,NA,NA,NA,NA
"1169","Daurian Starling",238,9741,152,2023,203391,NA,"2014-2022 to 2023-2025",-579427,-74.0181460179877
"1170","Great Spotted Woodpecker",11,102,8,2019,39,1460,NA,NA,NA
"1171","Mangrove Pitta",406,1792,120,2013,7428,12935,NA,NA,NA
"1172","Gray-crowned Warbler",330,30925,164,2013,99759,NA,NA,NA,NA
"1173","Wilson's Storm-Petrel",112,11010,96,2010,39597,NA,NA,NA,NA
"1174","Red Knot",224,586754,72,2010,2407841,NA,NA,NA,NA
"1175","Brown-rumped Minivet",38,297797,40,2011,1335313,NA,NA,NA,NA
"1176","Tundra Bean-Goose",8,32528,4,2011,184710,NA,NA,NA,NA
"1177","Flesh-footed Shearwater",28,1244,24,2015,6178,15540,NA,NA,NA
"1178","Northern Wheatear",20,4528,20,2022,13921,19958,"2013-2021 to 2022-2025",-2822217,-99.5091722659796
"1179","Asian Stubtail",8,16,16,2024,2,389,NA,NA,NA
"1180","Sichuan Leaf Warbler",292,6764,136,2018,24385,30645,NA,NA,NA
"1181","Yunnan Nuthatch",270,298,36,2019,66,872,NA,NA,NA
"1182","Swinhoe's Storm-Petrel",18,1566,16,2015,7242,22453,NA,NA,NA
"1183","Gray-eyed Bulbul",25,44,20,2018,18,524,NA,NA,NA
"1184","Hainan Blue Flycatcher",140,12842,48,2015,34504,NA,NA,NA,NA
"1185","Rock Eagle-Owl",8780,789230,5848,2012,2925554,NA,NA,NA,NA
"1186","Pale Rosefinch",18,217,16,2018,299,1847,NA,NA,NA
"1187","Nicobar Scops-Owl",26,155,24,2022,2260,4948,NA,NA,NA
"1188","Nicobar Parakeet",24,140,20,2019,2511,5067,NA,NA,NA
"1189","Finn's Weaver",NA,NA,NA,2008,545203,NA,NA,NA,NA
"1190","Great Indian Bustard",NA,NA,NA,2003,743651,NA,NA,NA,NA
"1191","Derbyan Parakeet",NA,NA,NA,2021,60,719,NA,NA,NA
"1192","Green Avadavat",NA,NA,NA,2014,316092,NA,NA,NA,NA
"1193","Lesser Florican",NA,NA,NA,2009,849597,NA,NA,NA,NA
"1194","Saker Falcon",NA,NA,NA,2014,1198616,NA,NA,NA,NA
"1195","Yellow-breasted Bunting",NA,NA,NA,2014,1690655,NA,NA,NA,NA
