"Species","Range Coverage","Mean Grid Coverage","Long-term Decline","Current Annual Decline","Current Status","Conservation Priority","Years1GEN","1GEN Decline","Years2GEN","2GEN Decline","Years3GEN","3GEN Decline","3GEN Decline Mean","3GEN Decline LCI","1GEN valid","2GEN valid","3GEN valid","Criteria A Redlist Category Proposed","Current Redlist","IUCN Different","Red List using Exp projections","Red List projections different","Projected Decline","Criterion C Redlist Category Proposed"
"Spot-billed Pelican",43.22,"59.86% (57.04, 62.68)","-106.74% (-88.39, -121.99)","-9% (-7.03, -10.98)","Rapid Decline","Moderate",9,48,18,73,27,NA,NA,NA,TRUE,TRUE,FALSE,NA,"Near Threatened",NA,"Vulnerable",NA,38,"Critically Endangered"
"Garganey",35.66,"49.3% (47.84, 50.76)","-152.25% (-148.27, -156.01)","-6.37% (-4.97, -7.76)","Rapid Decline","High",4,18,9,37,13,48,57,65,TRUE,TRUE,TRUE,"Vulnerable","Least Concern","Yes","Vulnerable","No",33,"Endangered"
"Indian Courser",23.64,"47.1% (44.7, 49.51)","-160.82% (-154.72, -165.92)","-6.95% (-4.78, -9.12)","Rapid Decline","High",4,18,8,32,12,44,58,68,TRUE,TRUE,TRUE,"Vulnerable","Near Threatened","Yes","Vulnerable","No",36,"Endangered"
"Mistle Thrush",30.59,"44.39% (40.21, 48.57)",NA,"-6% (-4.35, -7.65)","Rapid Decline","Moderate",5,20,9,33,14,46,58,67,TRUE,TRUE,TRUE,"Vulnerable","Least Concern","Yes","Vulnerable","No",32,"Endangered"
"Bank Myna",32.75,"35.57% (34.29, 36.84)","-155.27% (-151.57, -158.56)","-4.62% (-4.17, -5.07)","Rapid Decline","Moderate",3,12,6,23,10,35,38,41,TRUE,TRUE,TRUE,"Vulnerable","Least Concern","Yes","Endangered","Yes",51,"Endangered"
"Long-legged Buzzard",24.44,"44.84% (42.28, 47.4)","-168.93% (-164.58, -172.78)","-6.18% (-4.13, -8.24)","Rapid Decline","High",7,26,15,47,22,NA,NA,NA,TRUE,TRUE,FALSE,NA,"Least Concern",NA,"Near Threatened",NA,27,"Critically Endangered"
"Brown Dipper",35.77,"38.91% (36.1, 41.72)","-172.36% (-161.97, -179.62)","-5.47% (-3.93, -7.01)","Rapid Decline","Low",3,11,6,21,10,33,43,52,TRUE,TRUE,TRUE,"Vulnerable","Least Concern","Yes","Vulnerable","No",46,"Endangered"
"Northern Shoveler",34.83,"44.3% (42.95, 45.66)","-149.5% (-145.69, -153.3)","-5.34% (-3.42, -7.26)","Decline","Moderate",5,16,9,27,14,39,54,65,TRUE,TRUE,TRUE,"Vulnerable","Least Concern","Yes","Vulnerable","No",39,"Endangered"
"White-eyed Buzzard",29.89,"46.42% (45.07, 47.77)","-142.56% (-137.01, -146.72)","-4.82% (-3.2, -6.45)","Decline","Moderate",6,18,12,32,18,44,59,70,TRUE,TRUE,TRUE,"Vulnerable","Least Concern","Yes","Vulnerable","No",42,"Endangered"
"Lesser Necklaced Laughingthrush",29.58,"43.25% (38.88, 47.62)",NA,"-4.89% (-3.02, -6.77)","Decline","Moderate",4,12,8,22,12,31,45,57,TRUE,TRUE,TRUE,"Vulnerable","Least Concern","Yes","Vulnerable","No",49,"Endangered"
"Common Starling",26.43,"44.74% (41.7, 47.79)","-155.59% (-147.8, -161.23)","-4.26% (-3.01, -5.51)","Decline","High",5,14,11,29,16,39,50,60,TRUE,TRUE,TRUE,"Vulnerable","Least Concern","Yes","Vulnerable","No",38,"Endangered"
"Mrs. Gould's Sunbird",35.04,"43.82% (39.24, 48.4)",NA,"-4.84% (-2.9, -6.78)","Decline","Moderate",3,8,5,14,10,25,39,50,TRUE,TRUE,TRUE,"Near Threatened","Least Concern","Yes","Endangered","Yes",64,"Vulnerable"
"Hair-crested Drongo",36.58,"53.08% (50.78, 55.37)","-141.05% (-133.89, -146.92)","-4.05% (-2.89, -5.21)","Decline","Moderate",4,11,7,19,11,28,37,45,TRUE,TRUE,TRUE,"Near Threatened","Least Concern","Yes","Endangered","Yes",59,"Vulnerable"
"Isabelline Wheatear",26.46,"45.25% (42.15, 48.35)","-160.12% (-152.62, -166.92)","-4.95% (-2.84, -7.05)","Decline","High",3,8,5,13,10,25,40,52,TRUE,TRUE,TRUE,"Near Threatened","Least Concern","Yes","Endangered","Yes",64,"Vulnerable"
"Ruddy Shelduck",32.55,"39.68% (38.48, 40.88)","-127.6% (-121.06, -133.37)","-3.74% (-2.84, -4.63)","Decline","Moderate",6,16,13,31,19,42,52,59,TRUE,TRUE,TRUE,"Vulnerable","Least Concern","Yes","Endangered","Yes",56,"Endangered"
"Crimson Sunbird",37.59,"43.38% (41.14, 45.61)","-117.27% (-99.49, -129.24)","-4.89% (-2.8, -6.98)","Decline","Moderate",3,8,5,13,10,25,39,51,TRUE,TRUE,TRUE,"Near Threatened","Least Concern","Yes","Endangered","Yes",75,"Vulnerable"
"Ashy-crowned Sparrow-Lark",34.76,"39.24% (38.15, 40.33)","-159.14% (-156.92, -161.34)","-3.32% (-2.79, -3.85)","Decline","Moderate",3,8,6,16,10,25,29,32,TRUE,TRUE,TRUE,"Near Threatened","Least Concern","Yes","Endangered","Yes",64,"Vulnerable"
"Bonelli's Eagle",28.59,"52.19% (50.5, 53.89)","-131.4% (-122.59, -138.82)","-3.46% (-2.73, -4.18)","Decline","Moderate",11,26,23,NA,34,NA,NA,NA,TRUE,FALSE,FALSE,NA,"Least Concern",NA,"Endangered",NA,58,"Critically Endangered"
"House Crow",47.52,"33.95% (33.15, 34.75)","-72.11% (-66.95, -76.72)","-3.7% (-2.73, -4.67)","Decline","Moderate",5,13,11,26,16,36,45,53,TRUE,TRUE,TRUE,"Vulnerable","Least Concern","Yes","Endangered","Yes",74,"Endangered"
"Osprey",30.95,"52.16% (50.51, 53.82)","-155.07% (-149.95, -159.37)","-3.66% (-2.67, -4.66)","Decline","High",10,24,20,NA,29,NA,NA,NA,TRUE,FALSE,FALSE,NA,"Least Concern",NA,"Vulnerable",NA,41,"No"
"Common Kestrel",32.35,"44.99% (43.87, 46.11)","-170.33% (-168.68, -172)","-3.77% (-2.65, -4.89)","Decline","Moderate",6,15,12,28,18,38,50,59,TRUE,TRUE,TRUE,"Vulnerable","Least Concern","Yes","Near Threatened","Yes",25,"Endangered"
"Montagu's Harrier",28.35,"52.86% (50.65, 55.07)","-110.75% (-96.95, -121.35)","-5.29% (-2.58, -8)","Decline","Moderate",6,15,11,25,17,36,60,76,TRUE,TRUE,TRUE,"Vulnerable","Least Concern","Yes","Vulnerable","No",48,"Endangered"
"Scaly-bellied Woodpecker",39.13,"41.41% (38.1, 44.71)",NA,"-4.1% (-2.56, -5.64)","Decline","Moderate",4,10,7,17,11,25,37,47,TRUE,TRUE,TRUE,"Near Threatened","Least Concern","Yes","Endangered","Yes",64,"Vulnerable"
"Short-toed Snake-Eagle",29.57,"48.89% (47.52, 50.27)","-174.75% (-172.6, -176.45)","-3.11% (-2.48, -3.74)","Decline","Moderate",12,26,23,NA,35,NA,NA,NA,TRUE,FALSE,FALSE,NA,"Least Concern",NA,"Near Threatened",NA,28,"Critically Endangered"
"Lesser Racket-tailed Drongo",32.65,"45.41% (42.03, 48.78)","-135.07% (-118.22, -147.89)","-4.35% (-2.44, -6.26)","Decline","Moderate",3,7,7,16,10,22,36,48,TRUE,TRUE,TRUE,"Near Threatened","Least Concern","Yes","Endangered","Yes",61,"Vulnerable"
"Common Babbler",32.84,"39.18% (37.93, 40.44)","-90.59% (-80.74, -99.45)","-4.21% (-2.42, -6)","Decline","Moderate",6,14,11,24,17,34,52,65,TRUE,TRUE,TRUE,"Vulnerable","Least Concern","Yes","Endangered","Yes",68,"Endangered"
"Black-backed Forktail",28.2,"40.3% (36.22, 44.37)","-144.5% (-126.03, -158.27)","-5% (-2.38, -7.62)","Decline","Moderate",3,7,7,16,10,21,40,55,TRUE,TRUE,TRUE,"Near Threatened","Least Concern","Yes","Endangered","Yes",69,"Vulnerable"
"Black-winged Kite",38.6,"38.99% (38.06, 39.93)","-153.61% (-151.46, -155.66)","-3.28% (-2.37, -4.18)","Decline","Moderate",5,11,10,21,14,29,37,45,TRUE,TRUE,TRUE,"Near Threatened","Least Concern","Yes","Endangered","Yes",52,"Endangered"
"Large-billed Crow",45.96,"36.54% (35.67, 37.4)","-126.31% (-123.11, -129.13)","-3.29% (-2.37, -4.22)","Decline","Moderate",6,13,12,25,19,37,47,56,TRUE,TRUE,TRUE,"Vulnerable","Least Concern","Yes","Endangered","Yes",65,"Endangered"
"Indian Roller",41.57,"36.83% (35.9, 37.77)","-154.76% (-152.88, -156.67)","-3.24% (-2.31, -4.16)","Decline","Moderate",5,11,10,21,14,28,37,45,TRUE,TRUE,TRUE,"Near Threatened","Near Threatened","No","Endangered","Yes",54,"Endangered"
"House Sparrow",44.52,"35.35% (34.54, 36.16)","-110.19% (-106.97, -113.51)","-3.69% (-2.31, -5.06)","Decline","Moderate",5,11,10,21,15,30,43,54,TRUE,TRUE,TRUE,"Near Threatened","Least Concern","Yes","Endangered","Yes",68,"Endangered"
"Ruff",31.55,"44.12% (42.26, 45.98)","-158.93% (-155.19, -162.62)","-3.33% (-2.3, -4.35)","Decline","Moderate",6,13,13,26,19,36,47,57,TRUE,TRUE,TRUE,"Vulnerable","Least Concern","Yes","Vulnerable","No",38,"Endangered"
"Black-naped Oriole",37.99,"61.79% (59.1, 64.48)","-112.07% (-95.47, -125.59)","-4.14% (-2.28, -6)","Decline","Moderate",4,9,8,17,12,24,40,52,TRUE,TRUE,TRUE,"Near Threatened","Least Concern","Yes","Endangered","Yes",69,"Vulnerable"
"Russet Sparrow",47.06,"41.1% (38.38, 43.82)","-90.31% (-68.97, -108.18)","-3.83% (-2.26, -5.39)","Decline","Moderate",3,7,6,13,10,20,32,43,TRUE,TRUE,TRUE,"Least Concern","Least Concern","No","Endangered","Yes",77,"Vulnerable"
"Common Teal",32.33,"44.56% (43.16, 45.95)","-149.39% (-145.64, -153.47)","-4.02% (-2.21, -5.83)","Decline","Moderate",6,13,11,22,17,32,50,64,TRUE,TRUE,TRUE,"Vulnerable","Least Concern","Yes","Vulnerable","No",46,"Endangered"
"Northern Pintail",33.6,"44.75% (43.46, 46.04)","-161.82% (-159.05, -164.35)","-3.35% (-2.2, -4.51)","Decline","High",6,12,11,22,17,31,44,54,TRUE,TRUE,TRUE,"Vulnerable","Least Concern","Yes","Vulnerable","No",38,"Endangered"
"Jungle Myna",47.11,"46.85% (45.4, 48.3)","-106% (-98.13, -113.22)","-3.02% (-2.19, -3.85)","Decline","Moderate",3,6,6,12,10,20,26,32,TRUE,TRUE,TRUE,"Least Concern","Least Concern","No","Endangered","Yes",80,"Vulnerable"
"Forest Wagtail",35.3,"68.14% (65.52, 70.75)","-184.34% (-181.72, -186.44)","-3.11% (-2.18, -4.05)","Decline","High",3,6,5,10,10,20,27,34,TRUE,TRUE,TRUE,"Least Concern","Least Concern","No","Vulnerable","Yes",33,"Vulnerable"
"Common Merganser",26.8,"47.56% (42.97, 52.15)","-172.77% (-162.75, -179.49)","-3.95% (-2.15, -5.74)","Decline","Moderate",6,12,12,23,19,34,53,67,TRUE,TRUE,TRUE,"Vulnerable","Least Concern","Yes","Vulnerable","No",36,"Endangered"
"Isabelline Shrike",28.75,"44.23% (41.99, 46.47)","-142.7% (-133.76, -150.48)","-4.44% (-2.13, -6.75)","Decline","Moderate",3,6,5,10,10,19,36,50,TRUE,TRUE,TRUE,"Least Concern","Least Concern","No","Endangered","Yes",68,"Vulnerable"
"Variable Wheatear",27.79,"37.72% (35.21, 40.24)","-177.28% (-174.62, -179.89)","-2.93% (-2.13, -3.73)","Decline","High",3,6,5,10,10,19,26,32,TRUE,TRUE,TRUE,"Least Concern","Least Concern","No","Endangered","Yes",51,"Vulnerable"
"White-capped Redstart",42.02,"38.41% (36.2, 40.61)","-140.04% (-132.21, -146.63)","-3.63% (-2.12, -5.14)","Decline","High",3,6,6,12,10,19,31,41,TRUE,TRUE,TRUE,"Least Concern","Least Concern","No","Endangered","Yes",75,"Vulnerable"
"Tawny Eagle",25.74,"56.42% (52.76, 60.08)","-179.01% (-175.82, -182.14)","-2.92% (-2.11, -3.73)","Decline","High",14,26,28,NA,43,NA,NA,NA,TRUE,FALSE,FALSE,NA,"Vulnerable",NA,"Near Threatened",NA,27,"Critically Endangered"
"Eurasian Coot",37.91,"41.68% (40.59, 42.77)","-118.68% (-113.22, -123.29)","-3.18% (-2.1, -4.26)","Decline","Moderate",5,10,9,17,14,26,36,46,TRUE,TRUE,TRUE,"Near Threatened","Least Concern","Yes","Endangered","Yes",64,"Vulnerable"
"Sarus Crane",28.64,"34.41% (32.22, 36.59)","-161.99% (-156.91, -166.42)","-2.95% (-2.08, -3.83)","Decline","Moderate",16,29,33,NA,49,NA,NA,NA,TRUE,FALSE,FALSE,NA,"Vulnerable",NA,"Vulnerable",NA,45,"Critically Endangered"
"Desert Wheatear",29.67,"40.55% (38.27, 42.83)","-168.18% (-164.41, -171.6)","-2.8% (-2.05, -3.55)","Decline","High",3,6,5,10,10,19,25,30,TRUE,TRUE,TRUE,"Least Concern","Least Concern","No","Endangered","Yes",55,"Vulnerable"
"Barn Swallow",42.15,"40.95% (40.03, 41.88)","-138.04% (-135.19, -140.65)","-3.3% (-2.03, -4.56)","Decline","Moderate",4,8,7,13,11,20,31,40,TRUE,TRUE,TRUE,"Least Concern","Least Concern","No","Endangered","Yes",63,"Vulnerable"
"Black-tailed Godwit",32.5,"45.47% (43.68, 47.26)","-168.22% (-165.17, -170.83)","-3.12% (-2, -4.24)","Decline","High",6,11,13,23,19,32,45,56,TRUE,TRUE,TRUE,"Vulnerable","Near Threatened","Yes","Vulnerable","No",36,"Endangered"
"Indian Bushlark",29.95,"39.45% (38.04, 40.87)","-149.45% (-144.3, -153.79)","-3.01% (-1.98, -4.03)","Decline","Moderate",3,6,6,11,10,18,26,34,TRUE,TRUE,TRUE,"Least Concern","Least Concern","No","Endangered","Yes",67,"Vulnerable"
"White-tailed Lapwing",27.74,"42.8% (39.73, 45.86)","-143.88% (-134.17, -151.49)","-3.86% (-1.98, -5.74)","Decline","Moderate",5,10,9,16,14,24,42,56,TRUE,TRUE,TRUE,"Near Threatened","Least Concern","Yes","Endangered","Yes",62,"Vulnerable"
"Green Shrike-Babbler",33.9,"51.03% (44.49, 57.57)",NA,"-3.95% (-1.96, -5.93)","Decline","Moderate",3,6,6,11,10,18,33,46,TRUE,TRUE,TRUE,"Least Concern","Least Concern","No","Endangered","Yes",74,"Vulnerable"
"Bar-headed Goose",30.82,"46.05% (44.29, 47.8)","-100.98% (-87.45, -112.59)","-3.67% (-1.93, -5.41)","Decline","Moderate",10,18,21,NA,31,NA,NA,NA,TRUE,FALSE,FALSE,NA,"Least Concern",NA,"Endangered",NA,77,"No"
"Jerdon's Leafbird",37.82,"52.64% (50.82, 54.45)","-155.31% (-150.05, -160.08)","-2.82% (-1.92, -3.73)","Decline","Moderate",3,6,6,11,10,18,25,32,TRUE,TRUE,TRUE,"Least Concern","Least Concern","No","Endangered","Yes",74,"Vulnerable"
"Black Stork",23.7,"52.4% (50.01, 54.79)","-169.85% (-164.67, -173.97)","-3.39% (-1.9, -4.89)","Decline","High",13,22,26,NA,38,NA,NA,NA,TRUE,FALSE,FALSE,NA,"Least Concern",NA,"Vulnerable",NA,44,"No"
"Eurasian Spoonbill",34.74,"43.71% (42.24, 45.18)","-152.56% (-148.87, -156.05)","-3.62% (-1.87, -5.37)","Decline","High",10,17,19,30,29,NA,NA,NA,TRUE,TRUE,FALSE,NA,"Least Concern",NA,"Vulnerable",NA,50,"Endangered"
"Tickell's Leaf Warbler",28.05,"56.55% (54.21, 58.89)","-151.76% (-145.96, -156.56)","-2.54% (-1.83, -3.25)","Decline","Moderate",3,5,5,9,10,17,23,28,TRUE,TRUE,TRUE,"Least Concern","Least Concern","No","Endangered","Yes",68,"Vulnerable"
"Rufous-necked Laughingthrush",29.46,"40.31% (36.14, 44.48)",NA,"-4.34% (-1.81, -6.86)","Decline","Moderate",4,7,8,14,12,20,41,57,TRUE,TRUE,TRUE,"Least Concern","Least Concern","No","Endangered","Yes",54,"Vulnerable"
"Rufous-tailed Lark",31.65,"41.06% (39.74, 42.39)","-182.38% (-181.29, -183.42)","-2.09% (-1.76, -2.43)","Decline","Moderate",3,5,6,10,10,16,19,22,TRUE,TRUE,TRUE,"Least Concern","Near Threatened","Yes","Endangered","Yes",53,"Vulnerable"
"Bengal Bushlark",31.98,"41.09% (38.79, 43.38)","-49.99% (-24.94, -69.72)","-3.27% (-1.73, -4.81)","Decline","Low",3,5,6,10,10,16,28,39,TRUE,TRUE,TRUE,"Least Concern","Least Concern","No","Critically Endangered","Yes",86,"Vulnerable"
"Marsh Sandpiper",32.52,"48.32% (46.73, 49.92)","-161.13% (-157.39, -164.07)","-2.7% (-1.7, -3.7)","Decline","High",6,10,12,19,18,27,39,49,TRUE,TRUE,TRUE,"Near Threatened","Least Concern","Yes","Vulnerable","Yes",44,"Vulnerable"
"White Wagtail",35.3,"37.85% (36.89, 38.81)","-155.93% (-153.48, -158.43)","-2.58% (-1.69, -3.47)","Decline","Moderate",3,5,7,11,10,16,23,30,TRUE,TRUE,TRUE,"Least Concern","Least Concern","No","Endangered","Yes",62,"Vulnerable"
"Chestnut-bellied Rock-Thrush",38.1,"45.18% (41.9, 48.46)","-150.98% (-139.38, -159.58)","-3.12% (-1.69, -4.55)","Decline","High",3,5,7,11,10,16,27,37,TRUE,TRUE,TRUE,"Least Concern","Least Concern","No","Endangered","Yes",71,"Vulnerable"
"Rufous Treepie",45.47,"38.26% (37.31, 39.2)","-90.03% (-84.51, -94.97)","-2.05% (-1.66, -2.45)","Decline","Moderate",4,6,8,13,12,18,22,26,TRUE,TRUE,TRUE,"Least Concern","Least Concern","No","Critically Endangered","Yes",84,"Vulnerable"
"White-browed Fantail",31.16,"42.75% (41.08, 44.41)","-156.78% (-153.19, -160.17)","-2.24% (-1.66, -2.83)","Decline","High",3,5,5,8,10,15,20,25,TRUE,TRUE,TRUE,"Least Concern","Least Concern","No","Endangered","Yes",75,"Vulnerable"
"Tawny Lark",30.97,"47.42% (44.82, 50.01)","-150.39% (-142.41, -157.58)","-2.57% (-1.62, -3.52)","Decline","Moderate",3,5,6,9,10,15,23,30,TRUE,TRUE,TRUE,"Least Concern","Least Concern","No","Endangered","Yes",69,"Vulnerable"
"White-rumped Spinetail",38.92,"79.84% (76.09, 83.59)","-184.85% (-181.62, -187.69)","-2.13% (-1.61, -2.66)","Decline","High",3,5,5,8,10,15,19,24,TRUE,TRUE,TRUE,"Least Concern","Least Concern","No","Endangered","Yes",52,"Vulnerable"
"Thick-billed Flowerpecker",33.56,"51.22% (49.61, 52.84)","-164.92% (-161.61, -167.84)","-3.13% (-1.6, -4.66)","Decline","Moderate",3,5,5,8,10,15,27,38,TRUE,TRUE,TRUE,"Least Concern","Least Concern","No","Endangered","Yes",63,"Vulnerable"
"Black-crested Bulbul",37.74,"37.52% (34.73, 40.31)","-130.17% (-117.59, -141.78)","-3.05% (-1.59, -4.52)","Decline","Moderate",4,6,8,12,12,18,31,43,TRUE,TRUE,TRUE,"Least Concern","Least Concern","No","Endangered","Yes",67,"Vulnerable"
"Blue Rock-Thrush",26.75,"50.03% (48.43, 51.63)","-169.7% (-166.91, -172.04)","-2.38% (-1.59, -3.17)","Decline","Moderate",3,5,7,11,10,15,21,28,TRUE,TRUE,TRUE,"Least Concern","Least Concern","No","Endangered","Yes",54,"Vulnerable"
"Malabar Lark",41.81,"66.14% (62.98, 69.3)","-168.06% (-162.16, -172.8)","-2.26% (-1.58, -2.93)","Decline","High",4,6,7,11,11,16,22,28,TRUE,TRUE,TRUE,"Least Concern","Least Concern","No","Endangered","Yes",59,"Vulnerable"
"Pallas's Gull",32.71,"45.81% (43.33, 48.29)","-162.94% (-158.22, -167.03)","-2.62% (-1.58, -3.66)","Decline","Moderate",11,16,22,NA,33,NA,NA,NA,TRUE,FALSE,FALSE,NA,"Least Concern",NA,"Endangered",NA,52,"No"
"Common Redshank",34.42,"42.43% (40.88, 43.98)","-160.16% (-156.98, -163.05)","-2.37% (-1.58, -3.16)","Decline","High",6,9,11,16,17,24,33,42,TRUE,TRUE,TRUE,"Near Threatened","Least Concern","Yes","Vulnerable","Yes",50,"Vulnerable"
"Egyptian Vulture",30.59,"41.97% (40.18, 43.76)","-180.45% (-178.85, -181.94)","-1.83% (-1.56, -2.1)","Decline","High",17,23,33,NA,50,NA,NA,NA,TRUE,FALSE,FALSE,NA,"Endangered",NA,"Vulnerable",NA,38,"No"
"Crested Lark",31.67,"36.36% (34.35, 38.36)","-145.95% (-139.6, -151.07)","-2.76% (-1.53, -3.98)","Decline","Moderate",3,5,6,9,10,14,24,33,TRUE,TRUE,TRUE,"Least Concern","Least Concern","No","Endangered","Yes",74,"Vulnerable"
"Black Redstart",32.29,"37.91% (36.81, 39.01)","-153.69% (-150.78, -156.66)","-2.37% (-1.45, -3.28)","Decline","Moderate",3,4,5,7,10,14,21,28,TRUE,TRUE,TRUE,"Least Concern","Least Concern","No","Endangered","Yes",74,"Vulnerable"
"Asian Brown Flycatcher",41.5,"61.29% (59.4, 63.18)","-143.59% (-134.73, -150.51)","-2.12% (-1.43, -2.8)","Decline","Moderate",3,4,5,7,10,13,19,25,TRUE,TRUE,TRUE,"Least Concern","Least Concern","No","Endangered","Yes",76,"Vulnerable"
"Golden-fronted Leafbird",45.09,"52.91% (50.89, 54.92)","-144.75% (-138.97, -149.89)","-2.31% (-1.4, -3.22)","Decline","Moderate",3,4,6,8,10,13,21,28,TRUE,TRUE,TRUE,"Least Concern","Least Concern","No","Critically Endangered","Yes",81,"Vulnerable"
"Gadwall",31.62,"41.43% (40.03, 42.83)","-106.99% (-97.56, -115.02)","-2.62% (-1.4, -3.84)","Decline","Moderate",4,5,9,12,13,17,29,40,TRUE,TRUE,TRUE,"Least Concern","Least Concern","No","Critically Endangered","Yes",83,"Vulnerable"
"Chestnut-bellied Sandgrouse",28.3,"42.39% (40.38, 44.4)","-170.19% (-167.24, -173.15)","-1.94% (-1.4, -2.48)","Decline","High",4,5,8,11,12,16,21,26,TRUE,TRUE,TRUE,"Least Concern","Least Concern","No","Endangered","Yes",62,"Vulnerable"
"Orange-bellied Leafbird",33.33,"39.1% (35.71, 42.49)","-127.47% (-111.49, -140.58)","-3.34% (-1.4, -5.29)","Decline","Moderate",3,4,6,8,10,13,29,42,TRUE,TRUE,TRUE,"Least Concern","Least Concern","No","Endangered","Yes",73,"Vulnerable"
"Common Sandpiper",40.25,"40.54% (39.57, 41.51)","-146.39% (-143.75, -148.88)","-1.9% (-1.37, -2.43)","Decline","Moderate",5,7,9,12,14,18,24,29,TRUE,TRUE,TRUE,"Least Concern","Least Concern","No","Endangered","Yes",66,"Vulnerable"
"Ultramarine Flycatcher",33.67,"53.08% (50.65, 55.51)","-153.17% (-143.48, -160.25)","-3.03% (-1.36, -4.69)","Decline","High",3,4,6,8,10,13,26,38,TRUE,TRUE,TRUE,"Least Concern","Least Concern","No","Endangered","Yes",72,"Vulnerable"
"Pallid Harrier",27.09,"55.95% (53.81, 58.1)","-178.43% (-176.16, -180.54)","-1.87% (-1.34, -2.4)","Decline","High",5,7,10,13,15,18,25,31,TRUE,TRUE,TRUE,"Least Concern","Near Threatened","Yes","Vulnerable","Yes",41,"Vulnerable"
"Intermediate Egret",41.43,"39.41% (38.46, 40.36)","-122.03% (-117.73, -125.84)","-1.95% (-1.28, -2.62)","Decline","Moderate",5,6,11,13,16,19,27,35,TRUE,TRUE,TRUE,"Least Concern","Least Concern","No","Endangered","Yes",78,"Vulnerable"
"Crested Bunting",25.17,"45.9% (43.92, 47.87)","-167.58% (-162.8, -171.76)","-2.43% (-1.25, -3.61)","Decline","High",3,4,5,6,10,12,22,31,TRUE,TRUE,TRUE,"Least Concern","Least Concern","No","Endangered","Yes",57,"Vulnerable"
"Red-necked Falcon",25.1,"56.59% (54.45, 58.73)","-170.89% (-166.67, -174.46)","-2.48% (-1.24, -3.72)","Decline","High",4,5,9,11,14,16,30,41,TRUE,TRUE,TRUE,"Least Concern","Near Threatened","Yes","Endangered","Yes",52,"Vulnerable"
"Little Stint",33.2,"46.1% (44.6, 47.6)","-175.97% (-174.22, -177.65)","-2.07% (-1.19, -2.95)","Decline","Moderate",4,5,9,10,13,14,24,32,TRUE,TRUE,TRUE,"Least Concern","Least Concern","No","Vulnerable","Yes",47,"Vulnerable"
"Black Kite",44.18,"39.23% (38.3, 40.17)","-110.03% (-105.61, -114.15)","-1.53% (-1.19, -1.87)","Decline","Low",9,10,19,20,28,NA,NA,NA,TRUE,TRUE,FALSE,NA,"Least Concern",NA,"Critically Endangered",NA,81,"Endangered"
