"Species","Range Coverage","Mean Grid Coverage","Long-term Decline","Current Annual Decline","Current Status","Conservation Priority","Years1GEN","1GEN Decline","Years2GEN","2GEN Decline","Years3GEN","3GEN Decline","3GEN Decline Mean","3GEN Decline LCI","1GEN valid","2GEN valid","3GEN valid","Criteria A Redlist Category Proposed","Current Redlist","IUCN Different","Red List using Exp projections","Red List projections different","Projected Decline","Uses Real Data (not projected)","Criterion C Redlist Category Proposed"
"Spot-billed Pelican",43.22,"59.86% (57.04, 62.68)","-106.74% (-88.39, -121.99)","-8.37% (-6.58, -10.16)","Rapid Decline","Moderate",9,46,18,71,27,NA,NA,NA,TRUE,TRUE,FALSE,NA,"Near Threatened",NA,NA,NA,NA,FALSE,"Critically Endangered"
"Laggar Falcon",22.93,"46.2% (41.61, 50.78)",NA,"-7.79% (-5.21, -10.37)","Rapid Decline","Moderate",6,27,12,47,18,62,77,86,TRUE,TRUE,TRUE,"Endangered","Near Threatened","Yes","Least Concern","Yes",16,FALSE,"Critically Endangered"
"Mistle Thrush",30.59,"44.39% (40.21, 48.57)",NA,"-6.01% (-4.65, -7.37)","Rapid Decline","Moderate",5,21,9,35,14,49,58,66,TRUE,TRUE,TRUE,"Vulnerable","Least Concern","Yes","Vulnerable","No",34,FALSE,"Endangered"
"Bank Myna",32.75,"35.57% (34.29, 36.84)","-155.27% (-151.57, -158.56)","-5.1% (-4.44, -5.76)","Rapid Decline","High",3,13,6,24,10,36,41,45,TRUE,TRUE,TRUE,"Vulnerable","Least Concern","Yes","Vulnerable","No",45,TRUE,"Endangered"
"White-tailed Stonechat",28.99,"52.64% (46.4, 58.87)",NA,"-6.53% (-3.89, -9.16)","Decline","Moderate",3,11,5,18,10,33,49,62,TRUE,TRUE,TRUE,"Vulnerable","Least Concern","Yes","Near Threatened","Yes",23,TRUE,"Vulnerable"
"Indian Courser",23.64,"47.1% (44.7, 49.51)","-160.82% (-154.72, -165.92)","-5.91% (-3.77, -8.05)","Rapid Decline","High",4,14,8,26,12,37,52,63,TRUE,TRUE,TRUE,"Vulnerable","Near Threatened","Yes","Endangered","Yes",51,FALSE,"Endangered"
"Brown Dipper",35.77,"38.91% (36.1, 41.72)","-172.36% (-161.97, -179.62)","-5.06% (-3.66, -6.46)","Rapid Decline","High",3,11,6,20,10,31,40,49,TRUE,TRUE,TRUE,"Vulnerable","Least Concern","Yes","Vulnerable","No",42,TRUE,"Endangered"
"Lesser Racket-tailed Drongo",32.65,"45.41% (42.03, 48.78)","-135.07% (-118.22, -147.89)","-5.27% (-3.35, -7.19)","Decline","Moderate",3,10,7,21,10,29,42,53,TRUE,TRUE,TRUE,"Near Threatened","Least Concern","Yes","Endangered","Yes",55,TRUE,"Endangered"
"Northern Shoveler",34.83,"44.3% (42.95, 45.66)","-149.5% (-145.69, -153.3)","-4.86% (-3.2, -6.52)","Decline","Moderate",5,15,9,25,14,37,50,61,TRUE,TRUE,TRUE,"Vulnerable","Least Concern","Yes","Endangered","Yes",51,FALSE,"Endangered"
"Garganey",35.66,"49.3% (47.84, 50.76)","-152.25% (-148.27, -156.01)","-5.04% (-3.15, -6.92)","Decline","Moderate",4,12,9,25,13,34,49,61,TRUE,TRUE,TRUE,"Vulnerable","Least Concern","Yes","Endangered","Yes",61,FALSE,"Endangered"
"White-eyed Buzzard",29.89,"46.42% (45.07, 47.77)","-142.56% (-137.01, -146.72)","-4.51% (-3.12, -5.89)","Decline","Moderate",6,17,12,32,18,44,56,66,TRUE,TRUE,TRUE,"Vulnerable","Least Concern","Yes","Vulnerable","No",46,FALSE,"Endangered"
"Lesser Necklaced Laughingthrush",29.58,"43.25% (38.88, 47.62)",NA,"-5.13% (-3.11, -7.16)","Decline","Moderate",4,12,8,22,12,32,47,59,TRUE,TRUE,TRUE,"Vulnerable","Least Concern","Yes","Endangered","Yes",61,FALSE,"Endangered"
"Ruddy Shelduck",32.55,"39.68% (38.48, 40.88)","-127.6% (-121.06, -133.37)","-3.83% (-3.08, -4.58)","Rapid Decline","Moderate",6,17,13,33,19,45,52,59,TRUE,TRUE,TRUE,"Vulnerable","Least Concern","Yes",NA,NA,NA,FALSE,"Endangered"
"Common Kestrel",32.35,"44.99% (43.87, 46.11)","-170.33% (-168.68, -172)","-3.96% (-3.02, -4.91)","Decline","Moderate",6,17,12,31,18,42,52,60,TRUE,TRUE,TRUE,"Vulnerable","Least Concern","Yes","Near Threatened","Yes",24,FALSE,"Endangered"
"House Crow",47.52,"33.95% (33.15, 34.75)","-72.11% (-66.95, -76.72)","-3.81% (-3.01, -4.62)","Rapid Decline","Moderate",5,14,11,29,16,39,46,53,TRUE,TRUE,TRUE,"Vulnerable","Least Concern","Yes","Endangered","Yes",69,FALSE,"Endangered"
"Black-naped Oriole",37.99,"61.79% (59.1, 64.48)","-112.07% (-95.47, -125.59)","-4.64% (-3, -6.29)","Decline","Low",4,11,8,22,12,31,43,54,TRUE,TRUE,TRUE,"Vulnerable","Least Concern","Yes","Endangered","Yes",64,FALSE,"Endangered"
"Isabelline Shrike",28.75,"44.23% (41.99, 46.47)","-142.7% (-133.76, -150.48)","-4.92% (-2.94, -6.9)","Decline","Moderate",3,9,5,14,10,26,40,51,TRUE,TRUE,TRUE,"Near Threatened","Least Concern","Yes","Endangered","Yes",59,TRUE,"Vulnerable"
"Common Starling",26.43,"44.74% (41.7, 47.79)","-155.59% (-147.8, -161.23)","-4% (-2.92, -5.08)","Decline","High",5,14,11,28,16,38,48,57,TRUE,TRUE,TRUE,"Vulnerable","Least Concern","Yes","Vulnerable","No",45,FALSE,"Endangered"
"Crimson Sunbird",37.59,"43.38% (41.14, 45.61)","-117.27% (-99.49, -129.24)","-4.66% (-2.91, -6.41)","Decline","Moderate",3,8,5,14,10,26,38,48,TRUE,TRUE,TRUE,"Near Threatened","Least Concern","Yes","Endangered","Yes",71,TRUE,"Vulnerable"
"Long-legged Buzzard",24.44,"44.84% (42.28, 47.4)","-168.93% (-164.58, -172.78)","-5.03% (-2.9, -7.16)","Decline","High",7,19,15,36,22,NA,NA,NA,TRUE,TRUE,FALSE,NA,"Least Concern",NA,NA,NA,NA,FALSE,"Endangered"
"Isabelline Wheatear",26.46,"45.25% (42.15, 48.35)","-160.12% (-152.62, -166.92)","-4.65% (-2.88, -6.42)","Decline","High",3,8,5,14,10,25,38,48,TRUE,TRUE,TRUE,"Near Threatened","Least Concern","Yes","Endangered","Yes",53,TRUE,"Vulnerable"
"Ashy-crowned Sparrow-Lark",34.76,"39.24% (38.15, 40.33)","-159.14% (-156.92, -161.34)","-3.23% (-2.79, -3.68)","Decline","Moderate",3,8,6,16,10,25,28,31,TRUE,TRUE,TRUE,"Near Threatened","Least Concern","Yes","Endangered","Yes",56,TRUE,"Vulnerable"
"Bar-headed Goose",30.82,"46.05% (44.29, 47.8)","-100.98% (-87.45, -112.59)","-4.46% (-2.77, -6.16)","Decline","Low",10,24,21,45,31,NA,NA,NA,TRUE,TRUE,FALSE,NA,"Least Concern",NA,NA,NA,NA,FALSE,"Endangered"
"Common Merganser",26.8,"47.56% (42.97, 52.15)","-172.77% (-162.75, -179.49)","-4.25% (-2.7, -5.8)","Decline","High",6,15,12,28,19,41,56,68,TRUE,TRUE,TRUE,"Vulnerable","Least Concern","Yes",NA,NA,NA,FALSE,"Endangered"
"Jungle Myna",47.11,"46.85% (45.4, 48.3)","-106% (-98.13, -113.22)","-3.78% (-2.68, -4.89)","Decline","Low",3,8,6,15,10,24,32,39,TRUE,TRUE,TRUE,"Near Threatened","Least Concern","Yes","Endangered","Yes",67,TRUE,"Vulnerable"
"Russet Sparrow",47.06,"41.1% (38.38, 43.82)","-90.31% (-68.97, -108.18)","-3.95% (-2.62, -5.28)","Decline","Moderate",3,8,6,15,10,23,33,42,TRUE,TRUE,TRUE,"Near Threatened","Least Concern","Yes","Endangered","Yes",77,TRUE,"Vulnerable"
"Barn Swallow",42.15,"40.95% (40.03, 41.88)","-138.04% (-135.19, -140.65)","-3.78% (-2.61, -4.94)","Decline","Moderate",4,10,7,17,11,25,35,43,TRUE,TRUE,TRUE,"Near Threatened","Least Concern","Yes","Endangered","Yes",60,FALSE,"Vulnerable"
"Black-winged Kite",38.6,"38.99% (38.06, 39.93)","-153.61% (-151.46, -155.66)","-3.34% (-2.6, -4.09)","Decline","Moderate",5,12,10,23,14,31,38,44,TRUE,TRUE,TRUE,"Vulnerable","Least Concern","Yes","Endangered","Yes",52,FALSE,"Endangered"
"Indian Roller",41.57,"36.83% (35.9, 37.77)","-154.76% (-152.88, -156.67)","-3.35% (-2.58, -4.11)","Decline","Moderate",5,12,10,23,14,31,38,44,TRUE,TRUE,TRUE,"Vulnerable","Near Threatened","Yes","Endangered","Yes",53,FALSE,"Endangered"
"Hair-crested Drongo",36.58,"53.08% (50.78, 55.37)","-141.05% (-133.89, -146.92)","-3.63% (-2.56, -4.7)","Decline","Moderate",4,10,7,17,11,25,33,41,TRUE,TRUE,TRUE,"Near Threatened","Least Concern","Yes","Endangered","Yes",69,FALSE,"Vulnerable"
"Forest Wagtail",35.3,"68.14% (65.52, 70.75)","-184.34% (-181.72, -186.44)","-3.37% (-2.55, -4.19)","Decline","High",3,7,5,12,10,23,29,35,TRUE,TRUE,TRUE,"Near Threatened","Least Concern","Yes","Vulnerable","Yes",34,TRUE,"Vulnerable"
"House Sparrow",44.52,"35.35% (34.54, 36.16)","-110.19% (-106.97, -113.51)","-3.61% (-2.48, -4.74)","Decline","Moderate",5,12,10,22,15,31,42,52,TRUE,TRUE,TRUE,"Vulnerable","Least Concern","Yes","Endangered","Yes",67,FALSE,"Endangered"
"Short-toed Snake-Eagle",29.57,"48.89% (47.52, 50.27)","-174.75% (-172.6, -176.45)","-3.01% (-2.47, -3.54)","Decline","Moderate",12,26,23,NA,35,NA,NA,NA,TRUE,FALSE,FALSE,NA,"Least Concern",NA,NA,NA,NA,FALSE,"Critically Endangered"
"Ruff",31.55,"44.12% (42.26, 45.98)","-158.93% (-155.19, -162.62)","-3.3% (-2.46, -4.14)","Decline","High",6,14,13,28,19,38,47,55,TRUE,TRUE,TRUE,"Vulnerable","Least Concern","Yes",NA,NA,NA,FALSE,"Endangered"
"Osprey",30.95,"52.16% (50.51, 53.82)","-155.07% (-149.95, -159.37)","-3.34% (-2.44, -4.24)","Decline","Moderate",10,22,20,39,29,NA,NA,NA,TRUE,TRUE,FALSE,NA,"Least Concern",NA,NA,NA,NA,FALSE,"Endangered"
"Sarus Crane",28.64,"34.41% (32.22, 36.59)","-161.99% (-156.91, -166.42)","-3.24% (-2.43, -4.05)","Decline","High",16,33,33,NA,49,NA,NA,NA,TRUE,FALSE,FALSE,NA,"Vulnerable",NA,NA,NA,NA,FALSE,"Critically Endangered"
"Chestnut-bellied Rock-Thrush",38.1,"45.18% (41.9, 48.46)","-150.98% (-139.38, -159.58)","-4.02% (-2.42, -5.63)","Decline","High",3,7,7,16,10,22,34,44,TRUE,TRUE,TRUE,"Near Threatened","Least Concern","Yes","Endangered","Yes",54,TRUE,"Vulnerable"
"Variable Wheatear",27.79,"37.72% (35.21, 40.24)","-177.28% (-174.62, -179.89)","-3.09% (-2.4, -3.79)","Decline","High",3,7,5,11,10,22,27,32,TRUE,TRUE,TRUE,"Near Threatened","Least Concern","Yes","Vulnerable","Yes",46,TRUE,"Vulnerable"
"Large-billed Crow",45.96,"36.54% (35.67, 37.4)","-126.31% (-123.11, -129.13)","-3.12% (-2.34, -3.9)","Decline","Moderate",6,13,12,25,19,36,45,53,TRUE,TRUE,TRUE,"Vulnerable","Least Concern","Yes",NA,NA,NA,FALSE,"Endangered"
"Rufous-necked Laughingthrush",29.46,"40.31% (36.14, 44.48)",NA,"-4.68% (-2.33, -7.03)","Decline","Moderate",4,9,8,17,12,25,44,58,TRUE,TRUE,TRUE,"Near Threatened","Least Concern","Yes","Endangered","Yes",61,FALSE,"Vulnerable"
"Eurasian Coot",37.91,"41.68% (40.59, 42.77)","-118.68% (-113.22, -123.29)","-3.2% (-2.32, -4.09)","Decline","Moderate",5,11,9,19,14,28,37,44,TRUE,TRUE,TRUE,"Near Threatened","Least Concern","Yes","Endangered","Yes",67,FALSE,"Vulnerable"
"Northern Pintail",33.6,"44.75% (43.46, 46.04)","-161.82% (-159.05, -164.35)","-3.27% (-2.32, -4.22)","Decline","High",6,13,11,23,17,33,43,52,TRUE,TRUE,TRUE,"Vulnerable","Least Concern","Yes","Vulnerable","No",44,FALSE,"Endangered"
"Montagu's Harrier",28.35,"52.86% (50.65, 55.07)","-110.75% (-96.95, -121.35)","-4.56% (-2.19, -6.93)","Decline","Low",6,12,11,22,17,31,55,71,TRUE,TRUE,TRUE,"Vulnerable","Least Concern","Yes","Endangered","Yes",66,FALSE,"Endangered"
"Common Teal",32.33,"44.56% (43.16, 45.95)","-149.39% (-145.64, -153.47)","-3.68% (-2.15, -5.21)","Decline","Moderate",6,12,11,21,17,31,47,60,TRUE,TRUE,TRUE,"Vulnerable","Least Concern","Yes","Endangered","Yes",56,FALSE,"Endangered"
"Ultramarine Flycatcher",33.67,"53.08% (50.65, 55.51)","-153.17% (-143.48, -160.25)","-3.74% (-2.14, -5.33)","Decline","High",3,6,6,12,10,19,32,42,TRUE,TRUE,TRUE,"Least Concern","Least Concern","No","Vulnerable","Yes",49,TRUE,"Vulnerable"
"Pallas's Gull",32.71,"45.81% (43.33, 48.29)","-162.94% (-158.22, -167.03)","-3.23% (-2.13, -4.33)","Decline","High",11,21,22,NA,33,NA,NA,NA,TRUE,FALSE,FALSE,NA,"Least Concern",NA,NA,NA,NA,FALSE,"No"
"Indian Bushlark",29.95,"39.45% (38.04, 40.87)","-149.45% (-144.3, -153.79)","-2.94% (-2.1, -3.79)","Decline","Moderate",3,6,6,12,10,19,26,32,TRUE,TRUE,TRUE,"Least Concern","Least Concern","No","Endangered","Yes",71,TRUE,"Vulnerable"
"White Wagtail",35.3,"37.85% (36.89, 38.81)","-155.93% (-153.48, -158.43)","-2.9% (-2.09, -3.71)","Decline","Moderate",3,6,7,14,10,19,25,31,TRUE,TRUE,TRUE,"Least Concern","Least Concern","No","Endangered","Yes",63,TRUE,"Vulnerable"
"Crested Lark",31.67,"36.36% (34.35, 38.36)","-145.95% (-139.6, -151.07)","-3.23% (-2.08, -4.38)","Decline","Moderate",3,6,6,12,10,19,28,36,TRUE,TRUE,TRUE,"Least Concern","Least Concern","No","Endangered","Yes",68,TRUE,"Vulnerable"
"Black-crested Bulbul",37.74,"37.52% (34.73, 40.31)","-130.17% (-117.59, -141.78)","-3.29% (-2.05, -4.54)","Decline","Moderate",4,8,8,15,12,22,33,43,TRUE,TRUE,TRUE,"Near Threatened","Least Concern","Yes","Endangered","Yes",66,FALSE,"Vulnerable"
"Tawny Eagle",25.74,"56.42% (52.76, 60.08)","-179.01% (-175.82, -182.14)","-2.74% (-2.03, -3.45)","Decline","High",14,25,28,NA,43,NA,NA,NA,TRUE,FALSE,FALSE,NA,"Vulnerable",NA,NA,NA,NA,FALSE,"Critically Endangered"
"Tickell's Leaf Warbler",28.05,"56.55% (54.21, 58.89)","-151.76% (-145.96, -156.56)","-2.57% (-1.98, -3.17)","Decline","Moderate",3,6,5,10,10,18,23,28,TRUE,TRUE,TRUE,"Least Concern","Least Concern","No","Endangered","Yes",71,TRUE,"Vulnerable"
"Bonelli's Eagle",28.59,"52.19% (50.5, 53.89)","-131.4% (-122.59, -138.82)","-2.87% (-1.97, -3.77)","Decline","Moderate",11,20,23,NA,34,NA,NA,NA,TRUE,FALSE,FALSE,NA,"Least Concern",NA,NA,NA,NA,FALSE,"No"
"White-tailed Lapwing",27.74,"42.8% (39.73, 45.86)","-143.88% (-134.17, -151.49)","-3.54% (-1.94, -5.14)","Decline","Moderate",5,9,9,16,14,24,40,52,TRUE,TRUE,TRUE,"Near Threatened","Least Concern","Yes","Endangered","Yes",65,FALSE,"Vulnerable"
"Mrs. Gould's Sunbird",35.04,"43.82% (39.24, 48.4)",NA,"-4.2% (-1.93, -6.48)","Decline","Moderate",3,6,5,9,10,18,35,49,TRUE,TRUE,TRUE,"Least Concern","Least Concern","No","Critically Endangered","Yes",83,TRUE,"Vulnerable"
"Jerdon's Leafbird",37.82,"52.64% (50.82, 54.45)","-155.31% (-150.05, -160.08)","-2.67% (-1.9, -3.43)","Decline","Moderate",3,6,6,11,10,17,24,29,TRUE,TRUE,TRUE,"Least Concern","Least Concern","No","Endangered","Yes",63,TRUE,"Vulnerable"
"Scaly-bellied Woodpecker",39.13,"41.41% (38.1, 44.71)",NA,"-3.85% (-1.87, -5.83)","Decline","Moderate",4,7,7,12,11,19,35,48,TRUE,TRUE,TRUE,"Least Concern","Least Concern","No","Critically Endangered","Yes",84,FALSE,"Vulnerable"
"Rufous Treepie",45.47,"38.26% (37.31, 39.2)","-90.03% (-84.51, -94.97)","-2.23% (-1.85, -2.62)","Decline","Moderate",4,7,8,14,12,20,24,27,TRUE,TRUE,TRUE,"Least Concern","Least Concern","No","Endangered","Yes",80,FALSE,"Vulnerable"
"Black-tailed Godwit",32.5,"45.47% (43.68, 47.26)","-168.22% (-165.17, -170.83)","-2.82% (-1.85, -3.8)","Decline","High",6,11,13,22,19,30,42,52,TRUE,TRUE,TRUE,"Near Threatened","Near Threatened","No",NA,NA,NA,FALSE,"Endangered"
"Rufous-vented Tit",34.42,"48.43% (42.04, 54.82)",NA,"-4.5% (-1.8, -7.21)","Decline","High",3,5,5,9,10,17,37,53,TRUE,TRUE,TRUE,"Least Concern","Least Concern","No","Endangered","Yes",76,TRUE,"Vulnerable"
"Gadwall",31.62,"41.43% (40.03, 42.83)","-106.99% (-97.56, -115.02)","-2.77% (-1.75, -3.79)","Decline","Low",4,7,9,15,13,20,31,39,TRUE,TRUE,TRUE,"Least Concern","Least Concern","No","Endangered","Yes",76,FALSE,"Vulnerable"
"Blue-capped Rock-Thrush",39.2,"63.28% (60.88, 65.69)","-155.85% (-148.76, -161.57)","-3.13% (-1.72, -4.54)","Decline","High",3,5,6,10,10,16,27,37,TRUE,TRUE,TRUE,"Least Concern","Least Concern","No","Endangered","Yes",64,TRUE,"Vulnerable"
"Spotted Redshank",27.92,"46.99% (44.98, 48.99)","-152.1% (-146.31, -156.92)","-3.14% (-1.71, -4.57)","Decline","Moderate",5,8,10,16,14,21,36,48,TRUE,TRUE,TRUE,"Near Threatened","Least Concern","Yes","Endangered","Yes",53,FALSE,"Vulnerable"
"Rufous-tailed Lark",31.65,"41.06% (39.74, 42.39)","-182.38% (-181.29, -183.42)","-1.99% (-1.69, -2.29)","Decline","Moderate",3,5,6,10,10,16,18,21,TRUE,TRUE,TRUE,"Least Concern","Near Threatened","Yes","Vulnerable","Yes",49,TRUE,"Vulnerable"
"Common Rosefinch",32.44,"52.33% (50.65, 54.01)","-109.36% (-100.23, -117.9)","-3.16% (-1.69, -4.63)","Decline","Moderate",3,5,5,8,10,16,27,38,TRUE,TRUE,TRUE,"Least Concern","Least Concern","No","Endangered","Yes",79,TRUE,"Vulnerable"
"Thick-billed Flowerpecker",33.56,"51.22% (49.61, 52.84)","-164.92% (-161.61, -167.84)","-2.95% (-1.69, -4.22)","Decline","Moderate",3,5,5,8,10,16,26,35,TRUE,TRUE,TRUE,"Least Concern","Least Concern","No","Endangered","Yes",60,TRUE,"Vulnerable"
"Egyptian Vulture",30.59,"41.97% (40.18, 43.76)","-180.45% (-178.85, -181.94)","-1.92% (-1.67, -2.17)","Decline","High",17,25,33,NA,50,NA,NA,NA,TRUE,FALSE,FALSE,NA,"Endangered",NA,NA,NA,NA,FALSE,"Critically Endangered"
"Intermediate Egret",41.43,"39.41% (38.46, 40.36)","-122.03% (-117.73, -125.84)","-2.46% (-1.66, -3.25)","Decline","Moderate",5,8,11,17,16,24,33,41,TRUE,TRUE,TRUE,"Near Threatened","Least Concern","Yes","Endangered","Yes",66,FALSE,"Vulnerable"
"Common Babbler",32.84,"39.18% (37.93, 40.44)","-90.59% (-80.74, -99.45)","-3.4% (-1.66, -5.13)","Decline","Moderate",6,10,11,17,17,25,44,59,TRUE,TRUE,TRUE,"Near Threatened","Least Concern","Yes","Critically Endangered","Yes",82,FALSE,"Vulnerable"
"Marsh Sandpiper",32.52,"48.32% (46.73, 49.92)","-161.13% (-157.39, -164.07)","-2.5% (-1.65, -3.35)","Decline","High",6,10,12,18,18,26,37,46,TRUE,TRUE,TRUE,"Near Threatened","Least Concern","Yes","Endangered","Yes",52,FALSE,"Vulnerable"
"Eurasian Spoonbill",34.74,"43.71% (42.24, 45.18)","-152.56% (-148.87, -156.05)","-3.17% (-1.65, -4.7)","Decline","Moderate",10,15,19,27,29,NA,NA,NA,TRUE,TRUE,FALSE,NA,"Least Concern",NA,NA,NA,NA,FALSE,"Endangered"
"Common Sandpiper",40.25,"40.54% (39.57, 41.51)","-146.39% (-143.75, -148.88)","-2.17% (-1.64, -2.7)","Decline","Moderate",5,8,9,14,14,21,26,32,TRUE,TRUE,TRUE,"Near Threatened","Least Concern","Yes","Endangered","Yes",62,FALSE,"Vulnerable"
"Golden-fronted Leafbird",45.09,"52.91% (50.89, 54.92)","-144.75% (-138.97, -149.89)","-2.39% (-1.64, -3.15)","Decline","Moderate",3,5,6,9,10,15,22,27,TRUE,TRUE,TRUE,"Least Concern","Least Concern","No","Endangered","Yes",68,TRUE,"Vulnerable"
"Sulphur-bellied Warbler",28.3,"47.34% (45.46, 49.22)","-150.22% (-143.42, -156.15)","-3.21% (-1.59, -4.83)","Decline","Moderate",3,5,5,8,10,15,28,39,TRUE,TRUE,TRUE,"Least Concern","Least Concern","No","Endangered","Yes",63,TRUE,"Vulnerable"
"Common Redshank",34.42,"42.43% (40.88, 43.98)","-160.16% (-156.98, -163.05)","-2.24% (-1.57, -2.9)","Decline","High",6,9,11,16,17,24,32,39,TRUE,TRUE,TRUE,"Near Threatened","Least Concern","Yes","Endangered","Yes",55,FALSE,"Vulnerable"
"White-browed Fantail",31.16,"42.75% (41.08, 44.41)","-156.78% (-153.19, -160.17)","-2.05% (-1.53, -2.58)","Decline","High",3,5,5,7,10,14,19,23,TRUE,TRUE,TRUE,"Least Concern","Least Concern","No","Endangered","Yes",71,TRUE,"Vulnerable"
"Asian Brown Flycatcher",41.5,"61.29% (59.4, 63.18)","-143.59% (-134.73, -150.51)","-2.09% (-1.52, -2.67)","Decline","Moderate",3,4,5,7,10,14,19,24,TRUE,TRUE,TRUE,"Least Concern","Least Concern","No","Critically Endangered","Yes",81,TRUE,"Vulnerable"
"Desert Wheatear",29.67,"40.55% (38.27, 42.83)","-168.18% (-164.41, -171.6)","-2.33% (-1.51, -3.15)","Decline","High",3,4,5,7,10,14,21,27,TRUE,TRUE,TRUE,"Least Concern","Least Concern","No","Endangered","Yes",71,TRUE,"Vulnerable"
"Grey Bushchat",43.78,"41.81% (39.5, 44.11)","-120.65% (-110.38, -129.07)","-2.53% (-1.5, -3.57)","Decline","Moderate",3,4,5,7,10,14,23,30,TRUE,TRUE,TRUE,"Least Concern","Least Concern","No","Endangered","Yes",79,TRUE,"Vulnerable"
"Demoiselle Crane",28.9,"40.02% (37.13, 42.9)","-180.72% (-177.57, -183.48)","-2.46% (-1.5, -3.43)","Decline","High",9,13,18,24,27,NA,NA,NA,TRUE,TRUE,FALSE,NA,"Least Concern",NA,NA,NA,NA,FALSE,"Endangered"
"Oriental Skylark",28.76,"50.51% (48.91, 52.12)","-158.98% (-155.73, -162.01)","-2.4% (-1.49, -3.31)","Decline","High",3,4,6,9,10,14,22,29,TRUE,TRUE,TRUE,"Least Concern","Least Concern","No","Endangered","Yes",72,TRUE,"Vulnerable"
"Streak-throated Woodpecker",36.14,"63.92% (60.88, 66.96)","-98.6% (-71.15, -118.72)","-3.21% (-1.49, -4.94)","Decline","Low",4,6,7,10,11,15,30,43,TRUE,TRUE,TRUE,"Least Concern","Least Concern","No","Endangered","Yes",70,FALSE,"Vulnerable"
"Blue Rock-Thrush",26.75,"50.03% (48.43, 51.63)","-169.7% (-166.91, -172.04)","-2.17% (-1.47, -2.86)","Decline","Moderate",3,4,7,10,10,14,20,25,TRUE,TRUE,TRUE,"Least Concern","Least Concern","No","Endangered","Yes",74,TRUE,"Vulnerable"
"Black Redstart",32.29,"37.91% (36.81, 39.01)","-153.69% (-150.78, -156.66)","-2.19% (-1.41, -2.97)","Decline","Moderate",3,4,5,7,10,13,20,26,TRUE,TRUE,TRUE,"Least Concern","Least Concern","No","Endangered","Yes",73,TRUE,"Vulnerable"
"Black Kite",44.18,"39.23% (38.3, 40.17)","-110.03% (-105.61, -114.15)","-1.93% (-1.4, -2.46)","Decline","Moderate",9,12,19,24,28,NA,NA,NA,TRUE,TRUE,FALSE,NA,"Least Concern",NA,NA,NA,NA,FALSE,"Endangered"
"Pied Kingfisher",38.31,"40.45% (39.43, 41.48)","-146.67% (-143.61, -149.34)","-2.2% (-1.38, -3.01)","Decline","Moderate",3,4,7,9,10,13,20,26,TRUE,TRUE,TRUE,"Least Concern","Least Concern","No","Endangered","Yes",68,TRUE,"Vulnerable"
"Sultan Tit",36.42,"41.89% (36.6, 47.19)",NA,"-2.7% (-1.37, -4.03)","Decline","Moderate",3,4,6,8,10,13,24,34,TRUE,TRUE,TRUE,"Least Concern","Least Concern","No","Critically Endangered","Yes",96,TRUE,"Vulnerable"
"Western Yellow Wagtail",36.66,"45.24% (44.09, 46.4)","-117.31% (-111.55, -122.89)","-3.16% (-1.37, -4.96)","Decline","Moderate",3,4,5,7,10,13,27,40,TRUE,TRUE,TRUE,"Least Concern","Least Concern","No","Endangered","Yes",80,TRUE,"Vulnerable"
"Malabar Lark",41.81,"66.14% (62.98, 69.3)","-168.06% (-162.16, -172.8)","-1.98% (-1.34, -2.62)","Decline","High",4,5,7,9,11,14,20,25,TRUE,TRUE,TRUE,"Least Concern","Least Concern","No","Endangered","Yes",71,FALSE,"Vulnerable"
"White-rumped Spinetail",38.92,"79.84% (76.09, 83.59)","-184.85% (-181.62, -187.69)","-1.87% (-1.34, -2.4)","Decline","High",3,4,5,7,10,13,17,22,TRUE,TRUE,TRUE,"Least Concern","Least Concern","No","Vulnerable","Yes",50,TRUE,"Vulnerable"
"Plumbeous Redstart",41.67,"38.89% (36.56, 41.21)","-165.68% (-154.01, -173.45)","-2.25% (-1.31, -3.2)","Decline","High",3,4,6,8,10,12,20,28,TRUE,TRUE,TRUE,"Least Concern","Least Concern","No","Endangered","Yes",63,TRUE,"Vulnerable"
"Pallid Harrier",27.09,"55.95% (53.81, 58.1)","-178.43% (-176.16, -180.54)","-1.76% (-1.31, -2.22)","Decline","High",5,6,10,12,15,18,23,29,TRUE,TRUE,TRUE,"Least Concern","Near Threatened","Yes","Vulnerable","Yes",46,FALSE,"Vulnerable"
"Himalayan Bulbul",61.62,"43.93% (41.19, 46.67)","-76.95% (-52.22, -95.21)","-2.55% (-1.29, -3.8)","Decline","Moderate",4,5,7,9,11,13,25,35,TRUE,TRUE,TRUE,"Least Concern","Least Concern","No","Critically Endangered","Yes",85,FALSE,"Vulnerable"
"Whiskered Tern",38.14,"50.88% (49.19, 52.58)","-156.73% (-153.49, -159.85)","-2.3% (-1.23, -3.38)","Decline","High",5,6,11,13,16,18,31,42,TRUE,TRUE,TRUE,"Least Concern","Least Concern","No","Endangered","Yes",59,FALSE,"Vulnerable"
"Himalayan Vulture",43.03,"41.37% (39.06, 43.69)","-153.04% (-147.46, -158.18)","-1.69% (-1.2, -2.18)","Decline","Moderate",15,17,29,NA,44,NA,NA,NA,TRUE,FALSE,FALSE,NA,"Near Threatened",NA,NA,NA,NA,FALSE,"No"
"Red-necked Falcon",25.1,"56.59% (54.45, 58.73)","-170.89% (-166.67, -174.46)","-2.25% (-1.2, -3.3)","Decline","High",4,5,9,10,14,16,27,37,TRUE,TRUE,TRUE,"Least Concern","Near Threatened","Yes","Endangered","Yes",64,FALSE,"Vulnerable"
