"GRID.G1","LISTS"
"114","1"
"115","1"
"244","1"
"245","1"
"374","1"
"375","0"
"503","1"
"504","1"
"633","0"
"691","0"
"692","1"
"762","1"
"763","1"
"802","1"
"820","1"
"821","1"
"822","1"
"823","1"
"824","1"
"891","1"
"892","1"
"893","1"
"949","1"
"950","1"
"951","1"
"952","1"
"953","1"
"954","1"
"955","1"
"1021","0"
"1023","0"
"1024","1"
"1078","1"
"1079","1"
"1080","1"
"1081","1"
"1082","1"
"1083","1"
"1084","1"
"1085","1"
"1153","0"
"1154","0"
"1208","1"
"1209","1"
"1210","1"
"1211","1"
"1212","1"
"1213","1"
"1214","1"
"1215","1"
"1337","1"
"1338","1"
"1339","1"
"1340","1"
"1341","1"
"1342","1"
"1343","1"
"1344","1"
"1345","1"
"1346","1"
"1347","1"
"1348","1"
"1349","1"
"1350","1"
"1351","1"
"1410","1"
"1467","1"
"1468","1"
"1469","1"
"1470","1"
"1471","1"
"1472","1"
"1473","1"
"1474","1"
"1475","1"
"1476","1"
"1477","1"
"1478","1"
"1479","1"
"1480","1"
"1540","1"
"1597","1"
"1598","1"
"1599","1"
"1600","1"
"1601","1"
"1602","1"
"1603","1"
"1604","1"
"1605","1"
"1606","1"
"1607","1"
"1608","1"
"1726","1"
"1727","1"
"1728","1"
"1729","1"
"1730","1"
"1731","1"
"1732","1"
"1733","1"
"1734","1"
"1735","1"
"1736","1"
"1737","1"
"1738","1"
"1739","1"
"1838","0"
"1839","1"
"1845","1"
"1856","1"
"1857","1"
"1858","1"
"1859","1"
"1860","1"
"1861","1"
"1862","1"
"1863","1"
"1864","1"
"1865","1"
"1866","1"
"1867","1"
"1868","1"
"1869","1"
"1870","1"
"1969","0"
"1975","1"
"1986","1"
"1987","1"
"1988","1"
"1989","1"
"1990","1"
"1991","1"
"1992","1"
"1993","1"
"1994","1"
"1995","1"
"1996","1"
"1997","1"
"1998","1"
"1999","1"
"2000","1"
"2001","1"
"2002","1"
"2100","1"
"2115","1"
"2116","1"
"2117","1"
"2118","1"
"2119","1"
"2120","1"
"2121","1"
"2122","1"
"2123","1"
"2124","1"
"2125","1"
"2126","1"
"2127","1"
"2128","1"
"2129","1"
"2130","1"
"2131","1"
"2132","1"
"2188","1"
"2189","1"
"2230","1"
"2235","0"
"2245","1"
"2246","1"
"2247","1"
"2248","1"
"2249","1"
"2250","1"
"2251","1"
"2252","1"
"2253","1"
"2254","1"
"2255","1"
"2256","1"
"2257","1"
"2258","1"
"2259","1"
"2260","1"
"2261","1"
"2262","1"
"2318","1"
"2319","1"
"2358","1"
"2359","1"
"2365","0"
"2375","1"
"2376","1"
"2377","1"
"2378","1"
"2379","1"
"2380","1"
"2381","1"
"2382","1"
"2383","1"
"2384","1"
"2385","1"
"2386","1"
"2387","1"
"2388","1"
"2389","1"
"2390","1"
"2391","1"
"2392","1"
"2447","1"
"2448","0"
"2449","1"
"2487","0"
"2488","1"
"2491","1"
"2496","0"
"2497","0"
"2504","1"
"2505","1"
"2506","1"
"2507","1"
"2508","1"
"2509","1"
"2510","1"
"2511","1"
"2512","1"
"2513","1"
"2514","1"
"2515","1"
"2516","1"
"2517","1"
"2518","1"
"2519","1"
"2520","1"
"2521","1"
"2522","1"
"2579","0"
"2580","0"
"2621","0"
"2622","0"
"2626","0"
"2627","0"
"2634","1"
"2635","1"
"2636","1"
"2637","1"
"2638","1"
"2639","1"
"2640","1"
"2641","1"
"2642","1"
"2643","1"
"2644","1"
"2645","1"
"2646","1"
"2647","1"
"2648","1"
"2649","1"
"2650","1"
"2651","1"
"2652","1"
"2709","1"
"2710","1"
"2748","1"
"2751","1"
"2752","1"
"2763","1"
"2764","1"
"2765","1"
"2766","1"
"2767","1"
"2768","1"
"2769","1"
"2770","1"
"2771","1"
"2772","1"
"2773","1"
"2774","1"
"2775","1"
"2776","1"
"2777","1"
"2778","1"
"2779","1"
"2780","1"
"2781","1"
"2782","1"
"2837","0"
"2838","0"
"2839","1"
"2840","1"
"2876","0"
"2877","0"
"2892","1"
"2893","1"
"2894","1"
"2895","1"
"2896","1"
"2897","1"
"2898","1"
"2899","1"
"2900","1"
"2901","1"
"2902","1"
"2903","1"
"2904","1"
"2905","1"
"2906","1"
"2907","1"
"2908","1"
"2909","1"
"2910","1"
"2911","1"
"2912","1"
"2969","1"
"2970","1"
"2971","1"
"3006","0"
"3007","0"
"3021","1"
"3022","1"
"3023","1"
"3024","1"
"3025","1"
"3026","1"
"3027","1"
"3028","1"
"3029","1"
"3030","1"
"3031","1"
"3032","1"
"3033","1"
"3034","1"
"3035","1"
"3036","1"
"3037","1"
"3038","1"
"3039","1"
"3040","1"
"3041","1"
"3042","1"
"3043","1"
"3099","1"
"3100","1"
"3101","1"
"3137","0"
"3151","1"
"3152","1"
"3153","1"
"3154","1"
"3155","1"
"3156","1"
"3157","1"
"3158","1"
"3159","1"
"3160","1"
"3161","1"
"3162","1"
"3163","1"
"3164","1"
"3165","1"
"3166","1"
"3167","1"
"3168","1"
"3169","1"
"3170","1"
"3171","1"
"3172","1"
"3173","1"
"3229","1"
"3230","1"
"3231","1"
"3235","1"
"3267","0"
"3280","1"
"3281","1"
"3282","1"
"3283","1"
"3284","1"
"3285","1"
"3286","1"
"3287","1"
"3288","1"
"3289","1"
"3290","1"
"3291","1"
"3292","1"
"3293","1"
"3294","1"
"3295","1"
"3296","1"
"3297","1"
"3298","1"
"3299","1"
"3300","1"
"3301","1"
"3302","1"
"3303","1"
"3304","1"
"3359","0"
"3360","1"
"3361","1"
"3410","1"
"3411","1"
"3412","1"
"3413","1"
"3414","1"
"3415","1"
"3416","1"
"3417","1"
"3418","1"
"3419","1"
"3420","1"
"3421","1"
"3422","1"
"3423","1"
"3424","1"
"3425","1"
"3426","1"
"3427","1"
"3428","1"
"3429","1"
"3430","1"
"3431","1"
"3432","1"
"3433","1"
"3434","1"
"3489","0"
"3490","1"
"3491","1"
"3540","1"
"3541","1"
"3542","1"
"3543","1"
"3544","1"
"3545","1"
"3546","1"
"3547","1"
"3548","1"
"3549","1"
"3550","1"
"3551","1"
"3552","1"
"3553","1"
"3554","1"
"3555","1"
"3556","1"
"3557","1"
"3558","1"
"3559","1"
"3560","1"
"3561","1"
"3562","1"
"3563","1"
"3564","1"
"3619","1"
"3620","1"
"3621","1"
"3670","1"
"3671","1"
"3672","1"
"3673","1"
"3674","1"
"3675","1"
"3676","1"
"3677","1"
"3678","1"
"3679","1"
"3680","1"
"3681","1"
"3682","1"
"3683","1"
"3684","1"
"3685","1"
"3686","1"
"3687","1"
"3688","1"
"3689","1"
"3690","1"
"3691","1"
"3692","1"
"3693","1"
"3694","1"
"3695","0"
"3749","1"
"3750","1"
"3751","1"
"3799","1"
"3800","1"
"3801","1"
"3802","1"
"3803","1"
"3804","1"
"3805","1"
"3806","1"
"3807","1"
"3808","1"
"3809","1"
"3810","1"
"3811","1"
"3812","1"
"3813","1"
"3814","1"
"3815","1"
"3816","1"
"3817","1"
"3818","0"
"3819","1"
"3820","1"
"3821","1"
"3822","1"
"3823","1"
"3824","1"
"3825","1"
"3880","1"
"3881","1"
"3886","1"
"3929","1"
"3930","1"
"3931","1"
"3932","1"
"3933","1"
"3934","1"
"3935","1"
"3936","1"
"3937","1"
"3938","1"
"3939","1"
"3940","1"
"3941","1"
"3942","1"
"3943","1"
"3944","1"
"3945","1"
"3946","1"
"3947","1"
"3948","1"
"3949","1"
"3950","1"
"3951","1"
"3952","1"
"3953","1"
"3954","1"
"4010","0"
"4011","1"
"4059","1"
"4060","1"
"4061","1"
"4062","1"
"4063","1"
"4064","1"
"4065","1"
"4066","1"
"4067","1"
"4068","1"
"4069","1"
"4070","1"
"4071","1"
"4072","1"
"4073","1"
"4074","1"
"4075","1"
"4076","1"
"4077","1"
"4078","1"
"4079","1"
"4080","1"
"4081","1"
"4082","1"
"4083","1"
"4084","1"
"4188","1"
"4189","1"
"4190","1"
"4191","1"
"4192","1"
"4193","1"
"4194","1"
"4195","1"
"4196","1"
"4197","1"
"4198","1"
"4199","1"
"4200","1"
"4201","1"
"4202","1"
"4203","1"
"4204","1"
"4205","1"
"4206","1"
"4207","1"
"4208","1"
"4209","1"
"4210","1"
"4211","1"
"4212","1"
"4213","1"
"4214","0"
"4318","1"
"4319","1"
"4320","1"
"4321","1"
"4322","1"
"4323","1"
"4324","1"
"4325","1"
"4326","1"
"4327","1"
"4328","1"
"4329","1"
"4330","1"
"4331","1"
"4332","1"
"4333","1"
"4334","1"
"4335","1"
"4336","1"
"4337","1"
"4338","1"
"4339","1"
"4340","1"
"4341","1"
"4342","1"
"4343","1"
"4344","1"
"4448","1"
"4449","1"
"4450","1"
"4451","1"
"4452","1"
"4453","1"
"4454","1"
"4455","1"
"4456","1"
"4457","1"
"4458","1"
"4459","1"
"4460","1"
"4461","1"
"4462","1"
"4463","1"
"4464","1"
"4465","1"
"4466","1"
"4467","1"
"4468","1"
"4469","1"
"4470","1"
"4471","1"
"4472","1"
"4473","1"
"4474","1"
"4577","1"
"4578","1"
"4579","1"
"4580","1"
"4581","1"
"4582","1"
"4583","1"
"4584","1"
"4585","1"
"4586","1"
"4587","1"
"4588","1"
"4589","1"
"4590","1"
"4591","1"
"4592","1"
"4593","1"
"4594","0"
"4595","1"
"4596","1"
"4597","1"
"4598","1"
"4599","1"
"4600","1"
"4601","1"
"4602","1"
"4603","1"
"4604","0"
"4706","1"
"4707","1"
"4708","1"
"4709","1"
"4710","1"
"4711","1"
"4712","1"
"4713","1"
"4714","1"
"4715","1"
"4716","1"
"4717","1"
"4718","1"
"4719","1"
"4720","1"
"4721","1"
"4722","1"
"4723","1"
"4724","1"
"4725","1"
"4726","1"
"4727","1"
"4728","1"
"4729","1"
"4730","1"
"4731","0"
"4732","0"
"4733","1"
"4836","1"
"4837","1"
"4838","1"
"4839","1"
"4840","1"
"4841","1"
"4842","1"
"4843","1"
"4844","1"
"4845","1"
"4846","1"
"4847","1"
"4848","1"
"4849","1"
"4850","1"
"4851","1"
"4852","1"
"4853","1"
"4854","1"
"4855","1"
"4856","1"
"4857","1"
"4858","1"
"4859","1"
"4860","0"
"4861","1"
"4862","1"
"4863","1"
"4965","1"
"4966","1"
"4967","1"
"4968","1"
"4969","1"
"4970","1"
"4971","1"
"4972","1"
"4973","1"
"4974","1"
"4975","1"
"4976","1"
"4977","1"
"4978","1"
"4979","1"
"4980","1"
"4981","1"
"4982","1"
"4983","1"
"4984","1"
"4985","1"
"4986","1"
"4987","1"
"4988","1"
"4989","1"
"4990","0"
"4991","0"
"4992","0"
"4993","1"
"4994","1"
"5095","1"
"5096","1"
"5097","1"
"5098","1"
"5099","1"
"5100","1"
"5101","1"
"5102","1"
"5103","1"
"5104","1"
"5105","1"
"5106","1"
"5107","1"
"5108","1"
"5109","1"
"5110","1"
"5111","1"
"5112","1"
"5113","0"
"5114","1"
"5115","1"
"5116","1"
"5117","1"
"5118","1"
"5119","1"
"5120","1"
"5121","1"
"5122","1"
"5123","1"
"5124","1"
"5125","0"
"5127","1"
"5224","1"
"5225","1"
"5226","1"
"5227","1"
"5228","1"
"5229","1"
"5230","1"
"5231","1"
"5232","1"
"5233","1"
"5234","1"
"5235","1"
"5236","1"
"5237","1"
"5238","1"
"5239","1"
"5240","1"
"5241","1"
"5242","1"
"5243","0"
"5244","1"
"5245","1"
"5246","1"
"5247","1"
"5248","1"
"5249","1"
"5250","1"
"5251","1"
"5252","1"
"5253","1"
"5254","1"
"5255","1"
"5256","1"
"5257","1"
"5258","1"
"5354","1"
"5355","1"
"5356","1"
"5357","1"
"5358","1"
"5359","1"
"5360","1"
"5361","1"
"5362","1"
"5363","1"
"5364","1"
"5365","1"
"5366","1"
"5367","1"
"5368","1"
"5369","1"
"5370","1"
"5371","1"
"5372","1"
"5373","1"
"5374","1"
"5375","0"
"5376","1"
"5377","1"
"5378","1"
"5379","1"
"5380","0"
"5381","1"
"5382","1"
"5383","1"
"5384","1"
"5385","1"
"5386","1"
"5387","1"
"5388","1"
"5483","0"
"5484","1"
"5485","1"
"5486","1"
"5487","1"
"5488","1"
"5489","1"
"5490","1"
"5491","1"
"5492","1"
"5493","1"
"5494","1"
"5495","1"
"5496","1"
"5497","1"
"5498","1"
"5499","1"
"5500","1"
"5501","1"
"5502","1"
"5503","1"
"5504","1"
"5505","0"
"5506","1"
"5507","1"
"5508","1"
"5509","1"
"5510","0"
"5511","0"
"5512","1"
"5513","1"
"5514","1"
"5515","1"
"5516","1"
"5517","1"
"5518","1"
"5519","1"
"5520","1"
"5521","1"
"5522","1"
"5613","1"
"5614","1"
"5615","1"
"5616","1"
"5617","1"
"5618","1"
"5619","1"
"5620","1"
"5621","1"
"5622","1"
"5623","1"
"5624","1"
"5625","1"
"5626","1"
"5627","1"
"5628","1"
"5629","1"
"5630","1"
"5631","1"
"5632","1"
"5633","1"
"5634","1"
"5635","1"
"5636","1"
"5637","1"
"5638","1"
"5639","1"
"5640","1"
"5641","1"
"5642","1"
"5643","1"
"5644","1"
"5645","1"
"5646","1"
"5647","1"
"5648","1"
"5649","1"
"5650","1"
"5651","1"
"5652","1"
"5653","1"
"5743","1"
"5744","1"
"5745","1"
"5746","1"
"5747","1"
"5748","1"
"5749","1"
"5750","1"
"5751","1"
"5752","1"
"5753","1"
"5754","1"
"5755","1"
"5756","1"
"5757","1"
"5758","1"
"5759","1"
"5760","1"
"5761","1"
"5762","0"
"5763","1"
"5764","1"
"5765","1"
"5766","1"
"5767","1"
"5768","1"
"5769","1"
"5770","1"
"5771","1"
"5772","1"
"5773","1"
"5774","1"
"5775","1"
"5776","1"
"5777","1"
"5778","1"
"5779","1"
"5780","1"
"5781","1"
"5782","1"
"5783","1"
"5784","0"
"5873","1"
"5874","1"
"5875","1"
"5876","1"
"5877","1"
"5878","1"
"5879","1"
"5880","1"
"5881","0"
"5882","1"
"5883","1"
"5884","1"
"5885","1"
"5886","1"
"5887","1"
"5888","1"
"5889","1"
"5890","1"
"5891","1"
"5892","0"
"5893","1"
"5894","0"
"5895","1"
"5896","1"
"5897","1"
"5898","1"
"5899","1"
"5900","1"
"5901","1"
"5902","0"
"5903","1"
"5904","1"
"5905","1"
"5906","0"
"5907","1"
"5908","1"
"5909","1"
"5910","1"
"5911","1"
"5912","1"
"5913","1"
"5914","0"
"6003","1"
"6004","1"
"6005","1"
"6006","1"
"6007","1"
"6008","1"
"6009","1"
"6010","1"
"6011","1"
"6012","1"
"6013","0"
"6014","1"
"6015","1"
"6016","1"
"6017","1"
"6018","1"
"6019","1"
"6020","1"
"6021","1"
"6022","1"
"6023","1"
"6024","1"
"6025","1"
"6026","1"
"6027","1"
"6028","1"
"6029","1"
"6030","1"
"6031","1"
"6032","1"
"6033","1"
"6034","1"
"6035","1"
"6036","1"
"6037","1"
"6038","1"
"6039","1"
"6040","1"
"6041","1"
"6042","1"
"6043","1"
"6044","1"
"6045","1"
"6133","1"
"6134","1"
"6135","1"
"6136","1"
"6137","1"
"6138","1"
"6139","1"
"6140","1"
"6141","1"
"6142","1"
"6143","1"
"6144","1"
"6145","1"
"6146","1"
"6147","1"
"6148","1"
"6149","1"
"6150","1"
"6151","1"
"6152","1"
"6153","1"
"6154","1"
"6155","1"
"6156","1"
"6157","1"
"6158","1"
"6159","1"
"6160","1"
"6161","1"
"6162","1"
"6163","1"
"6164","1"
"6165","0"
"6166","1"
"6167","0"
"6168","1"
"6169","1"
"6170","1"
"6171","1"
"6172","1"
"6173","1"
"6174","1"
"6175","1"
"6176","1"
"6177","1"
"6262","1"
"6263","1"
"6264","1"
"6265","1"
"6266","1"
"6267","1"
"6268","1"
"6269","1"
"6270","1"
"6271","1"
"6272","1"
"6273","1"
"6274","1"
"6275","1"
"6276","1"
"6277","1"
"6278","1"
"6279","1"
"6280","1"
"6281","1"
"6282","1"
"6283","1"
"6284","1"
"6285","1"
"6286","1"
"6287","1"
"6288","1"
"6289","1"
"6290","1"
"6291","1"
"6292","1"
"6293","1"
"6294","1"
"6295","1"
"6296","1"
"6297","1"
"6298","1"
"6299","1"
"6300","1"
"6301","1"
"6302","1"
"6303","1"
"6304","1"
"6305","1"
"6306","1"
"6307","1"
"6308","1"
"6392","1"
"6393","1"
"6394","1"
"6395","1"
"6396","1"
"6397","1"
"6398","1"
"6399","1"
"6400","1"
"6401","1"
"6402","1"
"6403","1"
"6404","1"
"6405","1"
"6406","1"
"6407","1"
"6408","1"
"6409","1"
"6410","1"
"6411","1"
"6412","1"
"6413","1"
"6414","1"
"6415","1"
"6416","1"
"6417","1"
"6418","1"
"6419","0"
"6420","1"
"6421","1"
"6422","1"
"6423","1"
"6424","1"
"6425","0"
"6426","1"
"6427","1"
"6428","0"
"6429","1"
"6430","1"
"6431","1"
"6432","1"
"6433","1"
"6434","1"
"6435","1"
"6436","1"
"6437","1"
"6438","1"
"6439","1"
"6522","1"
"6523","1"
"6524","1"
"6525","1"
"6526","1"
"6527","1"
"6528","1"
"6529","1"
"6530","1"
"6531","1"
"6532","1"
"6533","1"
"6534","1"
"6535","1"
"6536","1"
"6537","1"
"6538","1"
"6539","1"
"6540","1"
"6541","1"
"6542","1"
"6543","1"
"6544","1"
"6545","1"
"6546","1"
"6547","1"
"6548","1"
"6549","1"
"6550","1"
"6551","1"
"6552","1"
"6553","1"
"6554","1"
"6555","1"
"6556","1"
"6557","1"
"6558","0"
"6559","0"
"6560","1"
"6561","0"
"6562","1"
"6563","0"
"6564","1"
"6565","1"
"6566","1"
"6567","1"
"6568","1"
"6569","1"
"6570","1"
"6571","0"
"6651","1"
"6652","1"
"6653","1"
"6654","1"
"6655","1"
"6656","1"
"6657","1"
"6658","1"
"6659","1"
"6660","1"
"6661","1"
"6662","1"
"6663","1"
"6664","1"
"6665","1"
"6666","1"
"6667","1"
"6668","1"
"6669","1"
"6670","1"
"6671","1"
"6672","1"
"6673","1"
"6674","1"
"6675","1"
"6676","1"
"6677","1"
"6678","1"
"6679","1"
"6680","0"
"6681","1"
"6682","1"
"6683","1"
"6684","1"
"6685","1"
"6686","1"
"6687","0"
"6688","0"
"6689","0"
"6690","1"
"6691","1"
"6692","1"
"6693","0"
"6694","0"
"6695","1"
"6696","1"
"6697","1"
"6698","1"
"6699","1"
"6700","1"
"6701","1"
"6702","0"
"6781","1"
"6782","1"
"6783","1"
"6784","1"
"6785","1"
"6786","1"
"6787","1"
"6788","1"
"6789","1"
"6790","1"
"6791","1"
"6792","1"
"6793","1"
"6794","1"
"6795","1"
"6796","1"
"6797","1"
"6798","1"
"6799","1"
"6800","0"
"6801","1"
"6802","0"
"6803","0"
"6804","1"
"6805","1"
"6806","1"
"6807","0"
"6808","0"
"6809","1"
"6810","1"
"6811","1"
"6812","1"
"6813","0"
"6814","0"
"6815","1"
"6816","1"
"6817","0"
"6818","1"
"6819","1"
"6820","1"
"6821","1"
"6822","1"
"6823","1"
"6824","1"
"6825","1"
"6826","1"
"6827","1"
"6828","1"
"6829","1"
"6830","1"
"6831","1"
"6832","1"
"6833","0"
"6911","1"
"6912","1"
"6913","1"
"6914","1"
"6915","1"
"6916","1"
"6917","1"
"6918","1"
"6919","1"
"6920","1"
"6921","1"
"6922","1"
"6923","1"
"6924","1"
"6925","1"
"6926","1"
"6927","1"
"6928","1"
"6929","1"
"6930","0"
"6931","1"
"6932","1"
"6933","1"
"6934","1"
"6935","1"
"6936","1"
"6937","1"
"6938","1"
"6939","0"
"6940","1"
"6941","1"
"6942","1"
"6943","1"
"6944","1"
"6945","1"
"6946","1"
"6947","1"
"6948","0"
"6949","1"
"6950","0"
"6951","1"
"6952","1"
"6953","1"
"6954","1"
"6955","1"
"6956","1"
"6957","1"
"6958","1"
"6959","1"
"6960","1"
"6961","1"
"6962","1"
"6963","1"
"6964","0"
"7041","1"
"7042","1"
"7043","1"
"7044","1"
"7045","1"
"7046","1"
"7047","1"
"7048","1"
"7049","1"
"7050","1"
"7051","1"
"7052","1"
"7053","1"
"7054","1"
"7055","1"
"7056","0"
"7057","1"
"7058","1"
"7059","1"
"7060","0"
"7061","1"
"7062","1"
"7063","1"
"7064","1"
"7065","1"
"7066","1"
"7067","1"
"7068","1"
"7069","1"
"7070","1"
"7071","1"
"7072","1"
"7073","1"
"7074","1"
"7075","0"
"7076","0"
"7077","1"
"7078","1"
"7079","1"
"7080","1"
"7081","1"
"7082","1"
"7083","1"
"7084","1"
"7085","1"
"7086","0"
"7087","1"
"7088","1"
"7089","0"
"7090","1"
"7091","1"
"7092","0"
"7093","1"
"7094","1"
"7171","1"
"7172","1"
"7173","1"
"7174","1"
"7175","1"
"7176","1"
"7177","1"
"7178","1"
"7179","1"
"7180","1"
"7181","1"
"7182","1"
"7183","1"
"7184","1"
"7185","0"
"7186","1"
"7187","1"
"7188","1"
"7189","1"
"7190","1"
"7191","1"
"7192","1"
"7193","1"
"7194","1"
"7195","1"
"7196","1"
"7197","1"
"7198","1"
"7199","1"
"7200","1"
"7201","1"
"7202","1"
"7203","1"
"7204","1"
"7205","0"
"7206","0"
"7207","1"
"7208","0"
"7209","1"
"7210","1"
"7211","1"
"7212","1"
"7213","1"
"7214","1"
"7215","0"
"7216","0"
"7217","1"
"7218","1"
"7219","1"
"7220","1"
"7221","1"
"7222","1"
"7223","1"
"7224","1"
"7225","1"
"7301","1"
"7302","1"
"7303","1"
"7304","1"
"7305","1"
"7306","1"
"7307","1"
"7308","1"
"7309","1"
"7310","1"
"7311","1"
"7312","1"
"7313","1"
"7314","1"
"7315","0"
"7316","0"
"7317","1"
"7318","1"
"7319","1"
"7320","1"
"7321","1"
"7322","1"
"7323","1"
"7324","1"
"7325","0"
"7326","1"
"7327","1"
"7328","1"
"7329","1"
"7330","1"
"7331","1"
"7332","1"
"7333","1"
"7334","1"
"7335","1"
"7336","1"
"7337","0"
"7338","0"
"7339","1"
"7340","1"
"7341","1"
"7342","1"
"7343","1"
"7344","1"
"7345","1"
"7346","1"
"7347","0"
"7348","1"
"7349","1"
"7350","0"
"7351","0"
"7352","0"
"7353","1"
"7354","1"
"7355","1"
"7356","1"
"7357","0"
"7430","1"
"7431","1"
"7432","1"
"7433","1"
"7434","1"
"7435","1"
"7436","1"
"7437","1"
"7438","1"
"7439","1"
"7440","1"
"7441","1"
"7442","1"
"7443","1"
"7444","1"
"7445","1"
"7446","1"
"7447","0"
"7448","1"
"7449","1"
"7450","1"
"7451","1"
"7452","1"
"7453","1"
"7454","1"
"7455","1"
"7456","1"
"7457","1"
"7458","1"
"7459","1"
"7460","1"
"7461","1"
"7462","1"
"7463","0"
"7464","0"
"7465","0"
"7466","0"
"7467","0"
"7468","1"
"7469","1"
"7470","1"
"7471","0"
"7472","0"
"7473","0"
"7474","1"
"7475","1"
"7476","0"
"7477","1"
"7478","1"
"7479","1"
"7480","0"
"7481","0"
"7482","0"
"7483","0"
"7484","1"
"7485","1"
"7486","1"
"7487","1"
"7488","1"
"7489","1"
"7560","1"
"7561","1"
"7562","1"
"7563","1"
"7564","1"
"7565","1"
"7566","1"
"7567","1"
"7568","1"
"7569","1"
"7570","1"
"7571","1"
"7572","1"
"7573","1"
"7574","1"
"7575","1"
"7576","1"
"7577","1"
"7578","1"
"7579","1"
"7580","1"
"7581","1"
"7582","1"
"7583","1"
"7584","1"
"7585","1"
"7586","1"
"7587","1"
"7588","1"
"7589","1"
"7590","1"
"7591","1"
"7592","0"
"7593","1"
"7594","0"
"7595","0"
"7596","0"
"7597","0"
"7598","1"
"7599","1"
"7600","1"
"7601","0"
"7602","0"
"7603","0"
"7604","1"
"7605","1"
"7606","1"
"7607","1"
"7608","1"
"7609","1"
"7610","0"
"7611","1"
"7612","1"
"7613","1"
"7614","1"
"7615","1"
"7616","1"
"7617","1"
"7618","1"
"7619","1"
"7620","1"
"7621","1"
"7622","0"
"7691","1"
"7692","1"
"7693","1"
"7694","1"
"7695","1"
"7696","1"
"7697","1"
"7698","1"
"7699","1"
"7700","1"
"7701","1"
"7702","1"
"7703","1"
"7704","1"
"7705","0"
"7706","1"
"7707","1"
"7708","1"
"7709","1"
"7710","1"
"7711","1"
"7712","1"
"7713","1"
"7714","1"
"7715","1"
"7716","1"
"7717","1"
"7718","1"
"7719","1"
"7720","1"
"7721","1"
"7722","1"
"7723","1"
"7724","1"
"7725","1"
"7726","1"
"7727","1"
"7728","1"
"7729","1"
"7730","1"
"7731","1"
"7732","1"
"7733","1"
"7734","1"
"7735","1"
"7736","0"
"7737","1"
"7738","1"
"7739","1"
"7740","0"
"7741","0"
"7742","0"
"7743","0"
"7744","0"
"7745","0"
"7746","1"
"7747","1"
"7748","1"
"7749","1"
"7750","1"
"7751","1"
"7752","1"
"7753","1"
"7821","1"
"7822","1"
"7823","1"
"7824","1"
"7825","1"
"7826","1"
"7827","1"
"7828","1"
"7829","1"
"7830","0"
"7831","1"
"7832","1"
"7833","0"
"7834","1"
"7835","1"
"7836","1"
"7837","1"
"7838","1"
"7839","1"
"7840","1"
"7841","1"
"7842","1"
"7843","1"
"7844","1"
"7845","1"
"7846","1"
"7847","1"
"7848","1"
"7849","1"
"7850","1"
"7851","1"
"7852","1"
"7853","1"
"7854","1"
"7855","1"
"7856","0"
"7857","1"
"7858","1"
"7859","1"
"7860","1"
"7861","1"
"7862","1"
"7863","1"
"7864","1"
"7865","1"
"7866","1"
"7867","1"
"7868","1"
"7869","1"
"7870","0"
"7871","0"
"7872","1"
"7873","1"
"7874","1"
"7875","1"
"7876","1"
"7877","1"
"7878","1"
"7879","1"
"7880","1"
"7881","1"
"7882","1"
"7883","1"
"7942","1"
"7943","1"
"7951","1"
"7952","1"
"7953","1"
"7954","1"
"7955","1"
"7956","1"
"7957","1"
"7958","1"
"7959","1"
"7960","1"
"7961","1"
"7962","1"
"7963","1"
"7964","1"
"7965","1"
"7966","1"
"7967","1"
"7968","1"
"7969","1"
"7970","1"
"7971","1"
"7972","1"
"7973","1"
"7974","1"
"7975","1"
"7976","1"
"7977","1"
"7978","1"
"7979","1"
"7980","1"
"7981","1"
"7982","1"
"7983","1"
"7984","1"
"7985","1"
"7986","1"
"7987","1"
"7988","1"
"7989","1"
"7990","1"
"7991","1"
"7992","1"
"7993","1"
"7994","0"
"7995","1"
"7996","1"
"7997","0"
"7998","1"
"7999","1"
"8000","1"
"8001","1"
"8002","1"
"8003","1"
"8004","1"
"8005","1"
"8006","1"
"8007","1"
"8008","1"
"8009","1"
"8010","1"
"8011","1"
"8012","1"
"8013","1"
"8014","1"
"8070","1"
"8071","1"
"8072","1"
"8073","1"
"8074","1"
"8075","1"
"8081","1"
"8082","1"
"8083","1"
"8084","1"
"8085","1"
"8086","1"
"8087","1"
"8088","1"
"8089","1"
"8090","1"
"8091","1"
"8092","1"
"8093","1"
"8094","1"
"8095","1"
"8096","1"
"8097","1"
"8098","1"
"8099","1"
"8100","1"
"8101","1"
"8102","1"
"8103","1"
"8104","1"
"8105","1"
"8106","1"
"8107","1"
"8108","1"
"8109","1"
"8110","1"
"8111","1"
"8112","1"
"8113","1"
"8114","1"
"8115","1"
"8116","1"
"8117","1"
"8118","1"
"8119","1"
"8120","1"
"8121","1"
"8122","1"
"8123","1"
"8124","1"
"8125","1"
"8126","1"
"8127","1"
"8128","1"
"8129","1"
"8130","1"
"8131","1"
"8132","1"
"8133","1"
"8134","1"
"8135","1"
"8136","1"
"8137","1"
"8138","1"
"8139","1"
"8140","1"
"8141","1"
"8142","1"
"8143","1"
"8144","1"
"8145","0"
"8199","1"
"8200","1"
"8201","1"
"8202","1"
"8203","1"
"8204","1"
"8205","1"
"8206","1"
"8207","1"
"8208","1"
"8210","1"
"8211","1"
"8212","1"
"8213","1"
"8214","1"
"8215","1"
"8216","1"
"8217","1"
"8218","1"
"8219","1"
"8220","1"
"8221","1"
"8222","1"
"8223","1"
"8224","1"
"8225","1"
"8226","1"
"8227","1"
"8228","1"
"8229","1"
"8230","1"
"8231","1"
"8232","1"
"8233","1"
"8234","1"
"8235","1"
"8236","1"
"8237","1"
"8238","1"
"8239","1"
"8240","1"
"8241","1"
"8242","1"
"8243","1"
"8244","1"
"8245","1"
"8246","1"
"8247","1"
"8248","1"
"8249","1"
"8250","1"
"8251","1"
"8252","1"
"8253","1"
"8254","1"
"8255","1"
"8256","1"
"8257","1"
"8258","0"
"8259","1"
"8260","1"
"8261","1"
"8262","1"
"8263","1"
"8264","1"
"8265","1"
"8266","1"
"8267","1"
"8268","1"
"8269","1"
"8270","1"
"8271","1"
"8272","1"
"8273","1"
"8274","1"
"8328","1"
"8329","1"
"8330","1"
"8331","1"
"8332","1"
"8333","1"
"8334","1"
"8335","1"
"8336","1"
"8337","1"
"8338","1"
"8340","1"
"8341","1"
"8342","1"
"8343","1"
"8344","1"
"8345","1"
"8346","1"
"8347","1"
"8348","1"
"8349","1"
"8350","1"
"8351","1"
"8352","1"
"8353","1"
"8354","1"
"8355","1"
"8356","1"
"8357","1"
"8358","1"
"8359","1"
"8360","1"
"8361","1"
"8362","1"
"8363","1"
"8364","1"
"8365","1"
"8366","1"
"8367","1"
"8368","1"
"8369","1"
"8370","1"
"8371","1"
"8372","1"
"8373","1"
"8374","1"
"8375","1"
"8376","1"
"8377","1"
"8378","1"
"8379","1"
"8380","1"
"8381","1"
"8382","1"
"8383","1"
"8384","1"
"8385","1"
"8386","1"
"8387","1"
"8388","1"
"8389","1"
"8390","1"
"8391","1"
"8392","1"
"8393","1"
"8394","1"
"8395","0"
"8396","0"
"8397","0"
"8398","0"
"8399","1"
"8400","1"
"8401","1"
"8402","1"
"8403","1"
"8404","1"
"8457","1"
"8458","1"
"8459","1"
"8460","1"
"8461","1"
"8462","1"
"8463","1"
"8464","1"
"8465","1"
"8466","1"
"8467","1"
"8468","1"
"8469","1"
"8470","1"
"8471","1"
"8472","1"
"8473","1"
"8474","1"
"8475","1"
"8476","1"
"8477","1"
"8478","1"
"8479","1"
"8480","1"
"8481","1"
"8482","1"
"8483","1"
"8484","1"
"8485","1"
"8486","1"
"8487","1"
"8488","1"
"8489","1"
"8490","1"
"8491","1"
"8492","1"
"8493","1"
"8494","1"
"8495","1"
"8496","1"
"8497","1"
"8498","1"
"8499","1"
"8500","1"
"8501","1"
"8502","1"
"8503","1"
"8504","1"
"8505","1"
"8506","0"
"8507","1"
"8508","1"
"8509","1"
"8510","1"
"8511","1"
"8512","1"
"8513","1"
"8514","1"
"8515","1"
"8516","1"
"8517","1"
"8518","1"
"8519","1"
"8520","1"
"8521","1"
"8522","1"
"8523","1"
"8524","1"
"8525","0"
"8526","1"
"8527","1"
"8528","1"
"8529","1"
"8530","1"
"8531","1"
"8532","1"
"8533","1"
"8534","1"
"8535","1"
"8536","1"
"8539","1"
"8540","1"
"8541","0"
"8542","0"
"8543","1"
"8586","1"
"8587","1"
"8588","1"
"8589","1"
"8590","1"
"8591","1"
"8592","1"
"8593","1"
"8594","1"
"8595","1"
"8596","1"
"8597","1"
"8598","1"
"8599","1"
"8600","1"
"8601","1"
"8602","1"
"8603","1"
"8604","1"
"8605","1"
"8606","1"
"8607","1"
"8608","1"
"8609","1"
"8610","0"
"8611","1"
"8612","1"
"8613","1"
"8614","1"
"8615","1"
"8616","1"
"8617","1"
"8618","1"
"8619","1"
"8620","1"
"8621","1"
"8622","1"
"8623","1"
"8624","1"
"8625","1"
"8626","1"
"8627","1"
"8628","1"
"8629","1"
"8630","1"
"8631","1"
"8632","1"
"8633","1"
"8634","1"
"8635","1"
"8636","1"
"8637","1"
"8638","1"
"8639","1"
"8640","1"
"8641","1"
"8642","1"
"8643","1"
"8644","1"
"8645","1"
"8646","1"
"8647","1"
"8648","1"
"8649","1"
"8650","1"
"8651","1"
"8652","1"
"8653","1"
"8654","1"
"8655","1"
"8656","1"
"8657","1"
"8658","1"
"8659","1"
"8660","1"
"8661","1"
"8662","1"
"8663","1"
"8664","1"
"8665","1"
"8666","1"
"8667","1"
"8668","1"
"8669","1"
"8670","1"
"8671","1"
"8672","1"
"8673","1"
"8715","1"
"8716","1"
"8717","1"
"8718","1"
"8719","1"
"8720","1"
"8721","1"
"8722","1"
"8723","1"
"8724","1"
"8725","1"
"8726","1"
"8727","1"
"8728","1"
"8729","0"
"8730","1"
"8731","1"
"8732","1"
"8733","1"
"8734","1"
"8735","1"
"8736","1"
"8737","1"
"8738","1"
"8739","0"
"8740","1"
"8741","0"
"8742","1"
"8743","1"
"8744","1"
"8745","1"
"8746","1"
"8747","1"
"8748","1"
"8749","1"
"8750","1"
"8751","1"
"8752","1"
"8753","1"
"8754","1"
"8755","1"
"8756","1"
"8757","1"
"8758","1"
"8759","1"
"8760","1"
"8761","1"
"8762","1"
"8763","1"
"8764","1"
"8765","1"
"8766","1"
"8767","1"
"8768","1"
"8769","1"
"8770","1"
"8771","1"
"8772","1"
"8773","1"
"8774","1"
"8775","1"
"8776","1"
"8777","1"
"8778","1"
"8779","1"
"8780","1"
"8781","1"
"8782","1"
"8783","0"
"8784","0"
"8785","0"
"8786","1"
"8787","1"
"8788","1"
"8789","1"
"8790","1"
"8791","1"
"8792","1"
"8793","1"
"8794","1"
"8795","1"
"8796","1"
"8797","1"
"8798","1"
"8799","1"
"8800","1"
"8801","1"
"8802","1"
"8803","1"
"8819","0"
"8820","1"
"8821","0"
"8844","1"
"8845","1"
"8846","1"
"8847","1"
"8848","1"
"8849","1"
"8850","1"
"8851","1"
"8852","1"
"8853","1"
"8854","1"
"8855","1"
"8856","1"
"8857","1"
"8858","1"
"8859","1"
"8860","1"
"8861","1"
"8862","1"
"8863","1"
"8864","1"
"8865","1"
"8866","1"
"8867","1"
"8868","1"
"8869","1"
"8870","1"
"8871","1"
"8872","1"
"8873","1"
"8874","1"
"8875","1"
"8876","1"
"8877","1"
"8878","1"
"8879","1"
"8880","1"
"8881","0"
"8882","1"
"8883","0"
"8884","1"
"8885","1"
"8886","1"
"8887","1"
"8888","1"
"8889","1"
"8890","0"
"8891","1"
"8892","1"
"8893","1"
"8894","1"
"8895","1"
"8896","1"
"8897","1"
"8898","1"
"8899","1"
"8900","1"
"8901","1"
"8902","1"
"8903","1"
"8904","1"
"8905","1"
"8906","1"
"8907","1"
"8908","1"
"8909","1"
"8910","1"
"8911","1"
"8912","1"
"8913","1"
"8914","1"
"8915","1"
"8916","1"
"8917","1"
"8918","0"
"8919","0"
"8920","1"
"8921","1"
"8922","1"
"8923","1"
"8924","1"
"8925","1"
"8926","1"
"8927","1"
"8928","1"
"8929","1"
"8930","1"
"8931","1"
"8932","1"
"8933","1"
"8949","0"
"8950","1"
"8951","0"
"8952","0"
"8974","1"
"8975","1"
"8976","1"
"8977","1"
"8978","1"
"8979","1"
"8980","1"
"8981","1"
"8982","1"
"8983","1"
"8984","1"
"8985","1"
"8986","1"
"8987","1"
"8988","1"
"8989","1"
"8990","1"
"8991","1"
"8992","1"
"8993","1"
"8994","1"
"8995","1"
"8996","1"
"8997","1"
"8998","1"
"8999","0"
"9000","1"
"9001","1"
"9002","1"
"9003","1"
"9004","1"
"9005","1"
"9006","1"
"9007","1"
"9008","1"
"9009","1"
"9010","1"
"9011","1"
"9012","1"
"9013","1"
"9014","1"
"9015","1"
"9016","1"
"9017","1"
"9018","1"
"9019","1"
"9020","0"
"9021","1"
"9022","1"
"9023","1"
"9024","1"
"9025","1"
"9026","1"
"9027","1"
"9028","1"
"9029","1"
"9030","1"
"9031","1"
"9032","1"
"9033","1"
"9034","1"
"9035","1"
"9036","1"
"9037","1"
"9038","1"
"9039","1"
"9040","1"
"9041","1"
"9042","1"
"9043","0"
"9044","1"
"9045","1"
"9046","1"
"9047","0"
"9048","0"
"9049","0"
"9050","0"
"9051","0"
"9052","1"
"9053","1"
"9054","1"
"9055","1"
"9056","1"
"9057","1"
"9058","1"
"9059","1"
"9060","1"
"9061","1"
"9062","1"
"9063","1"
"9079","1"
"9080","1"
"9081","1"
"9082","0"
"9106","0"
"9107","0"
"9108","1"
"9109","1"
"9110","1"
"9111","1"
"9112","1"
"9113","1"
"9114","1"
"9115","1"
"9116","1"
"9117","1"
"9118","1"
"9119","1"
"9120","1"
"9121","1"
"9122","1"
"9123","1"
"9124","1"
"9125","1"
"9126","1"
"9127","1"
"9128","1"
"9129","1"
"9130","1"
"9131","1"
"9132","1"
"9133","1"
"9134","1"
"9135","1"
"9136","1"
"9137","1"
"9138","1"
"9139","1"
"9140","1"
"9141","1"
"9142","1"
"9143","1"
"9144","1"
"9145","1"
"9146","1"
"9147","1"
"9148","0"
"9149","0"
"9150","0"
"9151","1"
"9152","1"
"9153","1"
"9154","1"
"9155","1"
"9156","1"
"9157","1"
"9158","0"
"9159","1"
"9160","1"
"9161","1"
"9162","1"
"9163","1"
"9164","1"
"9165","1"
"9166","0"
"9167","1"
"9168","1"
"9169","1"
"9170","1"
"9171","1"
"9172","0"
"9173","1"
"9174","1"
"9175","0"
"9176","0"
"9177","0"
"9178","1"
"9179","1"
"9180","1"
"9181","1"
"9182","1"
"9183","1"
"9184","1"
"9185","1"
"9186","1"
"9187","1"
"9188","1"
"9189","1"
"9190","1"
"9191","1"
"9192","1"
"9193","1"
"9209","1"
"9210","1"
"9211","1"
"9234","1"
"9235","1"
"9236","1"
"9237","1"
"9238","1"
"9239","0"
"9240","1"
"9241","1"
"9242","1"
"9243","1"
"9244","1"
"9245","1"
"9246","1"
"9247","1"
"9248","1"
"9249","1"
"9250","1"
"9251","1"
"9252","1"
"9253","1"
"9254","1"
"9255","1"
"9256","1"
"9257","1"
"9258","1"
"9259","1"
"9260","1"
"9261","1"
"9262","1"
"9263","1"
"9264","1"
"9265","1"
"9266","1"
"9267","1"
"9268","1"
"9269","1"
"9270","1"
"9271","1"
"9272","1"
"9273","1"
"9274","1"
"9275","1"
"9276","1"
"9277","1"
"9278","1"
"9279","1"
"9280","1"
"9281","1"
"9282","1"
"9283","1"
"9284","1"
"9285","1"
"9286","1"
"9287","1"
"9288","1"
"9289","1"
"9290","1"
"9291","1"
"9292","1"
"9293","0"
"9294","1"
"9295","1"
"9296","1"
"9297","1"
"9298","1"
"9299","1"
"9300","1"
"9301","1"
"9302","1"
"9303","1"
"9304","1"
"9305","0"
"9306","1"
"9307","1"
"9308","0"
"9309","1"
"9310","1"
"9311","1"
"9312","1"
"9313","1"
"9314","1"
"9315","1"
"9316","1"
"9317","1"
"9318","1"
"9319","1"
"9320","1"
"9321","1"
"9322","1"
"9323","1"
"9335","0"
"9338","1"
"9339","1"
"9340","1"
"9341","1"
"9342","0"
"9362","0"
"9363","1"
"9364","1"
"9365","1"
"9366","1"
"9367","1"
"9368","1"
"9369","1"
"9370","1"
"9371","1"
"9372","1"
"9373","1"
"9374","1"
"9375","1"
"9376","1"
"9377","1"
"9378","1"
"9379","1"
"9380","1"
"9381","1"
"9382","1"
"9383","1"
"9384","1"
"9385","1"
"9386","1"
"9387","1"
"9388","0"
"9389","1"
"9390","1"
"9391","0"
"9392","1"
"9393","1"
"9394","1"
"9395","1"
"9396","1"
"9397","1"
"9398","1"
"9399","1"
"9400","1"
"9401","1"
"9402","1"
"9403","1"
"9404","1"
"9405","1"
"9406","1"
"9407","1"
"9408","1"
"9409","1"
"9410","1"
"9411","1"
"9412","1"
"9413","1"
"9414","1"
"9415","1"
"9416","1"
"9417","1"
"9418","1"
"9419","1"
"9420","1"
"9421","1"
"9422","1"
"9423","1"
"9424","1"
"9425","1"
"9426","1"
"9427","1"
"9428","1"
"9429","1"
"9430","1"
"9431","1"
"9432","1"
"9433","1"
"9434","1"
"9435","1"
"9436","1"
"9437","1"
"9438","1"
"9439","1"
"9440","1"
"9441","1"
"9442","1"
"9443","1"
"9444","1"
"9445","1"
"9446","1"
"9447","1"
"9448","1"
"9449","1"
"9450","1"
"9451","1"
"9452","1"
"9453","0"
"9463","0"
"9464","1"
"9465","1"
"9466","0"
"9468","0"
"9469","0"
"9470","1"
"9471","1"
"9472","0"
"9473","0"
"9491","0"
"9492","1"
"9493","1"
"9494","1"
"9495","1"
"9496","1"
"9497","1"
"9498","1"
"9499","1"
"9500","1"
"9501","1"
"9502","1"
"9503","1"
"9504","1"
"9505","1"
"9506","1"
"9507","1"
"9508","1"
"9509","1"
"9510","1"
"9511","1"
"9512","1"
"9513","1"
"9514","1"
"9515","1"
"9516","1"
"9517","1"
"9518","1"
"9519","0"
"9520","1"
"9521","1"
"9522","1"
"9523","1"
"9524","1"
"9525","1"
"9526","1"
"9527","1"
"9528","1"
"9529","1"
"9530","1"
"9531","1"
"9532","1"
"9533","1"
"9534","1"
"9535","0"
"9536","0"
"9537","0"
"9538","1"
"9539","1"
"9540","1"
"9541","1"
"9542","1"
"9543","1"
"9544","1"
"9545","1"
"9546","1"
"9547","1"
"9548","1"
"9549","1"
"9550","1"
"9551","0"
"9552","1"
"9553","1"
"9554","1"
"9555","1"
"9556","1"
"9557","1"
"9558","1"
"9559","0"
"9560","1"
"9561","0"
"9562","1"
"9563","1"
"9564","1"
"9565","1"
"9566","1"
"9567","1"
"9568","1"
"9569","1"
"9570","1"
"9571","1"
"9572","1"
"9573","1"
"9574","1"
"9575","1"
"9576","1"
"9577","1"
"9578","1"
"9579","1"
"9580","1"
"9581","1"
"9582","1"
"9583","0"
"9593","1"
"9594","1"
"9595","1"
"9596","0"
"9598","1"
"9599","1"
"9600","1"
"9601","1"
"9602","0"
"9603","0"
"9621","0"
"9622","1"
"9623","1"
"9624","1"
"9625","1"
"9626","1"
"9627","1"
"9628","1"
"9629","1"
"9630","1"
"9631","1"
"9632","1"
"9633","1"
"9634","1"
"9635","1"
"9636","1"
"9637","1"
"9638","1"
"9639","1"
"9640","1"
"9641","1"
"9642","1"
"9643","1"
"9644","1"
"9645","1"
"9646","1"
"9647","1"
"9648","1"
"9649","1"
"9650","1"
"9651","1"
"9652","1"
"9653","1"
"9654","1"
"9655","1"
"9656","1"
"9657","1"
"9658","1"
"9659","0"
"9660","1"
"9661","1"
"9662","1"
"9663","1"
"9664","1"
"9665","1"
"9666","0"
"9667","0"
"9668","1"
"9669","1"
"9670","1"
"9671","1"
"9672","1"
"9673","1"
"9674","1"
"9675","1"
"9676","1"
"9677","1"
"9678","1"
"9679","1"
"9680","0"
"9681","1"
"9682","1"
"9683","0"
"9684","1"
"9685","0"
"9686","0"
"9687","1"
"9688","0"
"9689","1"
"9690","1"
"9691","1"
"9692","1"
"9693","0"
"9694","1"
"9695","1"
"9696","1"
"9697","1"
"9698","1"
"9699","1"
"9700","1"
"9701","1"
"9702","1"
"9703","1"
"9704","1"
"9705","1"
"9706","1"
"9707","1"
"9708","1"
"9709","1"
"9710","1"
"9711","1"
"9712","1"
"9723","1"
"9724","1"
"9725","1"
"9726","1"
"9728","1"
"9729","1"
"9730","1"
"9731","1"
"9732","1"
"9733","0"
"9751","0"
"9752","1"
"9753","1"
"9754","1"
"9755","1"
"9756","1"
"9757","1"
"9758","1"
"9759","1"
"9760","1"
"9761","1"
"9762","1"
"9763","1"
"9764","1"
"9765","1"
"9766","1"
"9767","1"
"9768","1"
"9769","1"
"9770","1"
"9771","1"
"9772","1"
"9773","1"
"9774","1"
"9775","1"
"9776","1"
"9777","1"
"9778","1"
"9779","1"
"9780","1"
"9781","1"
"9782","0"
"9783","1"
"9784","0"
"9785","1"
"9786","1"
"9787","0"
"9788","1"
"9789","1"
"9790","1"
"9791","1"
"9792","1"
"9793","0"
"9794","1"
"9795","1"
"9796","1"
"9797","1"
"9798","1"
"9799","1"
"9800","1"
"9801","1"
"9802","1"
"9803","1"
"9804","1"
"9805","1"
"9806","1"
"9807","1"
"9808","1"
"9809","1"
"9810","1"
"9811","1"
"9812","1"
"9813","0"
"9814","1"
"9815","0"
"9816","1"
"9817","0"
"9818","1"
"9819","1"
"9820","1"
"9821","1"
"9822","1"
"9823","1"
"9824","1"
"9825","1"
"9826","1"
"9827","1"
"9828","1"
"9829","1"
"9830","1"
"9831","1"
"9832","1"
"9833","1"
"9834","1"
"9835","1"
"9836","1"
"9837","1"
"9838","1"
"9839","1"
"9840","1"
"9841","1"
"9853","1"
"9854","1"
"9855","1"
"9856","1"
"9857","1"
"9858","1"
"9859","1"
"9860","1"
"9861","1"
"9862","1"
"9863","0"
"9866","0"
"9881","0"
"9882","0"
"9883","1"
"9884","0"
"9885","0"
"9886","1"
"9887","1"
"9888","1"
"9889","1"
"9890","1"
"9891","1"
"9892","1"
"9893","0"
"9894","1"
"9895","1"
"9896","1"
"9897","1"
"9898","1"
"9899","1"
"9900","1"
"9901","1"
"9902","1"
"9903","1"
"9904","1"
"9905","1"
"9906","1"
"9907","1"
"9908","1"
"9909","1"
"9910","1"
"9911","1"
"9912","0"
"9913","1"
"9914","1"
"9915","1"
"9916","0"
"9917","0"
"9918","0"
"9919","1"
"9920","1"
"9921","1"
"9922","1"
"9923","1"
"9924","1"
"9925","1"
"9926","1"
"9927","1"
"9928","1"
"9929","1"
"9930","1"
"9931","1"
"9932","0"
"9933","1"
"9934","1"
"9935","1"
"9936","1"
"9937","1"
"9938","1"
"9939","1"
"9940","1"
"9941","1"
"9942","1"
"9943","1"
"9944","1"
"9945","1"
"9946","0"
"9947","0"
"9948","0"
"9949","0"
"9950","0"
"9951","1"
"9952","1"
"9953","1"
"9954","0"
"9955","0"
"9956","1"
"9957","1"
"9958","1"
"9959","1"
"9960","1"
"9961","1"
"9962","1"
"9963","1"
"9964","1"
"9965","1"
"9966","1"
"9967","1"
"9968","1"
"9969","1"
"9970","1"
"9971","1"
"9972","1"
"9983","1"
"9984","1"
"9985","1"
"9986","1"
"9987","0"
"9988","1"
"9989","1"
"9990","1"
"9991","0"
"9992","1"
"9993","1"
"9994","0"
"9995","0"
"9996","0"
"10013","0"
"10014","1"
"10015","1"
"10016","1"
"10017","0"
"10018","0"
"10019","0"
"10020","1"
"10021","1"
"10022","0"
"10023","0"
"10024","1"
"10025","1"
"10026","0"
"10027","1"
"10028","1"
"10029","1"
"10030","1"
"10031","1"
"10032","1"
"10033","1"
"10034","1"
"10035","1"
"10036","1"
"10037","1"
"10038","1"
"10039","1"
"10040","1"
"10041","1"
"10042","0"
"10043","1"
"10044","1"
"10045","0"
"10046","1"
"10047","1"
"10048","1"
"10049","0"
"10050","0"
"10051","1"
"10052","1"
"10053","1"
"10054","1"
"10055","1"
"10056","1"
"10057","1"
"10058","1"
"10059","1"
"10060","1"
"10061","1"
"10062","1"
"10063","1"
"10064","1"
"10065","0"
"10066","1"
"10067","1"
"10068","0"
"10069","1"
"10070","1"
"10071","1"
"10072","0"
"10073","1"
"10074","1"
"10075","1"
"10076","1"
"10077","1"
"10078","0"
"10079","0"
"10080","1"
"10081","1"
"10082","1"
"10083","0"
"10084","0"
"10085","0"
"10086","0"
"10087","1"
"10088","1"
"10089","1"
"10090","1"
"10091","1"
"10092","1"
"10093","1"
"10094","1"
"10095","1"
"10096","0"
"10097","1"
"10098","1"
"10099","1"
"10100","1"
"10101","1"
"10102","1"
"10114","1"
"10115","1"
"10116","1"
"10117","1"
"10118","1"
"10119","1"
"10120","1"
"10121","0"
"10122","1"
"10123","1"
"10124","1"
"10125","1"
"10126","1"
"10127","1"
"10143","0"
"10149","0"
"10150","0"
"10151","0"
"10152","0"
"10153","1"
"10154","1"
"10155","1"
"10156","1"
"10157","1"
"10158","1"
"10159","1"
"10160","1"
"10161","1"
"10162","1"
"10163","1"
"10164","1"
"10165","1"
"10166","1"
"10167","1"
"10168","1"
"10169","1"
"10170","1"
"10171","1"
"10172","1"
"10173","1"
"10174","1"
"10175","1"
"10176","1"
"10177","1"
"10178","0"
"10179","0"
"10180","1"
"10181","0"
"10182","0"
"10183","1"
"10184","1"
"10185","1"
"10186","1"
"10187","1"
"10188","1"
"10189","1"
"10190","1"
"10191","1"
"10192","1"
"10193","1"
"10194","0"
"10195","1"
"10196","1"
"10197","1"
"10198","1"
"10199","1"
"10200","1"
"10201","1"
"10202","1"
"10203","1"
"10204","0"
"10205","0"
"10206","1"
"10207","0"
"10208","0"
"10209","0"
"10210","0"
"10211","0"
"10212","1"
"10213","0"
"10214","0"
"10215","1"
"10216","1"
"10217","1"
"10218","1"
"10219","1"
"10220","0"
"10221","0"
"10222","1"
"10223","1"
"10224","0"
"10225","0"
"10226","0"
"10227","1"
"10228","1"
"10229","1"
"10230","1"
"10231","1"
"10232","0"
"10246","1"
"10247","1"
"10248","1"
"10249","1"
"10250","1"
"10251","0"
"10252","0"
"10253","0"
"10254","1"
"10255","1"
"10256","1"
"10257","1"
"10283","0"
"10284","0"
"10285","1"
"10286","1"
"10287","1"
"10288","1"
"10289","1"
"10290","1"
"10291","1"
"10292","1"
"10293","1"
"10294","1"
"10295","1"
"10296","1"
"10297","1"
"10298","1"
"10299","1"
"10300","1"
"10301","1"
"10302","1"
"10303","1"
"10304","1"
"10305","1"
"10306","1"
"10307","1"
"10308","1"
"10309","0"
"10310","1"
"10311","1"
"10312","0"
"10313","0"
"10314","1"
"10315","1"
"10316","1"
"10317","0"
"10318","1"
"10319","1"
"10320","1"
"10321","1"
"10322","1"
"10323","1"
"10324","1"
"10325","1"
"10326","1"
"10327","1"
"10328","1"
"10329","1"
"10330","0"
"10331","1"
"10332","1"
"10333","1"
"10334","1"
"10335","1"
"10336","1"
"10337","1"
"10338","0"
"10339","0"
"10340","1"
"10341","1"
"10342","1"
"10343","1"
"10344","1"
"10345","1"
"10346","1"
"10347","1"
"10348","1"
"10349","0"
"10350","0"
"10351","1"
"10352","1"
"10353","1"
"10354","1"
"10355","0"
"10356","0"
"10357","1"
"10358","1"
"10359","1"
"10377","1"
"10378","1"
"10379","1"
"10380","1"
"10381","1"
"10382","1"
"10383","1"
"10384","1"
"10385","1"
"10386","1"
"10387","0"
"10388","0"
"10413","0"
"10414","0"
"10415","0"
"10416","1"
"10417","1"
"10418","0"
"10419","1"
"10420","0"
"10421","1"
"10422","1"
"10423","1"
"10424","1"
"10425","1"
"10426","1"
"10427","1"
"10428","1"
"10429","1"
"10430","1"
"10431","1"
"10432","1"
"10433","1"
"10434","1"
"10435","1"
"10436","1"
"10437","1"
"10438","1"
"10439","0"
"10440","0"
"10441","0"
"10442","1"
"10443","0"
"10444","0"
"10445","1"
"10446","1"
"10447","1"
"10448","1"
"10449","0"
"10450","0"
"10451","1"
"10452","1"
"10453","1"
"10454","1"
"10455","0"
"10456","1"
"10457","1"
"10458","1"
"10459","1"
"10460","0"
"10461","1"
"10462","1"
"10463","1"
"10464","1"
"10465","1"
"10466","1"
"10467","1"
"10468","1"
"10469","0"
"10470","1"
"10471","1"
"10472","1"
"10473","1"
"10474","0"
"10475","1"
"10476","0"
"10477","1"
"10478","1"
"10479","0"
"10480","1"
"10481","1"
"10482","1"
"10483","1"
"10484","1"
"10485","1"
"10486","0"
"10487","0"
"10488","1"
"10489","1"
"10490","1"
"10507","0"
"10508","1"
"10509","1"
"10510","1"
"10511","1"
"10512","1"
"10513","1"
"10514","1"
"10515","1"
"10516","1"
"10517","0"
"10518","1"
"10542","0"
"10543","0"
"10544","0"
"10545","1"
"10546","1"
"10547","1"
"10548","0"
"10549","0"
"10550","1"
"10551","1"
"10552","1"
"10553","1"
"10554","1"
"10555","1"
"10556","1"
"10557","1"
"10558","1"
"10559","1"
"10560","1"
"10561","1"
"10562","1"
"10563","1"
"10564","1"
"10565","1"
"10566","1"
"10567","1"
"10568","0"
"10569","0"
"10570","0"
"10571","1"
"10572","1"
"10573","1"
"10574","1"
"10575","1"
"10576","1"
"10577","1"
"10578","0"
"10579","1"
"10580","1"
"10581","1"
"10582","1"
"10583","1"
"10584","0"
"10585","1"
"10586","0"
"10587","1"
"10588","1"
"10589","0"
"10590","1"
"10591","1"
"10592","1"
"10593","1"
"10594","1"
"10595","1"
"10596","1"
"10597","1"
"10598","0"
"10599","0"
"10600","0"
"10601","0"
"10602","1"
"10603","0"
"10604","1"
"10605","1"
"10606","1"
"10607","1"
"10608","1"
"10609","1"
"10610","1"
"10611","1"
"10612","1"
"10613","1"
"10614","1"
"10615","1"
"10616","1"
"10617","1"
"10618","1"
"10619","1"
"10620","1"
"10621","0"
"10622","1"
"10623","0"
"10628","1"
"10629","1"
"10630","1"
"10631","1"
"10632","1"
"10633","0"
"10634","1"
"10635","1"
"10636","1"
"10637","1"
"10638","1"
"10639","1"
"10640","1"
"10641","1"
"10642","1"
"10643","1"
"10644","0"
"10645","1"
"10646","1"
"10647","1"
"10648","1"
"10649","0"
"10672","0"
"10673","0"
"10674","0"
"10675","1"
"10676","0"
"10677","0"
"10678","1"
"10679","1"
"10680","1"
"10681","1"
"10682","1"
"10683","1"
"10684","1"
"10685","1"
"10686","1"
"10687","1"
"10688","1"
"10689","1"
"10690","1"
"10691","1"
"10692","1"
"10693","1"
"10694","1"
"10695","1"
"10696","1"
"10697","1"
"10698","1"
"10699","0"
"10700","1"
"10701","1"
"10702","1"
"10703","1"
"10704","1"
"10705","0"
"10706","1"
"10707","1"
"10708","1"
"10709","1"
"10710","1"
"10711","1"
"10712","1"
"10713","1"
"10714","0"
"10715","0"
"10716","1"
"10717","1"
"10718","1"
"10719","1"
"10720","1"
"10721","1"
"10722","1"
"10723","1"
"10724","1"
"10725","1"
"10726","1"
"10727","1"
"10728","1"
"10729","1"
"10730","0"
"10731","0"
"10732","1"
"10733","0"
"10734","1"
"10735","1"
"10736","1"
"10737","1"
"10738","1"
"10739","1"
"10740","1"
"10741","1"
"10742","1"
"10743","1"
"10744","1"
"10745","1"
"10746","1"
"10747","1"
"10748","1"
"10749","1"
"10750","1"
"10751","1"
"10752","1"
"10753","0"
"10757","1"
"10758","1"
"10759","1"
"10760","1"
"10761","1"
"10762","0"
"10763","1"
"10764","1"
"10765","1"
"10766","1"
"10767","1"
"10768","1"
"10769","1"
"10770","1"
"10771","1"
"10772","1"
"10773","0"
"10774","0"
"10775","1"
"10776","1"
"10777","1"
"10778","0"
"10802","1"
"10803","1"
"10804","1"
"10805","1"
"10806","0"
"10807","1"
"10808","0"
"10809","1"
"10810","1"
"10811","1"
"10812","1"
"10813","1"
"10814","1"
"10815","1"
"10816","1"
"10817","1"
"10818","1"
"10819","1"
"10820","1"
"10821","1"
"10822","1"
"10823","1"
"10824","1"
"10825","0"
"10826","1"
"10827","1"
"10828","1"
"10829","1"
"10830","1"
"10831","1"
"10832","1"
"10833","1"
"10834","0"
"10835","1"
"10836","1"
"10837","1"
"10838","1"
"10839","0"
"10840","0"
"10841","0"
"10842","1"
"10843","0"
"10844","1"
"10845","1"
"10846","1"
"10847","0"
"10848","1"
"10849","1"
"10850","1"
"10851","1"
"10852","1"
"10853","1"
"10854","1"
"10855","1"
"10856","1"
"10857","1"
"10858","1"
"10859","1"
"10860","1"
"10861","1"
"10862","1"
"10863","1"
"10864","1"
"10865","1"
"10866","1"
"10867","1"
"10868","1"
"10869","1"
"10870","1"
"10871","1"
"10872","1"
"10873","1"
"10874","1"
"10875","1"
"10876","1"
"10877","1"
"10878","1"
"10879","1"
"10880","1"
"10881","1"
"10882","0"
"10887","1"
"10888","1"
"10889","1"
"10890","1"
"10891","1"
"10892","1"
"10893","1"
"10894","1"
"10895","1"
"10896","1"
"10897","1"
"10898","1"
"10899","1"
"10900","1"
"10901","1"
"10902","0"
"10903","1"
"10904","1"
"10905","1"
"10906","1"
"10907","1"
"10908","1"
"10909","1"
"10929","0"
"10930","0"
"10931","1"
"10932","1"
"10933","1"
"10934","1"
"10935","1"
"10936","1"
"10937","0"
"10938","1"
"10939","1"
"10940","1"
"10941","0"
"10942","1"
"10943","1"
"10944","1"
"10945","1"
"10946","1"
"10947","1"
"10948","1"
"10949","1"
"10950","1"
"10951","0"
"10952","1"
"10953","1"
"10954","1"
"10955","1"
"10956","1"
"10957","1"
"10958","1"
"10959","1"
"10960","1"
"10961","1"
"10962","1"
"10963","1"
"10964","1"
"10965","1"
"10966","1"
"10967","1"
"10968","1"
"10969","1"
"10970","1"
"10971","0"
"10972","1"
"10973","1"
"10974","0"
"10975","1"
"10976","1"
"10977","0"
"10978","1"
"10979","1"
"10980","1"
"10981","1"
"10982","1"
"10983","0"
"10984","0"
"10985","1"
"10986","1"
"10987","1"
"10988","1"
"10989","0"
"10990","1"
"10991","1"
"10992","1"
"10993","1"
"10994","1"
"10995","1"
"10996","1"
"10997","0"
"10998","1"
"10999","1"
"11000","1"
"11001","1"
"11002","1"
"11003","1"
"11004","1"
"11005","1"
"11006","1"
"11007","1"
"11008","1"
"11009","1"
"11010","1"
"11011","0"
"11017","1"
"11018","1"
"11019","1"
"11020","1"
"11021","1"
"11022","1"
"11023","1"
"11024","1"
"11025","1"
"11026","1"
"11027","1"
"11028","0"
"11029","0"
"11030","1"
"11031","1"
"11032","1"
"11033","1"
"11034","1"
"11035","1"
"11036","1"
"11037","1"
"11038","1"
"11039","1"
"11040","1"
"11059","0"
"11060","0"
"11061","1"
"11062","1"
"11063","1"
"11064","1"
"11065","1"
"11066","0"
"11067","0"
"11068","1"
"11069","1"
"11070","1"
"11071","1"
"11072","1"
"11073","1"
"11074","1"
"11075","1"
"11076","1"
"11077","1"
"11078","1"
"11079","1"
"11080","1"
"11081","1"
"11082","1"
"11083","1"
"11084","1"
"11085","1"
"11086","1"
"11087","1"
"11088","1"
"11089","1"
"11090","1"
"11091","1"
"11092","1"
"11093","1"
"11094","1"
"11095","1"
"11096","1"
"11097","1"
"11098","1"
"11099","0"
"11100","1"
"11101","1"
"11102","1"
"11103","1"
"11104","1"
"11105","0"
"11106","1"
"11107","1"
"11108","1"
"11109","1"
"11110","1"
"11111","1"
"11112","1"
"11113","1"
"11114","1"
"11115","1"
"11116","1"
"11117","1"
"11118","1"
"11119","1"
"11120","0"
"11121","1"
"11122","1"
"11123","0"
"11124","1"
"11125","1"
"11126","1"
"11127","1"
"11128","1"
"11129","1"
"11130","1"
"11131","1"
"11132","1"
"11133","1"
"11134","0"
"11135","0"
"11136","1"
"11137","0"
"11138","1"
"11139","1"
"11144","0"
"11145","0"
"11146","1"
"11147","1"
"11148","1"
"11149","1"
"11150","1"
"11151","1"
"11152","1"
"11153","1"
"11154","1"
"11155","1"
"11156","1"
"11157","1"
"11158","1"
"11159","1"
"11160","1"
"11161","1"
"11162","1"
"11163","1"
"11164","1"
"11165","1"
"11166","1"
"11167","1"
"11168","1"
"11169","1"
"11170","0"
"11189","0"
"11190","1"
"11191","1"
"11192","1"
"11193","1"
"11194","1"
"11195","0"
"11196","0"
"11197","0"
"11198","0"
"11199","1"
"11200","1"
"11201","1"
"11202","1"
"11203","1"
"11204","1"
"11205","1"
"11206","1"
"11207","1"
"11208","1"
"11209","1"
"11210","1"
"11211","1"
"11212","1"
"11213","1"
"11214","1"
"11215","1"
"11216","1"
"11217","1"
"11218","1"
"11219","1"
"11220","1"
"11221","1"
"11222","1"
"11223","0"
"11224","1"
"11225","1"
"11226","1"
"11227","1"
"11228","1"
"11229","0"
"11230","0"
"11231","1"
"11232","1"
"11233","1"
"11234","1"
"11235","1"
"11236","1"
"11237","0"
"11238","1"
"11239","1"
"11240","0"
"11241","1"
"11242","1"
"11243","1"
"11244","0"
"11245","1"
"11246","1"
"11247","1"
"11248","1"
"11249","1"
"11250","0"
"11251","0"
"11252","1"
"11253","1"
"11254","0"
"11255","0"
"11256","1"
"11257","1"
"11258","1"
"11259","1"
"11260","1"
"11261","1"
"11262","1"
"11263","1"
"11264","1"
"11265","1"
"11266","1"
"11267","0"
"11268","1"
"11269","1"
"11270","1"
"11271","0"
"11272","0"
"11273","1"
"11274","1"
"11275","1"
"11276","1"
"11277","1"
"11278","1"
"11279","1"
"11280","1"
"11281","1"
"11282","1"
"11283","1"
"11284","1"
"11285","1"
"11286","1"
"11287","1"
"11288","1"
"11289","1"
"11290","1"
"11291","1"
"11292","1"
"11293","0"
"11294","1"
"11295","1"
"11296","1"
"11297","1"
"11298","1"
"11299","0"
"11300","0"
"11319","0"
"11320","0"
"11321","1"
"11322","1"
"11323","1"
"11324","1"
"11325","1"
"11326","1"
"11327","0"
"11328","1"
"11329","1"
"11330","1"
"11331","1"
"11332","1"
"11333","1"
"11334","1"
"11335","1"
"11336","0"
"11337","1"
"11338","0"
"11339","1"
"11340","1"
"11341","0"
"11342","1"
"11343","1"
"11344","1"
"11345","1"
"11346","1"
"11347","1"
"11348","1"
"11349","1"
"11350","1"
"11351","1"
"11352","1"
"11353","1"
"11354","1"
"11355","1"
"11356","1"
"11357","1"
"11358","1"
"11359","1"
"11360","1"
"11361","1"
"11362","1"
"11363","1"
"11364","1"
"11365","1"
"11366","1"
"11367","0"
"11368","1"
"11369","1"
"11370","1"
"11371","1"
"11372","1"
"11373","1"
"11374","1"
"11375","1"
"11376","1"
"11377","1"
"11378","1"
"11379","0"
"11380","1"
"11381","0"
"11382","0"
"11383","1"
"11384","1"
"11385","1"
"11386","0"
"11387","1"
"11388","1"
"11389","1"
"11390","1"
"11391","0"
"11392","1"
"11393","1"
"11394","1"
"11395","1"
"11396","0"
"11397","0"
"11398","1"
"11399","1"
"11400","1"
"11401","1"
"11402","1"
"11403","1"
"11404","1"
"11405","1"
"11406","1"
"11407","1"
"11408","1"
"11409","1"
"11410","1"
"11411","1"
"11412","1"
"11413","1"
"11414","1"
"11415","1"
"11416","1"
"11417","1"
"11418","1"
"11419","1"
"11420","1"
"11421","1"
"11422","1"
"11423","1"
"11424","1"
"11425","1"
"11426","1"
"11427","1"
"11428","1"
"11429","1"
"11430","0"
"11446","0"
"11447","0"
"11448","1"
"11449","1"
"11450","1"
"11451","1"
"11452","1"
"11453","1"
"11454","1"
"11455","0"
"11456","1"
"11457","1"
"11458","1"
"11459","1"
"11460","0"
"11461","1"
"11462","1"
"11463","0"
"11464","0"
"11465","1"
"11466","1"
"11467","0"
"11468","1"
"11469","1"
"11470","1"
"11471","1"
"11472","1"
"11473","1"
"11474","1"
"11475","1"
"11476","1"
"11477","1"
"11478","0"
"11479","1"
"11480","1"
"11481","1"
"11482","1"
"11483","1"
"11484","1"
"11485","1"
"11486","1"
"11487","1"
"11488","1"
"11489","1"
"11490","1"
"11491","1"
"11492","1"
"11493","1"
"11494","1"
"11495","1"
"11496","1"
"11497","1"
"11498","1"
"11499","1"
"11500","1"
"11501","1"
"11502","1"
"11503","1"
"11504","1"
"11505","0"
"11506","0"
"11507","1"
"11508","1"
"11509","1"
"11510","1"
"11511","0"
"11512","1"
"11513","1"
"11514","1"
"11515","1"
"11516","0"
"11517","1"
"11518","1"
"11519","0"
"11520","0"
"11521","0"
"11522","0"
"11524","0"
"11529","1"
"11530","1"
"11531","1"
"11532","1"
"11533","1"
"11534","1"
"11535","1"
"11536","1"
"11537","1"
"11538","1"
"11539","1"
"11540","1"
"11541","1"
"11542","1"
"11543","1"
"11544","1"
"11545","1"
"11546","1"
"11547","1"
"11548","1"
"11549","1"
"11550","1"
"11551","1"
"11552","1"
"11553","1"
"11554","1"
"11555","1"
"11556","1"
"11557","1"
"11558","1"
"11559","1"
"11560","1"
"11561","1"
"11562","0"
"11576","0"
"11577","0"
"11578","1"
"11579","1"
"11580","1"
"11581","1"
"11582","1"
"11583","1"
"11584","1"
"11585","1"
"11586","1"
"11587","1"
"11588","1"
"11589","1"
"11590","1"
"11591","1"
"11592","1"
"11593","1"
"11594","1"
"11595","0"
"11596","1"
"11597","1"
"11598","1"
"11599","1"
"11600","1"
"11601","1"
"11602","1"
"11603","1"
"11604","1"
"11605","1"
"11606","1"
"11607","1"
"11608","1"
"11609","1"
"11610","1"
"11611","1"
"11612","1"
"11613","1"
"11614","1"
"11615","1"
"11616","1"
"11617","1"
"11618","1"
"11619","1"
"11620","1"
"11621","1"
"11622","1"
"11623","1"
"11624","1"
"11625","1"
"11626","1"
"11627","1"
"11628","1"
"11629","1"
"11630","1"
"11631","1"
"11632","1"
"11633","1"
"11634","1"
"11635","1"
"11636","0"
"11637","1"
"11638","1"
"11639","0"
"11640","0"
"11641","0"
"11642","0"
"11643","1"
"11644","1"
"11645","1"
"11646","0"
"11647","0"
"11648","1"
"11659","1"
"11660","1"
"11661","1"
"11662","1"
"11663","1"
"11664","1"
"11665","1"
"11666","1"
"11668","1"
"11669","1"
"11670","1"
"11672","1"
"11673","1"
"11674","1"
"11675","1"
"11676","1"
"11677","1"
"11678","1"
"11679","1"
"11680","1"
"11681","1"
"11682","1"
"11683","1"
"11684","1"
"11685","1"
"11686","1"
"11687","1"
"11688","1"
"11689","1"
"11690","1"
"11691","1"
"11692","0"
"11693","0"
"11706","0"
"11707","0"
"11708","1"
"11709","1"
"11710","1"
"11711","1"
"11712","1"
"11713","1"
"11714","0"
"11715","1"
"11716","1"
"11717","1"
"11718","1"
"11719","1"
"11720","0"
"11721","0"
"11722","1"
"11723","1"
"11724","1"
"11725","1"
"11726","1"
"11727","1"
"11728","1"
"11729","1"
"11730","1"
"11731","1"
"11732","1"
"11733","1"
"11734","1"
"11735","1"
"11736","1"
"11737","1"
"11738","1"
"11739","1"
"11740","1"
"11741","1"
"11742","1"
"11743","1"
"11744","1"
"11745","1"
"11746","1"
"11747","1"
"11748","1"
"11749","1"
"11750","1"
"11751","1"
"11752","1"
"11753","1"
"11754","1"
"11755","1"
"11756","1"
"11757","1"
"11758","1"
"11759","1"
"11760","1"
"11761","1"
"11762","1"
"11763","1"
"11764","1"
"11765","0"
"11766","1"
"11767","1"
"11768","1"
"11769","1"
"11770","1"
"11771","1"
"11772","1"
"11773","0"
"11774","0"
"11775","0"
"11789","1"
"11790","1"
"11791","1"
"11792","1"
"11806","0"
"11807","1"
"11808","1"
"11809","1"
"11810","1"
"11811","1"
"11812","1"
"11813","1"
"11814","1"
"11815","1"
"11816","1"
"11817","1"
"11818","1"
"11819","1"
"11820","1"
"11821","1"
"11822","1"
"11823","1"
"11824","1"
"11825","0"
"11828","1"
"11829","1"
"11837","0"
"11838","0"
"11839","1"
"11840","1"
"11841","1"
"11842","1"
"11843","1"
"11844","1"
"11845","0"
"11846","1"
"11847","0"
"11848","1"
"11849","1"
"11850","1"
"11851","0"
"11852","0"
"11853","0"
"11854","1"
"11855","1"
"11856","1"
"11857","1"
"11858","1"
"11859","1"
"11860","1"
"11861","1"
"11862","1"
"11863","1"
"11864","1"
"11865","1"
"11866","1"
"11867","1"
"11868","1"
"11869","1"
"11870","0"
"11871","1"
"11872","1"
"11873","1"
"11874","1"
"11875","1"
"11876","1"
"11877","0"
"11878","1"
"11879","1"
"11880","1"
"11881","1"
"11882","1"
"11883","1"
"11884","1"
"11885","1"
"11886","0"
"11887","1"
"11888","0"
"11889","1"
"11890","1"
"11891","0"
"11892","0"
"11893","1"
"11894","1"
"11895","1"
"11896","1"
"11897","1"
"11898","1"
"11899","1"
"11900","1"
"11901","1"
"11902","1"
"11903","1"
"11904","1"
"11919","1"
"11920","1"
"11921","1"
"11922","1"
"11923","0"
"11936","0"
"11937","1"
"11938","1"
"11939","1"
"11940","1"
"11941","1"
"11942","0"
"11943","0"
"11944","1"
"11945","1"
"11946","1"
"11947","1"
"11948","1"
"11949","1"
"11950","1"
"11951","1"
"11952","1"
"11953","1"
"11954","1"
"11955","1"
"11956","1"
"11957","1"
"11958","1"
"11959","1"
"11968","0"
"11969","1"
"11970","1"
"11971","1"
"11972","1"
"11973","0"
"11974","0"
"11975","0"
"11976","1"
"11977","1"
"11978","0"
"11979","1"
"11980","1"
"11981","1"
"11982","0"
"11983","1"
"11984","1"
"11985","0"
"11986","1"
"11987","1"
"11988","1"
"11989","1"
"11990","1"
"11991","1"
"11992","1"
"11993","1"
"11994","0"
"11995","1"
"11996","1"
"11997","1"
"11998","1"
"11999","1"
"12000","1"
"12001","1"
"12002","1"
"12003","1"
"12004","1"
"12005","1"
"12006","1"
"12007","1"
"12008","1"
"12009","1"
"12010","0"
"12011","1"
"12012","1"
"12013","1"
"12014","1"
"12015","0"
"12016","1"
"12017","1"
"12018","0"
"12019","1"
"12020","1"
"12021","1"
"12022","1"
"12023","1"
"12024","1"
"12025","1"
"12026","0"
"12028","1"
"12029","0"
"12031","0"
"12032","0"
"12049","1"
"12050","1"
"12051","1"
"12052","1"
"12064","1"
"12065","1"
"12066","1"
"12067","1"
"12068","0"
"12069","0"
"12070","0"
"12071","1"
"12072","1"
"12073","1"
"12074","1"
"12075","1"
"12076","1"
"12077","1"
"12078","1"
"12079","1"
"12080","1"
"12081","1"
"12082","1"
"12083","1"
"12084","1"
"12085","1"
"12086","1"
"12087","1"
"12088","0"
"12089","0"
"12099","1"
"12100","1"
"12101","1"
"12102","0"
"12103","0"
"12104","0"
"12105","0"
"12106","0"
"12107","0"
"12108","0"
"12109","0"
"12110","1"
"12111","1"
"12112","1"
"12113","1"
"12114","0"
"12115","0"
"12116","1"
"12117","1"
"12118","1"
"12119","1"
"12120","1"
"12121","1"
"12122","1"
"12123","1"
"12124","0"
"12125","1"
"12126","1"
"12127","1"
"12128","1"
"12129","1"
"12130","1"
"12131","1"
"12132","1"
"12133","1"
"12134","1"
"12135","1"
"12136","1"
"12137","1"
"12138","1"
"12139","0"
"12140","0"
"12141","1"
"12142","1"
"12143","1"
"12144","1"
"12145","1"
"12146","1"
"12147","1"
"12148","1"
"12149","1"
"12150","1"
"12151","0"
"12152","1"
"12153","1"
"12154","0"
"12155","0"
"12179","0"
"12180","1"
"12181","1"
"12182","1"
"12183","0"
"12194","0"
"12195","1"
"12196","1"
"12197","1"
"12198","1"
"12199","0"
"12200","1"
"12201","1"
"12202","1"
"12203","0"
"12204","1"
"12205","0"
"12206","0"
"12207","1"
"12208","1"
"12209","1"
"12210","1"
"12211","1"
"12212","1"
"12213","1"
"12214","1"
"12215","1"
"12216","1"
"12217","0"
"12218","1"
"12219","0"
"12220","0"
"12230","0"
"12231","0"
"12232","0"
"12236","0"
"12237","0"
"12238","1"
"12239","1"
"12240","1"
"12241","0"
"12242","1"
"12243","1"
"12244","1"
"12245","1"
"12246","1"
"12247","1"
"12248","1"
"12249","1"
"12250","1"
"12251","1"
"12252","1"
"12253","1"
"12254","1"
"12255","1"
"12256","1"
"12257","1"
"12258","1"
"12259","1"
"12260","1"
"12261","1"
"12262","1"
"12263","1"
"12264","1"
"12265","1"
"12266","1"
"12267","1"
"12268","1"
"12269","1"
"12270","0"
"12271","1"
"12272","1"
"12273","1"
"12274","1"
"12275","1"
"12276","1"
"12277","1"
"12278","1"
"12279","1"
"12280","1"
"12281","1"
"12282","0"
"12309","0"
"12310","1"
"12311","1"
"12312","1"
"12329","0"
"12330","0"
"12331","1"
"12332","0"
"12333","0"
"12334","0"
"12335","0"
"12336","1"
"12337","1"
"12338","1"
"12339","1"
"12340","1"
"12341","1"
"12342","1"
"12343","1"
"12344","1"
"12345","1"
"12346","1"
"12347","1"
"12348","1"
"12349","1"
"12350","0"
"12367","0"
"12368","0"
"12369","0"
"12370","0"
"12371","1"
"12372","1"
"12373","1"
"12374","1"
"12375","0"
"12376","0"
"12377","1"
"12378","1"
"12379","0"
"12380","1"
"12381","1"
"12382","1"
"12383","1"
"12384","1"
"12385","1"
"12386","1"
"12387","1"
"12388","1"
"12389","1"
"12390","1"
"12391","1"
"12392","1"
"12393","1"
"12394","1"
"12395","1"
"12396","1"
"12397","0"
"12398","1"
"12399","1"
"12400","1"
"12401","1"
"12402","0"
"12403","1"
"12404","1"
"12405","1"
"12406","1"
"12407","1"
"12408","1"
"12409","1"
"12459","0"
"12460","0"
"12461","0"
"12462","0"
"12463","0"
"12464","0"
"12465","0"
"12466","0"
"12467","0"
"12468","1"
"12469","1"
"12470","1"
"12471","1"
"12472","1"
"12473","1"
"12474","1"
"12475","1"
"12476","1"
"12477","0"
"12478","0"
"12479","1"
"12480","0"
"12498","0"
"12499","1"
"12500","0"
"12501","0"
"12502","0"
"12503","0"
"12504","1"
"12505","1"
"12506","1"
"12507","0"
"12508","1"
"12509","1"
"12510","0"
"12511","1"
"12512","1"
"12513","1"
"12514","1"
"12515","1"
"12516","1"
"12517","1"
"12518","1"
"12519","1"
"12520","1"
"12521","1"
"12522","1"
"12523","1"
"12524","0"
"12525","1"
"12526","1"
"12527","1"
"12528","1"
"12529","1"
"12530","1"
"12531","1"
"12532","1"
"12533","1"
"12534","1"
"12535","1"
"12536","1"
"12537","1"
"12538","0"
"12592","0"
"12593","0"
"12594","0"
"12595","0"
"12596","1"
"12597","1"
"12598","1"
"12599","1"
"12600","1"
"12601","1"
"12602","0"
"12603","1"
"12604","1"
"12605","0"
"12606","0"
"12607","0"
"12608","0"
"12609","0"
"12629","0"
"12630","0"
"12631","1"
"12632","1"
"12633","1"
"12634","0"
"12635","0"
"12636","0"
"12637","0"
"12638","0"
"12639","0"
"12640","0"
"12641","1"
"12642","1"
"12643","1"
"12644","0"
"12645","1"
"12646","1"
"12647","1"
"12648","1"
"12649","1"
"12650","1"
"12651","1"
"12652","1"
"12653","1"
"12654","1"
"12655","1"
"12656","0"
"12657","1"
"12658","1"
"12659","1"
"12660","0"
"12661","1"
"12662","1"
"12663","1"
"12664","1"
"12665","1"
"12666","1"
"12722","0"
"12723","0"
"12724","0"
"12725","1"
"12726","1"
"12727","0"
"12728","1"
"12729","1"
"12730","1"
"12731","0"
"12732","0"
"12733","1"
"12734","1"
"12735","0"
"12736","0"
"12737","0"
"12760","0"
"12761","0"
"12762","0"
"12763","0"
"12764","0"
"12765","0"
"12766","0"
"12767","1"
"12768","1"
"12769","0"
"12770","0"
"12771","1"
"12772","0"
"12773","1"
"12774","1"
"12775","1"
"12776","1"
"12777","1"
"12778","1"
"12779","1"
"12780","1"
"12781","1"
"12782","1"
"12783","1"
"12784","1"
"12785","1"
"12786","1"
"12787","1"
"12788","1"
"12789","1"
"12790","1"
"12791","1"
"12792","1"
"12793","1"
"12794","1"
"12855","0"
"12856","0"
"12857","0"
"12858","0"
"12859","1"
"12860","1"
"12861","1"
"12862","1"
"12863","1"
"12864","1"
"12865","1"
"12866","0"
"12867","0"
"12892","0"
"12893","0"
"12894","0"
"12895","0"
"12896","1"
"12897","0"
"12898","1"
"12899","0"
"12900","0"
"12901","1"
"12902","1"
"12903","1"
"12904","1"
"12905","1"
"12906","1"
"12907","1"
"12908","1"
"12909","1"
"12910","1"
"12911","1"
"12912","1"
"12913","1"
"12914","1"
"12915","1"
"12916","1"
"12917","1"
"12918","1"
"12919","1"
"12920","1"
"12921","1"
"12922","1"
"12923","1"
"12924","1"
"12986","0"
"12987","0"
"12988","1"
"12989","1"
"12990","1"
"12991","0"
"12992","0"
"12993","1"
"12994","1"
"12995","1"
"12996","0"
"13022","0"
"13023","0"
"13024","0"
"13025","0"
"13026","1"
"13027","1"
"13028","1"
"13029","1"
"13030","0"
"13031","1"
"13032","1"
"13033","1"
"13034","1"
"13035","1"
"13036","1"
"13037","1"
"13038","1"
"13039","1"
"13040","1"
"13041","0"
"13042","1"
"13043","1"
"13044","1"
"13045","1"
"13046","1"
"13047","1"
"13048","1"
"13049","1"
"13050","1"
"13051","1"
"13052","1"
"13053","1"
"13054","1"
"13118","0"
"13119","0"
"13122","0"
"13123","0"
"13124","0"
"13125","0"
"13126","0"
"13153","0"
"13154","0"
"13155","0"
"13156","0"
"13157","1"
"13158","1"
"13159","0"
"13160","1"
"13161","1"
"13162","1"
"13163","1"
"13164","0"
"13165","1"
"13166","1"
"13167","1"
"13168","1"
"13169","1"
"13170","1"
"13171","1"
"13172","1"
"13173","1"
"13174","1"
"13175","1"
"13176","1"
"13177","1"
"13178","1"
"13179","1"
"13180","1"
"13181","1"
"13182","1"
"13183","1"
"13184","1"
"13185","1"
"13283","0"
"13284","1"
"13285","0"
"13286","1"
"13287","1"
"13288","0"
"13289","1"
"13290","1"
"13291","1"
"13292","0"
"13293","1"
"13294","1"
"13295","1"
"13296","1"
"13297","1"
"13298","1"
"13299","1"
"13300","1"
"13301","0"
"13302","1"
"13303","1"
"13304","1"
"13305","1"
"13306","1"
"13307","1"
"13308","1"
"13309","1"
"13310","1"
"13311","1"
"13312","1"
"13313","1"
"13314","1"
"13315","1"
"13316","1"
"13414","0"
"13415","0"
"13416","1"
"13417","1"
"13418","1"
"13419","1"
"13420","1"
"13421","1"
"13422","0"
"13423","1"
"13424","0"
"13425","1"
"13426","1"
"13427","1"
"13428","1"
"13429","1"
"13430","1"
"13431","1"
"13432","1"
"13433","1"
"13434","1"
"13435","1"
"13436","1"
"13437","1"
"13438","1"
"13439","1"
"13440","1"
"13441","1"
"13442","1"
"13443","1"
"13444","1"
"13445","1"
"13446","1"
"13447","1"
"13546","1"
"13547","1"
"13548","1"
"13549","1"
"13550","1"
"13551","1"
"13552","1"
"13553","1"
"13554","1"
"13555","1"
"13556","1"
"13557","1"
"13558","1"
"13559","1"
"13560","1"
"13561","1"
"13562","1"
"13563","1"
"13564","1"
"13565","1"
"13566","1"
"13567","1"
"13568","1"
"13569","1"
"13570","1"
"13571","1"
"13572","1"
"13573","1"
"13574","1"
"13575","1"
"13576","1"
"13577","1"
"13578","0"
"13676","1"
"13677","1"
"13678","0"
"13679","1"
"13680","1"
"13681","1"
"13682","1"
"13683","1"
"13684","0"
"13685","1"
"13686","1"
"13687","1"
"13688","1"
"13689","1"
"13690","1"
"13691","1"
"13692","1"
"13693","1"
"13694","1"
"13695","1"
"13696","1"
"13697","1"
"13698","1"
"13699","1"
"13700","1"
"13701","1"
"13702","1"
"13703","0"
"13704","1"
"13705","1"
"13706","0"
"13807","0"
"13808","1"
"13809","1"
"13810","1"
"13811","1"
"13812","1"
"13813","1"
"13814","1"
"13815","1"
"13816","1"
"13817","1"
"13818","1"
"13819","1"
"13820","1"
"13821","1"
"13822","1"
"13823","1"
"13824","1"
"13825","1"
"13826","1"
"13827","1"
"13828","1"
"13829","1"
"13830","1"
"13831","1"
"13832","1"
"13833","1"
"13834","0"
"13938","1"
"13939","1"
"13940","1"
"13941","1"
"13942","1"
"13943","1"
"13944","1"
"13945","1"
"13946","1"
"13947","1"
"13948","1"
"13949","1"
"13950","1"
"13951","1"
"13952","1"
"13953","1"
"13954","1"
"13955","1"
"13956","1"
"13957","1"
"13958","1"
"13959","1"
"13960","1"
"13961","0"
"13962","0"
"13963","0"
"14069","0"
"14070","1"
"14071","1"
"14072","1"
"14073","1"
"14074","1"
"14075","1"
"14076","1"
"14077","1"
"14078","1"
"14079","1"
"14080","1"
"14081","1"
"14082","1"
"14083","1"
"14084","1"
"14085","1"
"14086","1"
"14087","1"
"14088","0"
"14089","1"
"14090","0"
"14199","0"
"14200","1"
"14201","1"
"14202","1"
"14203","1"
"14204","1"
"14205","1"
"14206","1"
"14207","1"
"14208","1"
"14209","1"
"14210","1"
"14211","1"
"14212","1"
"14213","1"
"14214","1"
"14215","1"
"14216","1"
"14217","1"
"14218","0"
"14219","0"
"14220","0"
"14328","0"
"14329","1"
"14330","1"
"14331","1"
"14332","1"
"14333","1"
"14334","1"
"14335","1"
"14336","1"
"14337","1"
"14338","1"
"14339","1"
"14340","1"
"14341","1"
"14342","1"
"14343","1"
"14344","1"
"14345","1"
"14346","1"
"14347","1"
"14348","0"
"14459","1"
"14460","1"
"14461","1"
"14462","1"
"14463","1"
"14464","1"
"14465","1"
"14466","1"
"14467","1"
"14468","1"
"14469","1"
"14470","1"
"14471","1"
"14472","1"
"14473","1"
"14474","1"
"14475","0"
"14476","1"
"14477","1"
"14478","0"
"14590","0"
"14591","1"
"14592","1"
"14593","1"
"14594","1"
"14595","1"
"14596","1"
"14597","1"
"14598","1"
"14599","1"
"14600","1"
"14601","1"
"14602","1"
"14603","0"
"14604","1"
"14605","1"
"14606","1"
"14607","1"
"14608","0"
"14721","0"
"14722","1"
"14723","1"
"14724","1"
"14725","1"
"14726","1"
"14727","1"
"14728","1"
"14729","1"
"14730","1"
"14731","1"
"14732","1"
"14733","1"
"14734","1"
"14735","1"
"14736","1"
"14737","0"
"14738","0"
"14739","0"
"14849","1"
"14850","1"
"14851","1"
"14852","1"
"14853","1"
"14854","1"
"14855","1"
"14856","1"
"14857","1"
"14858","1"
"14859","1"
"14860","1"
"14861","1"
"14862","1"
"14863","1"
"14864","1"
"14865","1"
"14866","0"
"14867","0"
"14868","1"
"14869","1"
"14870","0"
"14871","0"
"14977","0"
"14978","0"
"14979","1"
"14980","1"
"14981","1"
"14982","1"
"14983","1"
"14984","1"
"14985","1"
"14986","1"
"14987","1"
"14988","1"
"14989","1"
"14990","1"
"14991","1"
"14992","1"
"14993","0"
"14994","1"
"14995","1"
"14996","1"
"14997","1"
"14998","1"
"14999","1"
"15000","0"
"15001","1"
"15105","0"
"15106","0"
"15107","1"
"15108","1"
"15109","1"
"15110","1"
"15111","1"
"15112","1"
"15113","1"
"15114","1"
"15115","0"
"15116","1"
"15117","1"
"15118","1"
"15119","1"
"15120","0"
"15121","1"
"15122","1"
"15123","0"
"15124","0"
"15125","1"
"15126","1"
"15127","0"
"15128","1"
"15129","1"
"15130","0"
"15131","0"
"15235","1"
"15236","0"
"15237","1"
"15238","1"
"15239","1"
"15240","1"
"15241","1"
"15242","1"
"15243","1"
"15244","1"
"15245","1"
"15246","1"
"15247","1"
"15248","0"
"15249","0"
"15250","1"
"15251","1"
"15252","1"
"15253","1"
"15254","1"
"15255","1"
"15256","1"
"15257","1"
"15258","1"
"15259","1"
"15260","0"
"15261","0"
"15364","0"
"15365","0"
"15366","1"
"15367","1"
"15368","1"
"15369","1"
"15370","1"
"15371","1"
"15372","1"
"15373","1"
"15374","1"
"15375","1"
"15376","1"
"15377","1"
"15378","0"
"15379","1"
"15380","1"
"15381","0"
"15382","0"
"15383","1"
"15384","1"
"15385","1"
"15386","1"
"15387","1"
"15388","1"
"15389","0"
"15494","0"
"15495","1"
"15496","1"
"15497","1"
"15498","1"
"15499","1"
"15500","1"
"15501","1"
"15502","1"
"15503","1"
"15504","1"
"15505","1"
"15506","0"
"15507","0"
"15508","1"
"15509","1"
"15510","1"
"15511","1"
"15512","0"
"15513","1"
"15514","1"
"15515","1"
"15516","1"
"15517","1"
"15518","1"
"15519","0"
"15624","0"
"15625","1"
"15626","1"
"15627","1"
"15628","1"
"15629","1"
"15630","1"
"15631","1"
"15632","1"
"15633","1"
"15634","0"
"15635","0"
"15636","0"
"15637","1"
"15638","1"
"15639","1"
"15640","1"
"15641","1"
"15642","1"
"15643","1"
"15644","1"
"15645","1"
"15646","1"
"15647","1"
"15648","0"
"15649","0"
"15754","0"
"15755","1"
"15756","1"
"15757","1"
"15758","1"
"15759","1"
"15760","1"
"15761","1"
"15762","1"
"15763","1"
"15764","0"
"15765","1"
"15766","1"
"15767","1"
"15768","1"
"15769","1"
"15770","1"
"15771","1"
"15772","1"
"15773","1"
"15774","1"
"15775","1"
"15776","1"
"15777","1"
"15778","0"
"15779","0"
"15780","0"
"15781","0"
"15884","1"
"15885","1"
"15886","1"
"15887","1"
"15888","1"
"15889","1"
"15890","1"
"15891","1"
"15892","1"
"15893","1"
"15894","1"
"15895","1"
"15896","1"
"15897","1"
"15898","1"
"15899","1"
"15900","1"
"15901","1"
"15902","1"
"15903","1"
"15904","1"
"15905","1"
"15906","1"
"15907","1"
"15908","0"
"15909","0"
"15910","0"
"15911","0"
"16014","0"
"16015","0"
"16016","1"
"16017","1"
"16018","1"
"16019","1"
"16020","1"
"16021","1"
"16022","1"
"16023","0"
"16024","1"
"16025","1"
"16026","1"
"16027","1"
"16028","1"
"16029","1"
"16030","0"
"16031","1"
"16032","1"
"16033","1"
"16034","0"
"16035","1"
"16036","0"
"16037","0"
"16038","0"
"16039","0"
"16040","0"
"16041","0"
"16042","0"
"16145","0"
"16146","1"
"16147","0"
"16148","0"
"16149","0"
"16150","0"
"16151","1"
"16152","0"
"16153","0"
"16154","1"
"16155","0"
"16156","0"
"16157","1"
"16158","1"
"16159","1"
"16160","1"
"16161","1"
"16162","1"
"16163","0"
"16164","0"
"16165","1"
"16166","0"
"16167","0"
"16168","0"
"16169","0"
"16170","0"
"16171","0"
"16172","0"
"16173","0"
"16174","0"
"16276","0"
"16277","0"
"16278","0"
"16279","0"
"16280","0"
"16281","1"
"16282","1"
"16283","1"
"16284","0"
"16285","0"
"16286","0"
"16287","1"
"16288","0"
"16289","1"
"16290","0"
"16291","1"
"16292","1"
"16293","0"
"16294","1"
"16295","0"
"16296","0"
"16297","0"
"16298","0"
"16299","0"
"16300","1"
"16301","0"
"16302","0"
"16303","0"
"16304","0"
"16405","0"
"16406","0"
"16407","1"
"16408","0"
"16409","1"
"16410","1"
"16411","0"
"16412","1"
"16413","1"
"16414","1"
"16415","1"
"16416","0"
"16417","1"
"16418","0"
"16419","0"
"16420","0"
"16421","1"
"16422","0"
"16423","1"
"16424","0"
"16425","0"
"16426","0"
"16427","0"
"16428","1"
"16429","0"
"16430","0"
"16431","0"
"16432","0"
"16433","0"
"16434","0"
"16534","0"
"16535","0"
"16536","1"
"16537","1"
"16538","1"
"16539","1"
"16540","1"
"16541","0"
"16542","1"
"16543","1"
"16544","1"
"16545","1"
"16546","1"
"16547","1"
"16548","0"
"16549","0"
"16550","1"
"16551","0"
"16552","0"
"16553","0"
"16554","1"
"16555","1"
"16556","0"
"16557","0"
"16558","0"
"16559","0"
"16560","0"
"16561","0"
"16562","0"
"16563","0"
"16564","0"
"16662","0"
"16663","0"
"16664","0"
"16665","0"
"16666","0"
"16667","0"
"16668","0"
"16669","1"
"16670","1"
"16671","1"
"16672","1"
"16673","0"
"16674","1"
"16675","0"
"16676","1"
"16677","1"
"16678","0"
"16679","0"
"16680","0"
"16681","0"
"16682","0"
"16684","0"
"16685","0"
"16686","0"
"16687","0"
"16688","0"
"16689","0"
"16690","0"
"16691","0"
"16692","0"
"16693","0"
"16694","0"
"16790","1"
"16791","0"
"16792","0"
"16793","0"
"16794","0"
"16795","0"
"16796","0"
"16797","1"
"16798","1"
"16799","1"
"16800","1"
"16801","0"
"16802","0"
"16803","0"
"16804","0"
"16805","0"
"16806","0"
"16807","0"
"16808","0"
"16809","0"
"16810","0"
"16816","0"
"16817","1"
"16818","0"
"16819","0"
"16820","0"
"16821","0"
"16822","0"
"16823","0"
"16920","1"
"16921","0"
"16922","0"
"16923","0"
"16924","0"
"16925","1"
"16926","0"
"16927","1"
"16928","1"
"16929","1"
"16930","1"
"16931","0"
"16932","0"
"16933","0"
"16934","0"
"16935","0"
"16936","0"
"16937","0"
"16938","0"
"16939","0"
"17050","0"
"17051","0"
"17052","0"
"17053","0"
"17054","0"
"17055","0"
"17056","0"
"17057","1"
"17058","1"
"17059","1"
"17060","1"
"17061","0"
"17062","0"
"17063","0"
"17064","0"
"17065","0"
"17066","0"
"17067","0"
"17182","0"
"17183","0"
"17184","0"
"17185","0"
"17186","0"
"17187","0"
"17188","0"
"17189","0"
"17190","1"
"17191","1"
"17192","0"
"17193","1"
"17194","0"
"17195","0"
"17196","0"
"17312","0"
"17313","0"
"17314","0"
"17315","0"
"17316","0"
"17317","0"
"17318","1"
"17319","1"
"17320","1"
"17321","1"
"17322","1"
"17323","0"
"17324","0"
"17445","0"
"17448","0"
"17449","0"
"17450","0"
"17451","0"
"17452","0"
"17453","0"
