"timegroups","COMMON.NAME","timegroupsf","lci","mean","rci","lci_std","mean_std","rci_std","lci_std_recent","mean_std_recent","rci_std_recent","lci_ext_std","mean_ext_std","rci_ext_std","lci_std_comb","mean_std_comb","rci_std_comb"
1996,"Dark-rumped Swift","before 2000",NA,NA,NA,NA,NA,NA,NA,NA,NA,NA,NA,NA,NA,NA,NA
2009,"Dark-rumped Swift","2007-2010",NA,NA,NA,NA,NA,NA,NA,NA,NA,NA,NA,NA,NA,NA,NA
2012,"Dark-rumped Swift","2011-2012",NA,NA,NA,NA,NA,NA,NA,NA,NA,NA,NA,NA,NA,NA,NA
2013,"Dark-rumped Swift","2013",NA,NA,NA,NA,NA,NA,NA,NA,NA,NA,NA,NA,NA,NA,NA
2014,"Dark-rumped Swift","2014",NA,NA,NA,NA,NA,NA,NA,NA,NA,NA,NA,NA,NA,NA,NA
2015,"Dark-rumped Swift","2015",2.7271527574104e-12,0.00913297084046627,0.0465857942559503,NA,NA,NA,100,100,100,NA,NA,NA,100,100,100
2016,"Dark-rumped Swift","2016",2.06903467191074e-11,0.014569767339794,0.054862673167356,NA,NA,NA,1.56416564627922e-06,161.481860500547,223704403770.255,NA,NA,NA,1.56416564627922e-06,161.481860500547,223704403770.255
2017,"Dark-rumped Swift","2017",7.01446338524694e-11,0.010324912810079,0.0427965923700139,NA,NA,NA,1.138322238396e-06,135.455866893285,264679334282.78,NA,NA,NA,1.138322238396e-06,135.455866893285,264679334282.78
2018,"Dark-rumped Swift","2018",4.75528815031637e-12,0.00667987233793252,0.0404839362365876,NA,NA,NA,1.57213288313184e-07,94.7713297674628,22696100301.5009,NA,NA,NA,1.57213288313184e-07,94.7713297674628,22696100301.5009
2019,"Dark-rumped Swift","2019",1.04425866172676e-10,0.0212461511287689,0.0831282805830274,NA,NA,NA,1.40122281001904e-06,262.155903907047,408785996395.013,NA,NA,NA,1.40122281001904e-06,262.155903907047,408785996395.013
2020,"Dark-rumped Swift","2020",0.00603029609931803,0.0289964262041502,0.0886610386487028,NA,NA,NA,48.8728144086206,345.362936325816,635335325954.799,NA,NA,NA,48.8728144086206,345.362936325816,635335325954.799
2021,"Dark-rumped Swift","2021",0.00412454548069013,0.0169853714093158,0.0445164818214574,NA,NA,NA,31.6497294745337,201.193358912905,351894437710.95,NA,NA,NA,31.6497294745337,201.193358912905,351894437710.95
2022,"Dark-rumped Swift","2022",0.00285417229550537,0.0123251198321057,0.0313578197177127,NA,NA,NA,22.6232111072033,148.727232901318,331225789158.396,NA,NA,NA,22.6232111072033,148.727232901318,331225789158.396
2023,"Dark-rumped Swift","2023",2.03169067029955e-10,0.00470774609650658,0.0133149327693225,NA,NA,NA,3.21646852795188,62.7340711537676,114262389302.304,NA,NA,NA,3.21646852795188,62.7340711537676,114262389302.304
2024,"Dark-rumped Swift","2024",0.00493139788899056,0.0143091401857527,0.0300899394500715,NA,NA,NA,32.3120086070387,164.499444838952,371800291971.412,NA,NA,NA,32.3120086070387,164.499444838952,371800291971.412
2025,"Dark-rumped Swift","2025",0.00626367009905246,0.0170859636292077,0.0365067986026712,NA,NA,NA,40.7909032353545,184.087391576019,430415830753.39,NA,NA,NA,40.7909032353545,184.087391576019,430415830753.39
2026,"Dark-rumped Swift","2026",NA,NA,NA,NA,NA,NA,NA,NA,NA,36.9908797559475,441.023691046224,1252772.41943166,36.9908797559475,441.023691046224,1252772.41943166
2027,"Dark-rumped Swift","2027",NA,NA,NA,NA,NA,NA,NA,NA,NA,32.2232377772529,764.485996142257,7717829.09419244,32.2232377772529,764.485996142257,7717829.09419244
2028,"Dark-rumped Swift","2028",NA,NA,NA,NA,NA,NA,NA,NA,NA,27.9596959346468,1458.39280955072,46953027.5140087,27.9596959346468,1458.39280955072,46953027.5140087
2029,"Dark-rumped Swift","2029",NA,NA,NA,NA,NA,NA,NA,NA,NA,24.4465215816098,2630.26102430256,304957945.832922,24.4465215816098,2630.26102430256,304957945.832922
2030,"Dark-rumped Swift","2030",NA,NA,NA,NA,NA,NA,NA,NA,NA,21.683264619251,5136.11312942223,1816917929.28585,21.683264619251,5136.11312942223,1816917929.28585
2031,"Dark-rumped Swift","2031",NA,NA,NA,NA,NA,NA,NA,NA,NA,18.8801095349389,9810.51229863362,11780370824.5222,18.8801095349389,9810.51229863362,11780370824.5222
2032,"Dark-rumped Swift","2032",NA,NA,NA,NA,NA,NA,NA,NA,NA,16.691736860419,18764.2258797531,83403821223.3271,16.691736860419,18764.2258797531,83403821223.3271
2033,"Dark-rumped Swift","2033",NA,NA,NA,NA,NA,NA,NA,NA,NA,14.4996874474219,36941.1630341531,641741502954.201,14.4996874474219,36941.1630341531,641741502954.201
1996,"Black-throated Tit","before 2000",NA,NA,NA,NA,NA,NA,NA,NA,NA,NA,NA,NA,NA,NA,NA
2009,"Black-throated Tit","2007-2010",NA,NA,NA,NA,NA,NA,NA,NA,NA,NA,NA,NA,NA,NA,NA
2012,"Black-throated Tit","2011-2012",NA,NA,NA,NA,NA,NA,NA,NA,NA,NA,NA,NA,NA,NA,NA
2013,"Black-throated Tit","2013",NA,NA,NA,NA,NA,NA,NA,NA,NA,NA,NA,NA,NA,NA,NA
2014,"Black-throated Tit","2014",NA,NA,NA,NA,NA,NA,NA,NA,NA,NA,NA,NA,NA,NA,NA
2015,"Black-throated Tit","2015",4.19364236109179e-10,0.00855609445035888,0.0285804648192252,NA,NA,NA,100,100,100,NA,NA,NA,100,100,100
2016,"Black-throated Tit","2016",0.0042605135039816,0.0223198767624118,0.0618909667825173,NA,NA,NA,54.3003778325544,263.83344935519,4547046259.894,NA,NA,NA,54.3003778325544,263.83344935519,4547046259.894
2017,"Black-throated Tit","2017",0.00612392584094743,0.0240663602601963,0.0596177547889727,NA,NA,NA,74.5121375118962,279.427264147926,4122815769.29769,NA,NA,NA,74.5121375118962,279.427264147926,4122815769.29769
2018,"Black-throated Tit","2018",0.000985709627290641,0.0204886485679706,0.0609276039843257,NA,NA,NA,37.6102855477986,242.198754895584,3653531182.31467,NA,NA,NA,37.6102855477986,242.198754895584,3653531182.31467
2019,"Black-throated Tit","2019",0.00912142298606088,0.0400396122814204,0.102115268240154,NA,NA,NA,106.072997092939,467.589212790161,7595491858.67423,NA,NA,NA,106.072997092939,467.589212790161,7595491858.67423
2020,"Black-throated Tit","2020",3.25824797636713e-09,0.0151076255882444,0.045037500404408,NA,NA,NA,24.0700639528098,188.259961631582,3031625933.09232,NA,NA,NA,24.0700639528098,188.259961631582,3031625933.09232
2021,"Black-throated Tit","2021",0.00607911380109571,0.0210411901810818,0.050191512009399,NA,NA,NA,78.6485797566418,253.766162784862,4359109702.41838,NA,NA,NA,78.6485797566418,253.766162784862,4359109702.41838
2022,"Black-throated Tit","2022",0.00678068707770548,0.0217777967045481,0.0484831382737793,NA,NA,NA,87.0786695726484,254.731768170339,3817813279.37143,NA,NA,NA,87.0786695726484,254.731768170339,3817813279.37143
2023,"Black-throated Tit","2023",0.0076859098389237,0.0210644434803791,0.0492368912718288,NA,NA,NA,80.3244174213553,247.620073673157,4528789734.51942,NA,NA,NA,80.3244174213553,247.620073673157,4528789734.51942
2024,"Black-throated Tit","2024",0.0058325973174593,0.0157699082644707,0.0355646313713191,NA,NA,NA,62.3513226789108,188.721905412034,2760554419.623,NA,NA,NA,62.3513226789108,188.721905412034,2760554419.623
2025,"Black-throated Tit","2025",0.00351211585421107,0.0106086281579587,0.0238459527582712,NA,NA,NA,41.0507631551212,129.183293314972,1958400896.14367,NA,NA,NA,41.0507631551212,129.183293314972,1958400896.14367
2026,"Black-throated Tit","2026",NA,NA,NA,NA,NA,NA,NA,NA,NA,106.445223285427,208.531521825357,435.708599889843,106.445223285427,208.531521825357,435.708599889843
2027,"Black-throated Tit","2027",NA,NA,NA,NA,NA,NA,NA,NA,NA,96.8189504585385,208.309851149889,475.7495382343,96.8189504585385,208.309851149889,475.7495382343
2028,"Black-throated Tit","2028",NA,NA,NA,NA,NA,NA,NA,NA,NA,87.5784330103709,206.086446549283,517.223495730759,87.5784330103709,206.086446549283,517.223495730759
2029,"Black-throated Tit","2029",NA,NA,NA,NA,NA,NA,NA,NA,NA,79.9790149589784,204.792574399483,566.161107236007,79.9790149589784,204.792574399483,566.161107236007
2030,"Black-throated Tit","2030",NA,NA,NA,NA,NA,NA,NA,NA,NA,73.7257192394315,204.437725885191,620.738151557637,73.7257192394315,204.437725885191,620.738151557637
2031,"Black-throated Tit","2031",NA,NA,NA,NA,NA,NA,NA,NA,NA,66.2681189456572,205.09633122129,682.602172024317,66.2681189456572,205.09633122129,682.602172024317
2032,"Black-throated Tit","2032",NA,NA,NA,NA,NA,NA,NA,NA,NA,59.993932398462,203.90095178685,748.996404640459,59.993932398462,203.90095178685,748.996404640459
2033,"Black-throated Tit","2033",NA,NA,NA,NA,NA,NA,NA,NA,NA,54.2702896218376,202.647247570977,817.42879568555,54.2702896218376,202.647247570977,817.42879568555
1996,"Rufous-capped Babbler","before 2000",NA,NA,NA,NA,NA,NA,NA,NA,NA,NA,NA,NA,NA,NA,NA
2009,"Rufous-capped Babbler","2007-2010",NA,NA,NA,NA,NA,NA,NA,NA,NA,NA,NA,NA,NA,NA,NA
2012,"Rufous-capped Babbler","2011-2012",NA,NA,NA,NA,NA,NA,NA,NA,NA,NA,NA,NA,NA,NA,NA
2013,"Rufous-capped Babbler","2013",NA,NA,NA,NA,NA,NA,NA,NA,NA,NA,NA,NA,NA,NA,NA
2014,"Rufous-capped Babbler","2014",NA,NA,NA,NA,NA,NA,NA,NA,NA,NA,NA,NA,NA,NA,NA
2015,"Rufous-capped Babbler","2015",0.0127771226083593,0.036843259877961,0.0800436710752434,NA,NA,NA,100,100,100,NA,NA,NA,100,100,100
2016,"Rufous-capped Babbler","2016",0.0157661515961737,0.044996128903435,0.092650606064819,NA,NA,NA,40.6191710863011,122.707316173776,371.782278573525,NA,NA,NA,40.6191710863011,122.707316173776,371.782278573525
2017,"Rufous-capped Babbler","2017",0.0120229406801711,0.0302813591718288,0.062596939985552,NA,NA,NA,30.0749775444815,83.355639328136,276.283109615251,NA,NA,NA,30.0749775444815,83.355639328136,276.283109615251
2018,"Rufous-capped Babbler","2018",0.00952048265343187,0.0348327016573964,0.0771290411896974,NA,NA,NA,27.9138515898959,94.6228001534668,307.354663589705,NA,NA,NA,27.9138515898959,94.6228001534668,307.354663589705
2019,"Rufous-capped Babbler","2019",0.00848021474005867,0.0444384629997585,0.101348957003346,NA,NA,NA,23.9306980185989,120.354528310338,355.664791538625,NA,NA,NA,23.9306980185989,120.354528310338,355.664791538625
2020,"Rufous-capped Babbler","2020",0.0147272534232922,0.0360185007572501,0.0719251467998733,NA,NA,NA,42.7934608596963,96.4721381546784,282.366995887736,NA,NA,NA,42.7934608596963,96.4721381546784,282.366995887736
2021,"Rufous-capped Babbler","2021",0.0183135058673212,0.0355978173579237,0.0629444311422454,NA,NA,NA,47.5682395996958,94.3904445878761,258.523263824053,NA,NA,NA,47.5682395996958,94.3904445878761,258.523263824053
2022,"Rufous-capped Babbler","2022",0.0142698676870103,0.0278066338347545,0.0501260989356216,NA,NA,NA,37.9554852456602,74.5660126948153,201.995168927146,NA,NA,NA,37.9554852456602,74.5660126948153,201.995168927146
2023,"Rufous-capped Babbler","2023",0.00645723913248764,0.0144257720706929,0.0253722462919906,NA,NA,NA,16.8739277839328,37.6601329373045,101.453805019541,NA,NA,NA,16.8739277839328,37.6601329373045,101.453805019541
2024,"Rufous-capped Babbler","2024",0.0121826538261685,0.0230970284958621,0.0403577049191358,NA,NA,NA,31.8936490633212,62.4712516970674,165.889432571274,NA,NA,NA,31.8936490633212,62.4712516970674,165.889432571274
2025,"Rufous-capped Babbler","2025",0.0169914934280903,0.0314447485710733,0.0544435103262115,NA,NA,NA,44.7325719582024,83.2443332054712,249.863255924342,NA,NA,NA,44.7325719582024,83.2443332054712,249.863255924342
2026,"Rufous-capped Babbler","2026",NA,NA,NA,NA,NA,NA,NA,NA,NA,35.7717228949647,58.6933033851686,96.7718530050489,35.7717228949647,58.6933033851686,96.7718530050489
2027,"Rufous-capped Babbler","2027",NA,NA,NA,NA,NA,NA,NA,NA,NA,31.7081689682109,55.4860011517,97.1705380842585,31.7081689682109,55.4860011517,97.1705380842585
2028,"Rufous-capped Babbler","2028",NA,NA,NA,NA,NA,NA,NA,NA,NA,28.1739909227521,52.8677100480925,97.5731222204518,28.1739909227521,52.8677100480925,97.5731222204518
2029,"Rufous-capped Babbler","2029",NA,NA,NA,NA,NA,NA,NA,NA,NA,24.8847208808459,50.0764419434458,98.6876370635439,24.8847208808459,50.0764419434458,98.6876370635439
2030,"Rufous-capped Babbler","2030",NA,NA,NA,NA,NA,NA,NA,NA,NA,21.8550456607242,47.2125633196204,99.8972265293482,21.8550456607242,47.2125633196204,99.8972265293482
2031,"Rufous-capped Babbler","2031",NA,NA,NA,NA,NA,NA,NA,NA,NA,19.403609206367,44.4053015516656,100.500779269503,19.403609206367,44.4053015516656,100.500779269503
2032,"Rufous-capped Babbler","2032",NA,NA,NA,NA,NA,NA,NA,NA,NA,17.1023188363856,42.0345231350929,101.725101370662,17.1023188363856,42.0345231350929,101.725101370662
2033,"Rufous-capped Babbler","2033",NA,NA,NA,NA,NA,NA,NA,NA,NA,15.2272390559736,39.5790326799847,102.392723874351,15.2272390559736,39.5790326799847,102.392723874351
1996,"Spot-breasted Scimitar-Babbler","before 2000",NA,NA,NA,NA,NA,NA,NA,NA,NA,NA,NA,NA,NA,NA,NA
2009,"Spot-breasted Scimitar-Babbler","2007-2010",NA,NA,NA,NA,NA,NA,NA,NA,NA,NA,NA,NA,NA,NA,NA
2012,"Spot-breasted Scimitar-Babbler","2011-2012",NA,NA,NA,NA,NA,NA,NA,NA,NA,NA,NA,NA,NA,NA,NA
2013,"Spot-breasted Scimitar-Babbler","2013",NA,NA,NA,NA,NA,NA,NA,NA,NA,NA,NA,NA,NA,NA,NA
2014,"Spot-breasted Scimitar-Babbler","2014",NA,NA,NA,NA,NA,NA,NA,NA,NA,NA,NA,NA,NA,NA,NA
2015,"Spot-breasted Scimitar-Babbler","2015",0.00553009399245468,0.0267591901647309,0.0668580738576759,NA,NA,NA,100,100,100,NA,NA,NA,100,100,100
2016,"Spot-breasted Scimitar-Babbler","2016",9.22786358373624e-10,0.010500925596628,0.0301979376166472,NA,NA,NA,5.0212307558404e-06,38.5840975262013,201.838558907963,NA,NA,NA,5.0212307558404e-06,38.5840975262013,201.838558907963
2017,"Spot-breasted Scimitar-Babbler","2017",0.00237203369795707,0.0113667506847538,0.0278368172910403,NA,NA,NA,9.18780265776521,42.8098986860135,187.259992634853,NA,NA,NA,9.18780265776521,42.8098986860135,187.259992634853
2018,"Spot-breasted Scimitar-Babbler","2018",0.0107008012947653,0.0337024860406634,0.0797617414979316,NA,NA,NA,43.2621414064985,128.157513073185,639.663751056443,NA,NA,NA,43.2621414064985,128.157513073185,639.663751056443
2019,"Spot-breasted Scimitar-Babbler","2019",0.00757996907522519,0.02993052663942,0.0661254375445005,NA,NA,NA,30.3071725385915,112.800281681045,488.570598264481,NA,NA,NA,30.3071725385915,112.800281681045,488.570598264481
2020,"Spot-breasted Scimitar-Babbler","2020",2.45578000356239e-10,0.00376719801010164,0.0117871441495825,NA,NA,NA,1.22136885000754e-06,13.950891088401,79.877690911519,NA,NA,NA,1.22136885000754e-06,13.950891088401,79.877690911519
2021,"Spot-breasted Scimitar-Babbler","2021",0.0121433260507209,0.0292697784220773,0.0578628101619212,NA,NA,NA,49.1070940451566,111.668842056114,429.079101005702,NA,NA,NA,49.1070940451566,111.668842056114,429.079101005702
2022,"Spot-breasted Scimitar-Babbler","2022",0.00888804458524467,0.0199412091467844,0.0411380205555645,NA,NA,NA,33.3106490556734,76.0146362508258,312.063311110914,NA,NA,NA,33.3106490556734,76.0146362508258,312.063311110914
2023,"Spot-breasted Scimitar-Babbler","2023",0.0104096134792854,0.0242682302532529,0.0466828371820623,NA,NA,NA,39.8476903650546,91.4559439639807,352.387244030734,NA,NA,NA,39.8476903650546,91.4559439639807,352.387244030734
2024,"Spot-breasted Scimitar-Babbler","2024",0.00997592609705056,0.0225684214653177,0.0431194999076446,NA,NA,NA,38.0917296272639,85.105665072563,337.242699260183,NA,NA,NA,38.0917296272639,85.105665072563,337.242699260183
2025,"Spot-breasted Scimitar-Babbler","2025",0.00969916979042571,0.0221636709933268,0.0414324332095651,NA,NA,NA,37.0725169120637,83.9894931332796,320.20348081916,NA,NA,NA,37.0725169120637,83.9894931332796,320.20348081916
2026,"Spot-breasted Scimitar-Babbler","2026",NA,NA,NA,NA,NA,NA,NA,NA,NA,29.7360201595828,80.8570608439235,241.135969836946,29.7360201595828,80.8570608439235,241.135969836946
2027,"Spot-breasted Scimitar-Babbler","2027",NA,NA,NA,NA,NA,NA,NA,NA,NA,26.8180164918242,83.1252895587195,281.986095988136,26.8180164918242,83.1252895587195,281.986095988136
2028,"Spot-breasted Scimitar-Babbler","2028",NA,NA,NA,NA,NA,NA,NA,NA,NA,24.3126648073424,85.5707298969627,331.025564535525,24.3126648073424,85.5707298969627,331.025564535525
2029,"Spot-breasted Scimitar-Babbler","2029",NA,NA,NA,NA,NA,NA,NA,NA,NA,22.0680786450251,88.6123355716215,390.681405882188,22.0680786450251,88.6123355716215,390.681405882188
2030,"Spot-breasted Scimitar-Babbler","2030",NA,NA,NA,NA,NA,NA,NA,NA,NA,20.0008267373146,92.1099173236425,458.895510655824,20.0008267373146,92.1099173236425,458.895510655824
2031,"Spot-breasted Scimitar-Babbler","2031",NA,NA,NA,NA,NA,NA,NA,NA,NA,18.0340361942331,94.8702783853226,546.804863635946,18.0340361942331,94.8702783853226,546.804863635946
2032,"Spot-breasted Scimitar-Babbler","2032",NA,NA,NA,NA,NA,NA,NA,NA,NA,16.1765031644304,98.2786735764031,660.283640149465,16.1765031644304,98.2786735764031,660.283640149465
2033,"Spot-breasted Scimitar-Babbler","2033",NA,NA,NA,NA,NA,NA,NA,NA,NA,14.6185231115118,101.455589135261,788.395064119067,14.6185231115118,101.455589135261,788.395064119067
1996,"Striped Laughingthrush","before 2000",NA,NA,NA,NA,NA,NA,NA,NA,NA,NA,NA,NA,NA,NA,NA
2009,"Striped Laughingthrush","2007-2010",NA,NA,NA,NA,NA,NA,NA,NA,NA,NA,NA,NA,NA,NA,NA
2012,"Striped Laughingthrush","2011-2012",NA,NA,NA,NA,NA,NA,NA,NA,NA,NA,NA,NA,NA,NA,NA
2013,"Striped Laughingthrush","2013",NA,NA,NA,NA,NA,NA,NA,NA,NA,NA,NA,NA,NA,NA,NA
2014,"Striped Laughingthrush","2014",NA,NA,NA,NA,NA,NA,NA,NA,NA,NA,NA,NA,NA,NA,NA
2015,"Striped Laughingthrush","2015",1.16600688128135e-09,0.00448752063758636,0.015925282699195,NA,NA,NA,100,100,100,NA,NA,NA,100,100,100
2016,"Striped Laughingthrush","2016",0.00625641359092319,0.0177082449319597,0.0347766330878909,NA,NA,NA,78.6132627018144,427.083967597021,1354694625.58822,NA,NA,NA,78.6132627018144,427.083967597021,1354694625.58822
2017,"Striped Laughingthrush","2017",0.00432024276432385,0.0113446710112187,0.022361527937253,NA,NA,NA,54.3725936038101,260.601048856415,875705982.225738,NA,NA,NA,54.3725936038101,260.601048856415,875705982.225738
2018,"Striped Laughingthrush","2018",0.0129105847371826,0.0245916370779734,0.0417000051624645,NA,NA,NA,133.815798037465,566.967627247575,1862631404.86616,NA,NA,NA,133.815798037465,566.967627247575,1862631404.86616
2019,"Striped Laughingthrush","2019",0.00388031072790061,0.0151688437623351,0.0330708682935353,NA,NA,NA,60.7001038778566,375.289058994234,1177002256.98696,NA,NA,NA,60.7001038778566,375.289058994234,1177002256.98696
2020,"Striped Laughingthrush","2020",5.58457429451195e-10,0.00345167556832099,0.00887644496802914,NA,NA,NA,2.51004039898793e-05,84.498591244706,248621902.593492,NA,NA,NA,2.51004039898793e-05,84.498591244706,248621902.593492
2021,"Striped Laughingthrush","2021",0.0104375245308107,0.0166389720648057,0.0246042727418706,NA,NA,NA,98.3867025213937,377.75079134873,1320478709.87332,NA,NA,NA,98.3867025213937,377.75079134873,1320478709.87332
2022,"Striped Laughingthrush","2022",0.00937371759766605,0.0156079205660451,0.0239910255599925,NA,NA,NA,95.5928348055345,350.860086867936,1318677699.81197,NA,NA,NA,95.5928348055345,350.860086867936,1318677699.81197
2023,"Striped Laughingthrush","2023",0.0196994043246262,0.0276289757381921,0.0381810619509781,NA,NA,NA,175.014555096683,613.934854625909,2279423474.93293,NA,NA,NA,175.014555096683,613.934854625909,2279423474.93293
2024,"Striped Laughingthrush","2024",0.0119880731194347,0.0172489911936241,0.0239450864174046,NA,NA,NA,109.046374118235,381.188981288152,1507466161.02746,NA,NA,NA,109.046374118235,381.188981288152,1507466161.02746
2025,"Striped Laughingthrush","2025",0.0180243742892634,0.0252244642363862,0.0344879639081219,NA,NA,NA,156.009679470796,553.088317437686,2051891912.26301,NA,NA,NA,156.009679470796,553.088317437686,2051891912.26301
2026,"Striped Laughingthrush","2026",NA,NA,NA,NA,NA,NA,NA,NA,NA,231.591942107428,527.039371950322,1342.46299734181,231.591942107428,527.039371950322,1342.46299734181
2027,"Striped Laughingthrush","2027",NA,NA,NA,NA,NA,NA,NA,NA,NA,227.869599780493,580.976482267672,1656.81228602931,227.869599780493,580.976482267672,1656.81228602931
2028,"Striped Laughingthrush","2028",NA,NA,NA,NA,NA,NA,NA,NA,NA,224.765222511911,638.108059952362,2076.53071532235,224.765222511911,638.108059952362,2076.53071532235
2029,"Striped Laughingthrush","2029",NA,NA,NA,NA,NA,NA,NA,NA,NA,221.639617014909,700.895266173127,2598.18740295773,221.639617014909,700.895266173127,2598.18740295773
2030,"Striped Laughingthrush","2030",NA,NA,NA,NA,NA,NA,NA,NA,NA,216.091604009729,772.128971462709,3241.18230141563,216.091604009729,772.128971462709,3241.18230141563
2031,"Striped Laughingthrush","2031",NA,NA,NA,NA,NA,NA,NA,NA,NA,211.112625323867,847.1723064259,4075.08994697352,211.112625323867,847.1723064259,4075.08994697352
2032,"Striped Laughingthrush","2032",NA,NA,NA,NA,NA,NA,NA,NA,NA,207.259110423973,936.055481221693,5135.0771899045,207.259110423973,936.055481221693,5135.0771899045
2033,"Striped Laughingthrush","2033",NA,NA,NA,NA,NA,NA,NA,NA,NA,203.373578351234,1029.21471822595,6520.09150794186,203.373578351234,1029.21471822595,6520.09150794186
1996,"Assam Laughingthrush","before 2000",NA,NA,NA,NA,NA,NA,NA,NA,NA,NA,NA,NA,NA,NA,NA
2009,"Assam Laughingthrush","2007-2010",NA,NA,NA,NA,NA,NA,NA,NA,NA,NA,NA,NA,NA,NA,NA
2012,"Assam Laughingthrush","2011-2012",NA,NA,NA,NA,NA,NA,NA,NA,NA,NA,NA,NA,NA,NA,NA
2013,"Assam Laughingthrush","2013",NA,NA,NA,NA,NA,NA,NA,NA,NA,NA,NA,NA,NA,NA,NA
2014,"Assam Laughingthrush","2014",NA,NA,NA,NA,NA,NA,NA,NA,NA,NA,NA,NA,NA,NA,NA
2015,"Assam Laughingthrush","2015",0.0797489729369242,0.137271587735672,0.220078019943415,NA,NA,NA,100,100,100,NA,NA,NA,100,100,100
2016,"Assam Laughingthrush","2016",0.00430251852420818,0.0185567438593846,0.0405739884714946,NA,NA,NA,3.08619931642234,13.5404855442713,33.979428473741,NA,NA,NA,3.08619931642234,13.5404855442713,33.979428473741
2017,"Assam Laughingthrush","2017",0.0027202725321367,0.0115599685927559,0.0250160613492549,NA,NA,NA,1.89734722833192,8.52410128649961,20.6157490142613,NA,NA,NA,1.89734722833192,8.52410128649961,20.6157490142613
2018,"Assam Laughingthrush","2018",0.013331537228179,0.0291740642576484,0.0515529361780956,NA,NA,NA,9.60507117271141,21.1551971607505,44.3633590359902,NA,NA,NA,9.60507117271141,21.1551971607505,44.3633590359902
2019,"Assam Laughingthrush","2019",0.00499321609625349,0.0219017213762767,0.0489952254743611,NA,NA,NA,3.44700928786215,15.9970364054827,42.56755157142,NA,NA,NA,3.44700928786215,15.9970364054827,42.56755157142
2020,"Assam Laughingthrush","2020",1.95709274606986e-09,0.00579359997915596,0.0146888475026627,NA,NA,NA,1.35314836805684e-06,4.19629354601252,12.0803429639672,NA,NA,NA,1.35314836805684e-06,4.19629354601252,12.0803429639672
2021,"Assam Laughingthrush","2021",0.0179065783482366,0.028455631206228,0.0427065633126827,NA,NA,NA,11.9329974900319,21.0241516104966,38.5080934977752,NA,NA,NA,11.9329974900319,21.0241516104966,38.5080934977752
2022,"Assam Laughingthrush","2022",0.0215541985404819,0.0309375128993545,0.0435170402723989,NA,NA,NA,13.336572077691,22.7442177977189,40.1348298843385,NA,NA,NA,13.336572077691,22.7442177977189,40.1348298843385
2023,"Assam Laughingthrush","2023",0.0316220873608653,0.0451333718950723,0.0602789480192451,NA,NA,NA,20.5990801084341,32.4112177375942,57.6746114486775,NA,NA,NA,20.5990801084341,32.4112177375942,57.6746114486775
2024,"Assam Laughingthrush","2024",0.0208298856949596,0.0294137877588884,0.0399712255332166,NA,NA,NA,12.7222903843042,21.4592264264068,37.1938935923317,NA,NA,NA,12.7222903843042,21.4592264264068,37.1938935923317
2025,"Assam Laughingthrush","2025",0.0264571574639445,0.0364324814834605,0.0482672692489441,NA,NA,NA,16.6464103397552,26.7189483069208,47.2057204530502,NA,NA,NA,16.6464103397552,26.7189483069208,47.2057204530502
2026,"Assam Laughingthrush","2026",NA,NA,NA,NA,NA,NA,NA,NA,NA,5.94046658264451,18.8044968991578,62.8806681075033,5.94046658264451,18.8044968991578,62.8806681075033
2027,"Assam Laughingthrush","2027",NA,NA,NA,NA,NA,NA,NA,NA,NA,5.10314560863739,18.8046027064623,74.4493171178746,5.10314560863739,18.8046027064623,74.4493171178746
2028,"Assam Laughingthrush","2028",NA,NA,NA,NA,NA,NA,NA,NA,NA,4.36482297419189,18.7721181071068,87.0521180881521,4.36482297419189,18.7721181071068,87.0521180881521
2029,"Assam Laughingthrush","2029",NA,NA,NA,NA,NA,NA,NA,NA,NA,3.71819871437443,18.767347106119,102.673809678053,3.71819871437443,18.767347106119,102.673809678053
2030,"Assam Laughingthrush","2030",NA,NA,NA,NA,NA,NA,NA,NA,NA,3.16472127779777,18.7796985472263,122.151033744373,3.16472127779777,18.7796985472263,122.151033744373
2031,"Assam Laughingthrush","2031",NA,NA,NA,NA,NA,NA,NA,NA,NA,2.6855581670939,18.8981866621345,144.286266123237,2.6855581670939,18.8981866621345,144.286266123237
2032,"Assam Laughingthrush","2032",NA,NA,NA,NA,NA,NA,NA,NA,NA,2.27353358822771,18.9230155063268,170.497537071801,2.27353358822771,18.9230155063268,170.497537071801
2033,"Assam Laughingthrush","2033",NA,NA,NA,NA,NA,NA,NA,NA,NA,1.93509083392667,19.0477740585795,201.698036343267,1.93509083392667,19.0477740585795,201.698036343267
1996,"Gray Sibia","before 2000",NA,NA,NA,NA,NA,NA,NA,NA,NA,NA,NA,NA,NA,NA,NA
2009,"Gray Sibia","2007-2010",NA,NA,NA,NA,NA,NA,NA,NA,NA,NA,NA,NA,NA,NA,NA
2012,"Gray Sibia","2011-2012",NA,NA,NA,NA,NA,NA,NA,NA,NA,NA,NA,NA,NA,NA,NA
2013,"Gray Sibia","2013",NA,NA,NA,NA,NA,NA,NA,NA,NA,NA,NA,NA,NA,NA,NA
2014,"Gray Sibia","2014",NA,NA,NA,NA,NA,NA,NA,NA,NA,NA,NA,NA,NA,NA,NA
2015,"Gray Sibia","2015",0.0233712385947627,0.0827535746364347,0.175471540548617,NA,NA,NA,100,100,100,NA,NA,NA,100,100,100
2016,"Gray Sibia","2016",0.0514395031836713,0.126878084716948,0.254790610197613,NA,NA,NA,66.7985577193871,151.018463154402,456.887064874954,NA,NA,NA,66.7985577193871,151.018463154402,456.887064874954
2017,"Gray Sibia","2017",0.0705957780583371,0.147924837276781,0.27817445057876,NA,NA,NA,86.3060592472365,180.079501235476,518.466621448298,NA,NA,NA,86.3060592472365,180.079501235476,518.466621448298
2018,"Gray Sibia","2018",0.0558238261903307,0.128638935441069,0.247002518858065,NA,NA,NA,72.8410567063878,153.875470373994,411.408339345735,NA,NA,NA,72.8410567063878,153.875470373994,411.408339345735
2019,"Gray Sibia","2019",0.0412379091994244,0.109618579899093,0.213732919112366,NA,NA,NA,52.8307173152119,130.077930303339,347.9262678429,NA,NA,NA,52.8307173152119,130.077930303339,347.9262678429
2020,"Gray Sibia","2020",0.0366990065742613,0.0912611951078333,0.182041266909912,NA,NA,NA,46.4206789449084,110.565112147745,307.26116321488,NA,NA,NA,46.4206789449084,110.565112147745,307.26116321488
2021,"Gray Sibia","2021",0.075595028211697,0.148287169983086,0.260372877306683,NA,NA,NA,94.8040839654727,178.813035313417,474.529539367146,NA,NA,NA,94.8040839654727,178.813035313417,474.529539367146
2022,"Gray Sibia","2022",0.0588429237887148,0.115178141773324,0.206175448212561,NA,NA,NA,76.7873546487728,136.669797491466,368.273993365875,NA,NA,NA,76.7873546487728,136.669797491466,368.273993365875
2023,"Gray Sibia","2023",0.0759509298882462,0.14713293695076,0.254958440931252,NA,NA,NA,98.4688110760888,173.206608842568,466.928785627699,NA,NA,NA,98.4688110760888,173.206608842568,466.928785627699
2024,"Gray Sibia","2024",0.0749493405876676,0.14288160885461,0.245379544805763,NA,NA,NA,92.8620396551266,169.612429468161,447.405848763414,NA,NA,NA,92.8620396551266,169.612429468161,447.405848763414
2025,"Gray Sibia","2025",0.070220292480464,0.135259863265259,0.227540771288246,NA,NA,NA,87.2052355715895,156.655662968203,413.336919258485,NA,NA,NA,87.2052355715895,156.655662968203,413.336919258485
2026,"Gray Sibia","2026",NA,NA,NA,NA,NA,NA,NA,NA,NA,124.718233968907,170.126092745615,235.064741524328,124.718233968907,170.126092745615,235.064741524328
2027,"Gray Sibia","2027",NA,NA,NA,NA,NA,NA,NA,NA,NA,123.088790682484,175.027255337536,250.590836326927,123.088790682484,175.027255337536,250.590836326927
2028,"Gray Sibia","2028",NA,NA,NA,NA,NA,NA,NA,NA,NA,121.150335378909,180.41976594184,270.165919363356,121.150335378909,180.41976594184,270.165919363356
2029,"Gray Sibia","2029",NA,NA,NA,NA,NA,NA,NA,NA,NA,119.680375589019,185.187037243045,290.228255831796,119.680375589019,185.187037243045,290.228255831796
2030,"Gray Sibia","2030",NA,NA,NA,NA,NA,NA,NA,NA,NA,117.02945297217,190.485003637881,311.051163726815,117.02945297217,190.485003637881,311.051163726815
2031,"Gray Sibia","2031",NA,NA,NA,NA,NA,NA,NA,NA,NA,115.125011601834,195.425397382899,335.0121195083,115.125011601834,195.425397382899,335.0121195083
2032,"Gray Sibia","2032",NA,NA,NA,NA,NA,NA,NA,NA,NA,113.850073154186,201.126873087186,362.119922761601,113.850073154186,201.126873087186,362.119922761601
2033,"Gray Sibia","2033",NA,NA,NA,NA,NA,NA,NA,NA,NA,111.64510472258,206.090338981748,390.587555213505,111.64510472258,206.090338981748,390.587555213505
1996,"Black-breasted Thrush","before 2000",NA,NA,NA,NA,NA,NA,NA,NA,NA,NA,NA,NA,NA,NA,NA
2009,"Black-breasted Thrush","2007-2010",NA,NA,NA,NA,NA,NA,NA,NA,NA,NA,NA,NA,NA,NA,NA
2012,"Black-breasted Thrush","2011-2012",NA,NA,NA,NA,NA,NA,NA,NA,NA,NA,NA,NA,NA,NA,NA
2013,"Black-breasted Thrush","2013",NA,NA,NA,NA,NA,NA,NA,NA,NA,NA,NA,NA,NA,NA,NA
2014,"Black-breasted Thrush","2014",NA,NA,NA,NA,NA,NA,NA,NA,NA,NA,NA,NA,NA,NA,NA
2015,"Black-breasted Thrush","2015",0.028901860958279,0.0810628594489375,0.185750722010526,NA,NA,NA,100,100,100,NA,NA,NA,100,100,100
2016,"Black-breasted Thrush","2016",0.00761486795338969,0.0285450289633371,0.064650654172814,NA,NA,NA,7.87649228199671,34.6721825344399,112.744587972318,NA,NA,NA,7.87649228199671,34.6721825344399,112.744587972318
2017,"Black-breasted Thrush","2017",0.00823370697598881,0.0192263290655329,0.0386288011783976,NA,NA,NA,8.61289743344476,23.7346506580636,67.1323874295147,NA,NA,NA,8.61289743344476,23.7346506580636,67.1323874295147
2018,"Black-breasted Thrush","2018",0.0329946876738526,0.0681528280212667,0.128525605723449,NA,NA,NA,31.7212434685773,87.5817806767305,248.122878148169,NA,NA,NA,31.7212434685773,87.5817806767305,248.122878148169
2019,"Black-breasted Thrush","2019",2.74116695019886e-09,0.012907306266695,0.0459353722377575,NA,NA,NA,2.72015154246376e-06,14.3184812879347,87.7315959340309,NA,NA,NA,2.72015154246376e-06,14.3184812879347,87.7315959340309
2020,"Black-breasted Thrush","2020",2.30277242787471e-10,0.000771447718038441,0.00314272168743969,NA,NA,NA,2.07970108678244e-07,0.849343705057824,4.41870723512271,NA,NA,NA,2.07970108678244e-07,0.849343705057824,4.41870723512271
2021,"Black-breasted Thrush","2021",0.0121322412768866,0.0216823983572547,0.0364462969257697,NA,NA,NA,10.9269589087693,26.7151746872823,72.2063434024492,NA,NA,NA,10.9269589087693,26.7151746872823,72.2063434024492
2022,"Black-breasted Thrush","2022",0.0158880271334837,0.026837795435374,0.0427106925311985,NA,NA,NA,14.1495042354831,33.1671391207419,92.124374551763,NA,NA,NA,14.1495042354831,33.1671391207419,92.124374551763
2023,"Black-breasted Thrush","2023",0.0113757876246153,0.0204035736111769,0.0326388584969199,NA,NA,NA,9.88727922605753,24.872721322674,71.377602421475,NA,NA,NA,9.88727922605753,24.872721322674,71.377602421475
2024,"Black-breasted Thrush","2024",0.00890525390826361,0.0153014863182882,0.0236321053710946,NA,NA,NA,8.10704405209885,18.6047503082387,52.0741355337932,NA,NA,NA,8.10704405209885,18.6047503082387,52.0741355337932
2025,"Black-breasted Thrush","2025",0.0106843877549305,0.0173934017155405,0.0270917364730749,NA,NA,NA,9.52839394980204,21.0415217505814,60.3995391044894,NA,NA,NA,9.52839394980204,21.0415217505814,60.3995391044894
2026,"Black-breasted Thrush","2026",NA,NA,NA,NA,NA,NA,NA,NA,NA,0.0165437927716939,7.06228033563291,2628.81962865533,0.0165437927716939,7.06228033563291,2628.81962865533
2027,"Black-breasted Thrush","2027",NA,NA,NA,NA,NA,NA,NA,NA,NA,0.00739873373911521,6.72294009025596,6077.36638343295,0.00739873373911521,6.72294009025596,6077.36638343295
2028,"Black-breasted Thrush","2028",NA,NA,NA,NA,NA,NA,NA,NA,NA,0.00328765111582149,6.33373347040739,14434.9531106229,0.00328765111582149,6.33373347040739,14434.9531106229
2029,"Black-breasted Thrush","2029",NA,NA,NA,NA,NA,NA,NA,NA,NA,0.00144346223335337,5.98933574010199,34652.4253386521,0.00144346223335337,5.98933574010199,34652.4253386521
2030,"Black-breasted Thrush","2030",NA,NA,NA,NA,NA,NA,NA,NA,NA,0.000627581320643004,5.68040896354256,83326.7808858161,0.000627581320643004,5.68040896354256,83326.7808858161
2031,"Black-breasted Thrush","2031",NA,NA,NA,NA,NA,NA,NA,NA,NA,0.000273075722620215,5.35202705320916,203776.258849629,0.000273075722620215,5.35202705320916,203776.258849629
2032,"Black-breasted Thrush","2032",NA,NA,NA,NA,NA,NA,NA,NA,NA,0.000119761381831223,5.01703410803745,503100.776982724,0.000119761381831223,5.01703410803745,503100.776982724
2033,"Black-breasted Thrush","2033",NA,NA,NA,NA,NA,NA,NA,NA,NA,5.19335831052562e-05,4.75549455086534,1251185.48217708,5.19335831052562e-05,4.75549455086534,1251185.48217708
1996,"Yellow-breasted Greenfinch","before 2000",NA,NA,NA,NA,NA,NA,NA,NA,NA,NA,NA,NA,NA,NA,NA
2009,"Yellow-breasted Greenfinch","2007-2010",NA,NA,NA,NA,NA,NA,NA,NA,NA,NA,NA,NA,NA,NA,NA
2012,"Yellow-breasted Greenfinch","2011-2012",NA,NA,NA,NA,NA,NA,NA,NA,NA,NA,NA,NA,NA,NA,NA
2013,"Yellow-breasted Greenfinch","2013",NA,NA,NA,NA,NA,NA,NA,NA,NA,NA,NA,NA,NA,NA,NA
2014,"Yellow-breasted Greenfinch","2014",NA,NA,NA,NA,NA,NA,NA,NA,NA,NA,NA,NA,NA,NA,NA
2015,"Yellow-breasted Greenfinch","2015",0.0734251180245543,0.199037301916651,0.366366108517093,NA,NA,NA,100,100,100,NA,NA,NA,100,100,100
2016,"Yellow-breasted Greenfinch","2016",0.0274781850087339,0.0831935980033745,0.177947680815637,NA,NA,NA,11.4906450776077,42.5793147499047,146.26044161504,NA,NA,NA,11.4906450776077,42.5793147499047,146.26044161504
2017,"Yellow-breasted Greenfinch","2017",2.95450061831429e-09,0.0190357586196762,0.0570757363240131,NA,NA,NA,1.5210356232273e-06,9.72052277470699,40.0610971461652,NA,NA,NA,1.5210356232273e-06,9.72052277470699,40.0610971461652
2018,"Yellow-breasted Greenfinch","2018",0.0200197353983297,0.0667695430149522,0.133814694528458,NA,NA,NA,9.35955955764913,33.3257054664501,102.288274767379,NA,NA,NA,9.35955955764913,33.3257054664501,102.288274767379
2019,"Yellow-breasted Greenfinch","2019",6.7497156664985e-09,0.0439362786210284,0.11167729095056,NA,NA,NA,4.40924551850321e-06,21.9523013138302,78.9551087955082,NA,NA,NA,4.40924551850321e-06,21.9523013138302,78.9551087955082
2020,"Yellow-breasted Greenfinch","2020",8.02891203353524e-09,0.0350103021180351,0.13404906709212,NA,NA,NA,3.73291023064585e-06,16.8179259561628,79.7844537157558,NA,NA,NA,3.73291023064585e-06,16.8179259561628,79.7844537157558
2021,"Yellow-breasted Greenfinch","2021",0.0591976801907024,0.100181640160821,0.149930535686546,NA,NA,NA,23.7733659525509,50.3077346560983,138.493877754353,NA,NA,NA,23.7733659525509,50.3077346560983,138.493877754353
2022,"Yellow-breasted Greenfinch","2022",0.00593995465172849,0.0166981849631707,0.0320948689923675,NA,NA,NA,2.61575577160676,8.32592646098081,26.8765405196551,NA,NA,NA,2.61575577160676,8.32592646098081,26.8765405196551
2023,"Yellow-breasted Greenfinch","2023",0.0164527990334138,0.0384499025663441,0.0648432252913769,NA,NA,NA,7.63630639704306,18.5453859489089,53.985982937297,NA,NA,NA,7.63630639704306,18.5453859489089,53.985982937297
2024,"Yellow-breasted Greenfinch","2024",0.0313976358891448,0.0516878301550942,0.0767131960900656,NA,NA,NA,12.8510596534471,25.8309875974233,68.9194221669839,NA,NA,NA,12.8510596534471,25.8309875974233,68.9194221669839
2025,"Yellow-breasted Greenfinch","2025",0.0387616349576239,0.0646772390864915,0.0917297667608957,NA,NA,NA,15.5974283275249,32.4081458264649,85.5323947967297,NA,NA,NA,15.5974283275249,32.4081458264649,85.5323947967297
2026,"Yellow-breasted Greenfinch","2026",NA,NA,NA,NA,NA,NA,NA,NA,NA,3.44783062071715,12.5601193679382,111.803862998088,3.44783062071715,12.5601193679382,111.803862998088
2027,"Yellow-breasted Greenfinch","2027",NA,NA,NA,NA,NA,NA,NA,NA,NA,2.70221694983113,11.9150941381143,124.087032804106,2.70221694983113,11.9150941381143,124.087032804106
2028,"Yellow-breasted Greenfinch","2028",NA,NA,NA,NA,NA,NA,NA,NA,NA,2.08855958460178,11.2177737650151,141.918717772972,2.08855958460178,11.2177737650151,141.918717772972
2029,"Yellow-breasted Greenfinch","2029",NA,NA,NA,NA,NA,NA,NA,NA,NA,1.63025063790867,10.4935267841048,165.257291803512,1.63025063790867,10.4935267841048,165.257291803512
2030,"Yellow-breasted Greenfinch","2030",NA,NA,NA,NA,NA,NA,NA,NA,NA,1.265403259696,9.79468905073078,191.705353832531,1.265403259696,9.79468905073078,191.705353832531
2031,"Yellow-breasted Greenfinch","2031",NA,NA,NA,NA,NA,NA,NA,NA,NA,0.988202122916629,9.13564943754973,221.953647869459,0.988202122916629,9.13564943754973,221.953647869459
2032,"Yellow-breasted Greenfinch","2032",NA,NA,NA,NA,NA,NA,NA,NA,NA,0.764172378777942,8.59329147700685,258.570347945143,0.764172378777942,8.59329147700685,258.570347945143
2033,"Yellow-breasted Greenfinch","2033",NA,NA,NA,NA,NA,NA,NA,NA,NA,0.59001217349869,8.07575145390786,299.914500305452,0.59001217349869,8.07575145390786,299.914500305452
NA,NA,NA,NA,NA,NA,NA,NA,NA,NA,NA,NA,NA,NA,NA,NA,NA,NA
NA,NA,NA,NA,NA,NA,NA,NA,NA,NA,NA,NA,NA,NA,NA,NA,NA,NA
NA,NA,NA,NA,NA,NA,NA,NA,NA,NA,NA,NA,NA,NA,NA,NA,NA,NA
NA,NA,NA,NA,NA,NA,NA,NA,NA,NA,NA,NA,NA,NA,NA,NA,NA,NA
NA,NA,NA,NA,NA,NA,NA,NA,NA,NA,NA,NA,NA,NA,NA,NA,NA,NA
NA,NA,NA,NA,NA,NA,NA,NA,NA,NA,NA,NA,NA,NA,NA,NA,NA,NA
NA,NA,NA,NA,NA,NA,NA,NA,NA,NA,NA,NA,NA,NA,NA,NA,NA,NA
NA,NA,NA,NA,NA,NA,NA,NA,NA,NA,NA,NA,NA,NA,NA,NA,NA,NA
NA,NA,NA,NA,NA,NA,NA,NA,NA,NA,NA,NA,NA,NA,NA,NA,NA,NA
NA,NA,NA,NA,NA,NA,NA,NA,NA,NA,NA,NA,NA,NA,NA,NA,NA,NA
NA,NA,NA,NA,NA,NA,NA,NA,NA,NA,NA,NA,NA,NA,NA,NA,NA,NA
NA,NA,NA,NA,NA,NA,NA,NA,NA,NA,NA,NA,NA,NA,NA,NA,NA,NA
NA,NA,NA,NA,NA,NA,NA,NA,NA,NA,NA,NA,NA,NA,NA,NA,NA,NA
NA,NA,NA,NA,NA,NA,NA,NA,NA,NA,NA,NA,NA,NA,NA,NA,NA,NA
NA,NA,NA,NA,NA,NA,NA,NA,NA,NA,NA,NA,NA,NA,NA,NA,NA,NA
NA,NA,NA,NA,NA,NA,NA,NA,NA,NA,NA,NA,NA,NA,NA,NA,NA,NA
NA,NA,NA,NA,NA,NA,NA,NA,NA,NA,NA,NA,NA,NA,NA,NA,NA,NA
NA,NA,NA,NA,NA,NA,NA,NA,NA,NA,NA,NA,NA,NA,NA,NA,NA,NA
NA,NA,NA,NA,NA,NA,NA,NA,NA,NA,NA,NA,NA,NA,NA,NA,NA,NA
NA,NA,NA,NA,NA,NA,NA,NA,NA,NA,NA,NA,NA,NA,NA,NA,NA,NA
