"LOCALITY.ID","group.id","month","timegroups"
"L4201294","S27194033",7,"2011-2012"
"L4377247","S37903906",1,"2011-2012"
"L4396989","S28264152",3,"2015"
"L7564268","S74441977",4,"2016"
"L5145800","S39187890",8,"2017"
"L6319654","G2860789",9,"2017"
"L5145856","S39970421",10,"2017"
"L4377247","S39970408",10,"2017"
"L5145800","S39970436",10,"2017"
"L5145916","G7057812",12,"2017"
"L5145916","G7057809",1,"2017"
"L5145916","S41606076",1,"2017"
"L5145916","S41606101",1,"2017"
"L7075074","S46536629",3,"2017"
"L7568812","S46535958",3,"2017"
"L5145800","S46315363",6,"2018"
"L5145800","S46492349",6,"2018"
"L7564559","S46541698",6,"2018"
"L7564268","S46540956",6,"2018"
"L7564559","S46515273",6,"2018"
"L5145800","S53078336",2,"2018"
"L11442114","S69023165",6,"2019"
"L60120348","S308659404",9,"2019"
"L5145800","S60865473",10,"2019"
"L5145856","S62261147",12,"2019"
"L5145800","S62953217",1,"2019"
"L10492554","S63797447",1,"2019"
"L10492554","S63410494",1,"2019"
"L7075074","S64489215",2,"2019"
"L5145856","S68581929",5,"2019"
"L11442114","S69546183",5,"2019"
"L5145856","S69354189",5,"2019"
"L5145800","S69998083",5,"2019"
"L12153934","S70113613",6,"2020"
"L5145800","S70113874",6,"2020"
"L5145856","S70411534",6,"2020"
"L4377247","S72830866",7,"2020"
"L5145800","S71341508",7,"2020"
"L4377247","G7057757",8,"2020"
"L4377247","S72831535",8,"2020"
"L12153934","S72831635",8,"2020"
"L4377247","S72831424",8,"2020"
"L5145856","G7057755",8,"2020"
"L7075074","S74234074",8,"2020"
"L17350002","S143010542",8,"2020"
"L12288766","G7057742",9,"2020"
"L12288766","G7057750",9,"2020"
"L12153934","G7057752",9,"2020"
"L4377247","G7057740",9,"2020"
"L7075074","S74233997",9,"2020"
"L12288766","S73580400",9,"2020"
"L5145916","G7057720",10,"2020"
"L5145916","S75812381",10,"2020"
"L5145800","G7057707",11,"2020"
"L5145800","S76273448",11,"2020"
"L5145800","G7057712",11,"2020"
"L5145800","G7057714",11,"2020"
"L12830757","S76832315",11,"2020"
"L5145916","G7057718",11,"2020"
"L12983296","S77716607",12,"2020"
"L12901505","G7057693",12,"2020"
"L12901505","G7057698",12,"2020"
"L5145800","G7057697",12,"2020"
"L12901505","G7057695",12,"2020"
"L5145916","G7057696",12,"2020"
"L13336528","G7057682",1,"2020"
"L12901505","G7057681",1,"2020"
"L12901505","G7057660",1,"2020"
"L12901505","G7057685",1,"2020"
"L12901505","S119412335",1,"2020"
"L12901505","G7057679",2,"2020"
"L13336528","S84440547",2,"2020"
"L12901505","G7057675",3,"2020"
"L12901505","G7057676",3,"2020"
"L12901505","G7057661",3,"2020"
"L5145856","G7057677",3,"2020"
"L12901505","G7057673",3,"2020"
"L12901505","G7057671",4,"2020"
"L12901505","G7057669",4,"2020"
"L12901505","G7057658",5,"2020"
"L12901505","G7057668",5,"2020"
"L12901505","G7057667",5,"2020"
"L12901505","G7057647",6,"2021"
"L12901505","S90097524",6,"2021"
"L12901505","S90357278",6,"2021"
"L4377247","G7057652",6,"2021"
"L12901505","G7057641",6,"2021"
"L12901505","G7057635",7,"2021"
"L12901505","G7057643",7,"2021"
"L12901505","G7057646",7,"2021"
"L5145800","S92605579",8,"2021"
"L12288766","G7077062",8,"2021"
"L12901505","S94038469",8,"2021"
"L5145800","S94695051",9,"2021"
"L12901505","S96585598",10,"2021"
"L21449372","S121894247",10,"2021"
"L12288766","S96101747",10,"2021"
"L12901505","S119499376",10,"2021"
"L16665343","G7333268",10,"2021"
"L12901505","S97913172",11,"2021"
"L17350002","S143011720",11,"2021"
"L17221645","S99550163",12,"2021"
"L12901505","G7837790",12,"2021"
"L12901505","S100924566",1,"2021"
"L12901505","G7837791",2,"2021"
"L12901505","S103140400",2,"2021"
"L12901505","S103140610",2,"2021"
"L12901505","S102957739",2,"2021"
"L4377247","S102834236",2,"2021"
"L12901505","S103140504",2,"2021"
"L12901505","S102555931",2,"2021"
"L12901505","S103140351",2,"2021"
"L17350002","S103325958",2,"2021"
"L12901505","S102741965",2,"2021"
"L18198207","S105278552",3,"2021"
"L18500302","S107011881",4,"2021"
"L12901505","G8285273",4,"2021"
"L18741249","S108347570",4,"2021"
"L12901505","S109626590",5,"2021"
"L12901505","G8285274",5,"2021"
"L12901505","G8285270",5,"2021"
"L17350002","S143013148",6,"2022"
"L27186675","S150421691",7,"2022"
"L12153934","G8768383",7,"2022"
"L19933170","S143013920",7,"2022"
"L19933170","S143014062",7,"2022"
"L16384496","S117748612",8,"2022"
"L12901505","S117840917",8,"2022"
"L4377247","S117748641",8,"2022"
"L12288766","S116537088",8,"2022"
"L16384496","S117374816",8,"2022"
"L16384496","S117374875",8,"2022"
"L16384496","S117374618",8,"2022"
"L5145916","S117312354",8,"2022"
"L16384496","G8947319",9,"2022"
"L20881823","S118713267",9,"2022"
"L17350002","S118715707",9,"2022"
"L20881823","S118708817",9,"2022"
"L16384496","G9473387",10,"2022"
"L12901505","G9120529",10,"2022"
"L16665343","S120983590",10,"2022"
"L13336528","S120578655",10,"2022"
"L12901505","S120299912",10,"2022"
"L16384496","S120435911",10,"2022"
"L5145800","S120435931",10,"2022"
"L13336528","S120705295",10,"2022"
"L12901505","S123626002",10,"2022"
"L12901505","S122106739",11,"2022"
"L12901505","G10130675",1,"2022"
"L22075448","S125436634",1,"2022"
"L12901505","S129751287",2,"2022"
"L17350002","S128495116",2,"2022"
"L17350002","S143015167",2,"2022"
"L24437476","S143019351",4,"2022"
"L12901505","S135800266",5,"2022"
"L24762593","S139550122",5,"2022"
"L24437476","S138218724",5,"2022"
"L24762593","S139702764",5,"2022"
"L5145800","S144688151",6,"2023"
"L13336528","S142165729",6,"2023"
"L4377247","S144419611",6,"2023"
"L25901731","S144420048",7,"2023"
"L63005638","S322766903",7,"2023"
"L25901731","S145466870",7,"2023"
"L17350002","S145641780",7,"2023"
"L26241155","S145793169",7,"2023"
"L25901710","S144419964",7,"2023"
"L17350002","S143640867",7,"2023"
"L25941731","S144580753",7,"2023"
"L4377247","S144419899",7,"2023"
"L26311281","S146080895",7,"2023"
"L25901731","S145468638",7,"2023"
"L17350002","S145188588",7,"2023"
"L17350002","S144984150",7,"2023"
"L25742354","S143783838",7,"2023"
"L26574677","S147223403",8,"2023"
"L16384496","S147976140",8,"2023"
"L26909006","G10750988",8,"2023"
"L26797736","S148282356",8,"2023"
"L16384496","G10742843",8,"2023"
"L26803981","S148316697",8,"2023"
"L19933170","S146956168",8,"2023"
"L26511889","S146955871",8,"2023"
"L17350002","S146613877",8,"2023"
"L26908939","G10838450",9,"2023"
"L16384496","G10874178",9,"2023"
"L12288766","G10797236",9,"2023"
"L26908939","G10786375",9,"2023"
"L26908939","G10808745",9,"2023"
"L26929094","S148935187",9,"2023"
"L26934914","S148966065",9,"2023"
"L26908939","G10878454",9,"2023"
"L13336528","G10786376",9,"2023"
"L27329062","S151163167",10,"2023"
"L26908939","S151382740",10,"2023"
"L16384496","S152142655",10,"2023"
"L16384496","S151263734",10,"2023"
"L27381443","S151456300",10,"2023"
"L26908939","S151418029",10,"2023"
"L27329065","S151163196",10,"2023"
"L27329076","S151163257",10,"2023"
"L12901505","S152461784",10,"2023"
"L16384496","S152142639",10,"2023"
"L27380293","S151451353",10,"2023"
"L12901505","G11167445",11,"2023"
"L12901505","S157139352",12,"2023"
"L12901505","S156065768",12,"2023"
"L12901505","S157070441",12,"2023"
"L12901505","S157125802",12,"2023"
"L25901731","G11329831",12,"2023"
"L28476171","S157316354",12,"2023"
"L25901731","S156723656",12,"2023"
"L28453038","S157371847",12,"2023"
"L25901731","G11250810",12,"2023"
"L12901505","S158493806",12,"2023"
"L25901710","S156242490",12,"2023"
"L28453038","S157203703",12,"2023"
"L5145800","S156065865",12,"2023"
"L16384496","S157573275",12,"2023"
"L5145800","S156408282",12,"2023"
"L4377247","S157816729",1,"2023"
"L12901505","S158749293",1,"2023"
"L26908939","S161958782",2,"2023"
"L12901505","S161959992",2,"2023"
"L16384496","S161961208",2,"2023"
"L12288766","G11818101",2,"2023"
"L12288766","G11818113",2,"2023"
"L4377247","S162152148",2,"2023"
"L29367779","S162151657",2,"2023"
"L12901505","S165262710",3,"2023"
"L17350002","S190629190",6,"2024"
"L26803981","S185672910",6,"2024"
"L17350002","S185673863",6,"2024"
"L26803981","S185678516",6,"2024"
"L17350002","S186566513",6,"2024"
"L12901505","G12596493",6,"2024"
"L17350002","S190629045",6,"2024"
"L17350002","S190629377",6,"2024"
"L17350002","S190628469",6,"2024"
"L17350002","S190628920",6,"2024"
"L17350002","S190406772",6,"2024"
"L34389490","S185676151",6,"2024"
"L17350002","S190629302",6,"2024"
"L34389771","S185677126",6,"2024"
"L12901505","G12651253",6,"2024"
"L34389648","S185676706",6,"2024"
"L17350002","S193031309",7,"2024"
"L26803981","S187858379",7,"2024"
"L17350002","S193032114",7,"2024"
"L17350002","S194012674",7,"2024"
"L17350002","S193031822",7,"2024"
"L16384496","S189369927",7,"2024"
"L17350002","S191148652",7,"2024"
"L17350002","S190629511",7,"2024"
"L26908939","G12847336",7,"2024"
"L35703287","S191157119",7,"2024"
"L17350002","S191156675",7,"2024"
"L17350002","S194012737",7,"2024"
"L17350002","S193032037",7,"2024"
"L17350002","S193031380",7,"2024"
"L17350002","S193031228",7,"2024"
"L17350002","S191155969",7,"2024"
"L17350002","S193030198",7,"2024"
"L17350002","S191155666",7,"2024"
"L17350002","S193032247",7,"2024"
"L17350002","S190630334",7,"2024"
"L17350002","S193031512",7,"2024"
"L34389490","S187822832",7,"2024"
"L17350002","S193030108",7,"2024"
"L17350002","S193030288",7,"2024"
"L26803981","S191156418",7,"2024"
"L17350002","S190630393",7,"2024"
"L17350002","S191155842",7,"2024"
"L34389912","S185677652",7,"2024"
"L17350002","S194012885",8,"2024"
"L24762593","S193484461",8,"2024"
"L34389490","S191159478",8,"2024"
"L17350002","S194012931",8,"2024"
"L24762593","S192920542",8,"2024"
"L17350002","S194012841",8,"2024"
"L17350002","S194223627",8,"2024"
"L17350002","S194221466",8,"2024"
"L17350002","S194012797",8,"2024"
"L26803981","S194014647",8,"2024"
"L17350002","S194239936",8,"2024"
"L17350002","S194012987",8,"2024"
"L17350002","S194240198",8,"2024"
"L17350002","S194222442",8,"2024"
"L17350002","S194240771",8,"2024"
"L17350002","S194223515",8,"2024"
"L17350002","S194014085",8,"2024"
"L17350002","S194222289",8,"2024"
"L17350002","S194239668",8,"2024"
"L17350002","S194220883",8,"2024"
"L17350002","S194226749",8,"2024"
"L17350002","S194013053",8,"2024"
"L26803981","S194239377",8,"2024"
"L17350002","S194013773",8,"2024"
"L17350002","S194237308",8,"2024"
"L36351156","S194015101",8,"2024"
"L17350002","S195794246",9,"2024"
"L17350002","S194276684",9,"2024"
"L34389490","S194242019",9,"2024"
"L17350002","S194808228",9,"2024"
"L17350002","S195323210",9,"2024"
"L17350002","S194277278",9,"2024"
"L34389490","G13170533",9,"2024"
"L17350002","S194275923",9,"2024"
"L26908939","S194499727",9,"2024"
"L17350002","S201990332",9,"2024"
"L26908939","G13170535",9,"2024"
"L13336528","G13170534",9,"2024"
"L17350002","S195794561",9,"2024"
"L17350002","S195794051",9,"2024"
"L17350002","S195793475",9,"2024"
"L17350002","S194276191",9,"2024"
"L17350002","S194276994",9,"2024"
"L17350002","S194808494",9,"2024"
"L17350002","S195793757",9,"2024"
"L17350002","S194242307",9,"2024"
"L26908939","S200264053",9,"2024"
"L17350002","S199988404",10,"2024"
"L17350002","S199988723",10,"2024"
"L26908939","S197885189",10,"2024"
"L16384496","S199185289",10,"2024"
"L17350002","S199988571",10,"2024"
"L17350002","S199988006",10,"2024"
"L17350002","S199983697",10,"2024"
"L5145916","S203935819",11,"2024"
"L17350002","S201738264",11,"2024"
"L17350002","S201738021",11,"2024"
"L17350002","S203678953",11,"2024"
"L17350002","S203318051",11,"2024"
"L5145916","S203935761",11,"2024"
"L17350002","S201988577",11,"2024"
"L17350002","S203317977",11,"2024"
"L5145916","S203935803",11,"2024"
"L17350002","S203317865",11,"2024"
"L37938496","S201988345",11,"2024"
"L17350002","S203317818",11,"2024"
"L17350002","S203738191",11,"2024"
"L17350002","S203318244",11,"2024"
"L17350002","S203318141",11,"2024"
"L26803981","S201989708",11,"2024"
"L5145916","S203935776",11,"2024"
"L17350002","S203737976",11,"2024"
"L17350002","S203738122",11,"2024"
"L5145916","S203935787",11,"2024"
"L5145916","S203935738",11,"2024"
"L38321624","S203934689",11,"2024"
"L31251165","S201194043",11,"2024"
"L38991890","S207150556",12,"2024"
"L38992084","S207151202",12,"2024"
"L17350002","S206902633",12,"2024"
"L17350002","G14330632",12,"2024"
"L17350002","G14330636",12,"2024"
"L17350002","G14330635",12,"2024"
"L17350002","G14330634",12,"2024"
"L17350002","S207413685",12,"2024"
"L17350002","S206901669",12,"2024"
"L17350002","G14330633",12,"2024"
"L17350002","S206902161",12,"2024"
"L17350002","S207414869",12,"2024"
"L25941731","S207150164",12,"2024"
"L17350002","S207418124",1,"2024"
"L5145916","S215350223",2,"2024"
"L29367779","S213049305",2,"2024"
"L12901505","S219897642",3,"2024"
"L26908939","S264375077",6,"2025"
"L4377247","S249741578",6,"2025"
"L4377247","S246184410",6,"2025"
"L48911286","S256098198",7,"2025"
"L40082180","S266284376",8,"2025"
"L12901505","G15551206",9,"2025"
"L4377247","S272524160",9,"2025"
"L52687455","S272687120",9,"2025"
"L12901505","G15551205",9,"2025"
"L25901731","S277339202",9,"2025"
"L52993489","S274158241",9,"2025"
"L26908939","S277331515",10,"2025"
"L5145800","S279824784",10,"2025"
"L40082180","S280436419",10,"2025"
"L16665343","S285771428",11,"2025"
"L55227736","S285009250",11,"2025"
"L55663471","G16067264",12,"2025"
"L55663412","G16067253",12,"2025"
"L25901731","S288797372",12,"2025"
"L55663765","G16067304",12,"2025"
"L5145800","S287337527",12,"2025"
"L55663825","G16067316",12,"2025"
"L55657361","G16066277",12,"2025"
"L55749794","S287476292",12,"2025"
"L12901505","S295966253",1,"2025"
"L57679916","S296378984",1,"2025"
"L57679916","S296496486",1,"2025"
"L17350002","S293283065",1,"2025"
"L24762593","S292739010",1,"2025"
"L57997005","S297834983",2,"2025"
"L4377247","S299911471",2,"2025"
"L57996340","S297830694",2,"2025"
"L57996340","S297831794",2,"2025"
"L57997005","S297833424",2,"2025"
"L57995804","S297828350",2,"2025"
"L57996073","S297829572",2,"2025"
"L57998899","S297842405",2,"2025"
"L12901505","S314173285",3,"2025"
"L13336528","G17164712",4,"2025"
"L62841060","S321884694",4,"2025"
"L62755358","S321856710",4,"2025"
"L12901505","S322000991",4,"2025"
"L12901505","S324098295",4,"2025"
"L26908939","S326852034",4,"2025"
"L40082180","S316252239",4,"2025"
"L67036393","S343187441",5,"2025"
"L67706432","S346303570",5,"2025"
