"eBird.English.Name.2025","SoIB.Major.Update.Long.Term.Status","SoIB.Major.Update.Current.Status","SoIB.Major.Update.Range.Status","SoIB.Major.Update.Priority.Status"
"Abbott's Babbler",NA,NA,NA,NA
"Aberrant Bush Warbler","Insufficient Data","Insufficient Data",NA,"Low"
"Alexandrine Parakeet","Insufficient Data","Insufficient Data",NA,"Moderate"
"Alpine Accentor","Insufficient Data","Insufficient Data",NA,"Low"
"Alpine Swift","Insufficient Data","Insufficient Data",NA,"Low"
"Alpine Thrush","Insufficient Data","Insufficient Data",NA,"Low"
"Altai Accentor","Insufficient Data","Insufficient Data",NA,"Moderate"
"American Golden-Plover",NA,NA,NA,NA
"Amur Falcon",NA,NA,NA,NA
"Amur Paradise-Flycatcher",NA,NA,NA,NA
"Amur Stonechat",NA,NA,NA,NA
"Andaman Boobook",NA,NA,NA,NA
"Andaman Bulbul",NA,NA,NA,NA
"Andaman Coucal",NA,NA,NA,NA
"Andaman Crake",NA,NA,NA,NA
"Andaman Cuckoo-Dove",NA,NA,NA,NA
"Andaman Cuckooshrike",NA,NA,NA,NA
"Andaman Drongo",NA,NA,NA,NA
"Andaman Flowerpecker",NA,NA,NA,NA
"Andaman Green-Pigeon",NA,NA,NA,NA
"Andaman Masked-Owl",NA,NA,NA,NA
"Andaman Nightjar",NA,NA,NA,NA
"Andaman Scops-Owl",NA,NA,NA,NA
"Andaman Serpent-Eagle",NA,NA,NA,NA
"Andaman Shama",NA,NA,NA,NA
"Andaman Teal",NA,NA,NA,NA
"Andaman Treepie",NA,NA,NA,NA
"Andaman Wood-Pigeon",NA,NA,NA,NA
"Andaman Woodpecker",NA,NA,NA,NA
"Arctic Loon",NA,NA,NA,NA
"Arctic Tern",NA,NA,NA,NA
"Arctic Warbler",NA,NA,NA,NA
"Ashambu Laughingthrush",NA,NA,NA,NA
"Ashy Bulbul",NA,NA,NA,NA
"Ashy Drongo","Insufficient Data","Insufficient Data",NA,"Low"
"Ashy Minivet",NA,NA,NA,NA
"Ashy Prinia","Insufficient Data","Trend Inconclusive",NA,"Low"
"Ashy Wood-Pigeon",NA,NA,NA,NA
"Ashy Woodswallow",NA,NA,NA,NA
"Ashy-crowned Sparrow-Lark","Insufficient Data","Insufficient Data",NA,"Moderate"
"Ashy-headed Green-Pigeon",NA,NA,NA,NA
"Ashy-throated Warbler","Insufficient Data","Insufficient Data",NA,"Low"
"Asian Barred Owlet","Insufficient Data","Insufficient Data",NA,"Low"
"Asian Brown Flycatcher",NA,NA,NA,NA
"Asian Desert Warbler",NA,NA,NA,NA
"Asian Dowitcher",NA,NA,NA,NA
"Asian Emerald Cuckoo",NA,NA,NA,NA
"Asian Emerald Dove","Insufficient Data","Insufficient Data",NA,"Low"
"Asian Fairy-bluebird",NA,NA,NA,NA
"Asian Glossy Starling",NA,NA,NA,NA
"Asian Green Bee-eater","Insufficient Data","Insufficient Data",NA,"Low"
"Asian Houbara",NA,NA,NA,NA
"Asian House-Martin","Insufficient Data","Insufficient Data",NA,"Moderate"
"Asian Koel","Insufficient Data","Trend Inconclusive",NA,"Low"
"Asian Openbill","Insufficient Data","Insufficient Data",NA,"Low"
"Asian Palm Swift",NA,NA,NA,NA
"Asian Stubtail",NA,NA,NA,NA
"Asian Tit","Insufficient Data","Insufficient Data",NA,"Low"
"Asian Woolly-necked Stork","Insufficient Data","Insufficient Data",NA,"Moderate"
"Assam Laughingthrush",NA,NA,NA,NA
"Australasian Grass-Owl",NA,NA,NA,NA
"Azure Tit",NA,NA,NA,NA
"Baer's Pochard",NA,NA,NA,NA
"Baikal Bush Warbler",NA,NA,NA,NA
"Baikal Teal",NA,NA,NA,NA
"Baillon's Crake","Insufficient Data","Insufficient Data",NA,"Low"
"Banasura Laughingthrush",NA,NA,NA,NA
"Banded Bay Cuckoo",NA,NA,NA,NA
"Bank Myna","Trend Inconclusive","Trend Inconclusive",NA,"Low"
"Bank Swallow",NA,NA,NA,NA
"Bar-headed Goose","Insufficient Data","Insufficient Data",NA,"Low"
"Bar-tailed Godwit",NA,NA,NA,NA
"Bar-tailed Treecreeper","Insufficient Data","Insufficient Data",NA,"Low"
"Bar-winged Flycatcher-shrike",NA,NA,NA,NA
"Bar-winged Wren-Babbler",NA,NA,NA,NA
"Barau's Petrel",NA,NA,NA,NA
"Barn Swallow","Insufficient Data","Insufficient Data",NA,"Low"
"Barred Buttonquail","Insufficient Data","Insufficient Data",NA,"Low"
"Barred Cuckoo-Dove",NA,NA,NA,NA
"Barred Warbler",NA,NA,NA,NA
"Bay Woodpecker",NA,NA,NA,NA
"Bay-backed Shrike","Insufficient Data","Insufficient Data",NA,"Low"
"Baya Weaver","Insufficient Data","Insufficient Data",NA,"Low"
"Beach Thick-knee",NA,NA,NA,NA
"Bearded Vulture","Insufficient Data","Insufficient Data",NA,"Moderate"
"Beautiful Nuthatch",NA,NA,NA,NA
"Beautiful Sibia",NA,NA,NA,NA
"Bengal Bushlark","Insufficient Data","Trend Inconclusive",NA,"Low"
"Bengal Florican",NA,NA,NA,NA
"Besra","Insufficient Data","Insufficient Data",NA,"Low"
"Bhutan Laughingthrush",NA,NA,NA,NA
"Bimaculated Lark",NA,NA,NA,NA
"Black Baza",NA,NA,NA,NA
"Black Bittern","Insufficient Data","Insufficient Data",NA,"Low"
"Black Bulbul","Insufficient Data","Insufficient Data",NA,"Low"
"Black Drongo","Insufficient Data","Insufficient Data",NA,"Low"
"Black Eagle","Insufficient Data","Insufficient Data",NA,"Low"
"Black Francolin","Insufficient Data","Trend Inconclusive",NA,"Low"
"Black Kite","Insufficient Data","Insufficient Data",NA,"Low"
"Black Noddy",NA,NA,NA,NA
"Black Redstart","Insufficient Data","Insufficient Data",NA,"Low"
"Black Stork","Insufficient Data","Insufficient Data",NA,"Low"
"Black Tern",NA,NA,NA,NA
"Black-and-orange Flycatcher",NA,NA,NA,NA
"Black-and-yellow Grosbeak","Insufficient Data","Insufficient Data",NA,"Moderate"
"Black-backed Dwarf-Kingfisher",NA,NA,NA,NA
"Black-backed Forktail",NA,NA,NA,NA
"Black-bellied Plover",NA,NA,NA,NA
"Black-bellied Sandgrouse",NA,NA,NA,NA
"Black-bellied Storm-Petrel",NA,NA,NA,NA
"Black-bellied Tern","Insufficient Data","Insufficient Data",NA,"High"
"Black-breasted Parrotbill",NA,NA,NA,NA
"Black-breasted Thrush",NA,NA,NA,NA
"Black-breasted Weaver","Insufficient Data","Insufficient Data",NA,"Moderate"
"Black-browed Reed Warbler",NA,NA,NA,NA
"Black-browed Tit",NA,NA,NA,NA
"Black-capped Kingfisher",NA,NA,NA,NA
"Black-chinned Babbler","Insufficient Data","Trend Inconclusive",NA,"Low"
"Black-chinned Yuhina",NA,NA,NA,NA
"Black-crested Bulbul",NA,NA,NA,NA
"Black-crowned Night Heron","Insufficient Data","Insufficient Data",NA,"Low"
"Black-crowned Scimitar-Babbler",NA,NA,NA,NA
"Black-crowned Sparrow-Lark",NA,NA,NA,NA
"Black-eared Shrike-Babbler",NA,NA,NA,NA
"Black-faced Bunting",NA,NA,NA,NA
"Black-faced Laughingthrush",NA,NA,NA,NA
"Black-faced Warbler",NA,NA,NA,NA
"Black-headed Bulbul",NA,NA,NA,NA
"Black-headed Bunting",NA,NA,NA,NA
"Black-headed Cuckooshrike",NA,NA,NA,NA
"Black-headed Greenfinch",NA,NA,NA,NA
"Black-headed Gull","Insufficient Data","Insufficient Data",NA,"Low"
"Black-headed Ibis","Insufficient Data","Insufficient Data",NA,"Moderate"
"Black-headed Jay","Insufficient Data","Insufficient Data",NA,"Moderate"
"Black-headed Mountain Finch",NA,NA,NA,NA
"Black-headed Shrike-Babbler",NA,NA,NA,NA
"Black-hooded Oriole",NA,NA,NA,NA
"Black-legged Kittiwake",NA,NA,NA,NA
"Black-naped Monarch",NA,NA,NA,NA
"Black-naped Oriole",NA,NA,NA,NA
"Black-naped Tern",NA,NA,NA,NA
"Black-necked Crane",NA,NA,NA,NA
"Black-necked Stork",NA,NA,NA,NA
"Black-rumped Flameback","Insufficient Data","Trend Inconclusive",NA,"Low"
"Black-rumped Magpie",NA,NA,NA,NA
"Black-tailed Crake",NA,NA,NA,NA
"Black-tailed Godwit",NA,NA,NA,NA
"Black-throated Accentor",NA,NA,NA,NA
"Black-throated Munia",NA,NA,NA,NA
"Black-throated Parrotbill",NA,NA,NA,NA
"Black-throated Prinia",NA,NA,NA,NA
"Black-throated Sunbird",NA,NA,NA,NA
"Black-throated Thrush","Insufficient Data","Insufficient Data",NA,"Low"
"Black-throated Tit","Insufficient Data","Insufficient Data",NA,"Low"
"Black-winged Cuckooshrike",NA,NA,NA,NA
"Black-winged Kite","Insufficient Data","Insufficient Data",NA,"Low"
"Black-winged Snowfinch",NA,NA,NA,NA
"Black-winged Stilt","Insufficient Data","Insufficient Data",NA,"Low"
"Blanford's Rosefinch",NA,NA,NA,NA
"Blanford's Snowfinch",NA,NA,NA,NA
"Blood Pheasant",NA,NA,NA,NA
"Blossom-headed Parakeet",NA,NA,NA,NA
"Blue Pitta",NA,NA,NA,NA
"Blue Rock-Thrush","Insufficient Data","Insufficient Data",NA,"Low"
"Blue Whistling-Thrush","Insufficient Data","Insufficient Data",NA,"Low"
"Blue-and-white Flycatcher",NA,NA,NA,NA
"Blue-bearded Bee-eater",NA,NA,NA,NA
"Blue-billed White-Tern",NA,NA,NA,NA
"Blue-breasted Quail",NA,NA,NA,NA
"Blue-capped Redstart","Insufficient Data","Insufficient Data",NA,"Low"
"Blue-capped Rock-Thrush","Insufficient Data","Insufficient Data",NA,"Low"
"Blue-cheeked Bee-eater",NA,NA,NA,NA
"Blue-eared Barbet",NA,NA,NA,NA
"Blue-eared Kingfisher",NA,NA,NA,NA
"Blue-faced Malkoha",NA,NA,NA,NA
"Blue-fronted Redstart","Insufficient Data","Insufficient Data",NA,"Low"
"Blue-fronted Robin",NA,NA,NA,NA
"Blue-naped Pitta",NA,NA,NA,NA
"Blue-tailed Bee-eater","Insufficient Data","Insufficient Data",NA,"Low"
"Blue-throated Barbet","Insufficient Data","Insufficient Data",NA,"Low"
"Blue-throated Bee-eater",NA,NA,NA,NA
"Blue-throated Flycatcher","Insufficient Data","Insufficient Data",NA,"Low"
"Blue-winged Laughingthrush",NA,NA,NA,NA
"Blue-winged Leafbird",NA,NA,NA,NA
"Blue-winged Minla",NA,NA,NA,NA
"Blue-winged Pitta",NA,NA,NA,NA
"Bluethroat","Insufficient Data","Insufficient Data",NA,"Low"
"Blunt-winged Warbler",NA,NA,NA,NA
"Blyth's Kingfisher",NA,NA,NA,NA
"Blyth's Leaf Warbler",NA,NA,NA,NA
"Blyth's Paradise-Flycatcher",NA,NA,NA,NA
"Blyth's Pipit",NA,NA,NA,NA
"Blyth's Reed Warbler","Insufficient Data","Insufficient Data",NA,"Low"
"Blyth's Rosefinch","Insufficient Data","Insufficient Data",NA,"Moderate"
"Blyth's Swift",NA,NA,NA,NA
"Blyth's Tragopan",NA,NA,NA,NA
"Bohemian Waxwing",NA,NA,NA,NA
"Bonelli's Eagle","Insufficient Data","Insufficient Data",NA,"Low"
"Booted Eagle","Insufficient Data","Insufficient Data",NA,"Low"
"Booted Warbler","Insufficient Data","Insufficient Data",NA,"Low"
"Boreal Owl",NA,NA,NA,NA
"Brahminy Kite","Insufficient Data","Insufficient Data",NA,"Low"
"Brahminy Starling","Insufficient Data","Insufficient Data",NA,"Low"
"Brambling",NA,NA,NA,NA
"Bridled Tern",NA,NA,NA,NA
"Bristled Grassbird",NA,NA,NA,NA
"Broad-billed Sandpiper",NA,NA,NA,NA
"Broad-billed Warbler",NA,NA,NA,NA
"Broad-tailed Grassbird",NA,NA,NA,NA
"Bronze-winged Jacana",NA,NA,NA,NA
"Bronzed Drongo",NA,NA,NA,NA
"Brooks's Leaf Warbler",NA,NA,NA,NA
"Brown Accentor",NA,NA,NA,NA
"Brown Boobook",NA,NA,NA,NA
"Brown Booby",NA,NA,NA,NA
"Brown Bullfinch",NA,NA,NA,NA
"Brown Bush Warbler",NA,NA,NA,NA
"Brown Crake","Insufficient Data","Insufficient Data",NA,"Low"
"Brown Dipper","Insufficient Data","Insufficient Data",NA,"Low"
"Brown Fish-Owl","Insufficient Data","Insufficient Data",NA,"Low"
"Brown Hornbill",NA,NA,NA,NA
"Brown Noddy",NA,NA,NA,NA
"Brown Parrotbill",NA,NA,NA,NA
"Brown Rock Chat","Insufficient Data","Trend Inconclusive",NA,"Low"
"Brown Shrike",NA,NA,NA,NA
"Brown Skua",NA,NA,NA,NA
"Brown Wood-Owl",NA,NA,NA,NA
"Brown-backed Needletail",NA,NA,NA,NA
"Brown-breasted Flycatcher",NA,NA,NA,NA
"Brown-capped Laughingthrush",NA,NA,NA,NA
"Brown-capped Pygmy Woodpecker","Insufficient Data","Insufficient Data",NA,"Moderate"
"Brown-cheeked Fulvetta",NA,NA,NA,NA
"Brown-cheeked Rail",NA,NA,NA,NA
"Brown-crowned Scimitar-Babbler",NA,NA,NA,NA
"Brown-fronted Woodpecker","Insufficient Data","Insufficient Data",NA,"Moderate"
"Brown-headed Barbet","Insufficient Data","Trend Inconclusive",NA,"Low"
"Brown-headed Gull","Insufficient Data","Insufficient Data",NA,"Low"
"Brown-rumped Minivet",NA,NA,NA,NA
"Brown-throated Fulvetta",NA,NA,NA,NA
"Brown-winged Kingfisher",NA,NA,NA,NA
"Brownish-flanked Bush Warbler","Insufficient Data","Insufficient Data",NA,"Low"
"Buff-barred Warbler","Insufficient Data","Insufficient Data",NA,"Low"
"Buff-breasted Babbler",NA,NA,NA,NA
"Buff-breasted Sandpiper",NA,NA,NA,NA
"Buff-throated Warbler",NA,NA,NA,NA
"Buffy Fish-Owl",NA,NA,NA,NA
"Bugun Liocichla",NA,NA,NA,NA
"Burmese Shrike",NA,NA,NA,NA
"Cachar Bulbul",NA,NA,NA,NA
"Cachar Wedge-billed Babbler",NA,NA,NA,NA
"Carrion Crow",NA,NA,NA,NA
"Caspian Gull",NA,NA,NA,NA
"Caspian Plover",NA,NA,NA,NA
"Caspian Tern",NA,NA,NA,NA
"Cetti's Warbler",NA,NA,NA,NA
"Changeable Hawk-Eagle",NA,NA,NA,NA
"Cheer Pheasant","Insufficient Data","Insufficient Data",NA,"High"
"Chestnut Bunting",NA,NA,NA,NA
"Chestnut Munia",NA,NA,NA,NA
"Chestnut Thrush","Insufficient Data","Insufficient Data",NA,"Low"
"Chestnut-backed Laughingthrush",NA,NA,NA,NA
"Chestnut-bellied Nuthatch","Insufficient Data","Insufficient Data",NA,"Low"
"Chestnut-bellied Rock-Thrush","Insufficient Data","Insufficient Data",NA,"Low"
"Chestnut-bellied Sandgrouse","Insufficient Data","Insufficient Data",NA,"Low"
"Chestnut-breasted Partridge",NA,NA,NA,NA
"Chestnut-capped Babbler",NA,NA,NA,NA
"Chestnut-cheeked Starling",NA,NA,NA,NA
"Chestnut-crowned Bush Warbler",NA,NA,NA,NA
"Chestnut-crowned Laughingthrush","Insufficient Data","Insufficient Data",NA,"Moderate"
"Chestnut-crowned Warbler",NA,NA,NA,NA
"Chestnut-eared Bunting","Insufficient Data","Insufficient Data",NA,"Moderate"
"Chestnut-flanked White-eye",NA,NA,NA,NA
"Chestnut-headed Bee-eater",NA,NA,NA,NA
"Chestnut-headed Tesia",NA,NA,NA,NA
"Chestnut-tailed Minla","Insufficient Data","Insufficient Data",NA,"Low"
"Chestnut-tailed Starling","Insufficient Data","Insufficient Data",NA,"Low"
"Chestnut-vented Nuthatch",NA,NA,NA,NA
"Chestnut-winged Cuckoo",NA,NA,NA,NA
"Chin Hills Wren-Babbler",NA,NA,NA,NA
"Chinese Blackbird",NA,NA,NA,NA
"Chinese Bush Warbler",NA,NA,NA,NA
"Chinese Egret",NA,NA,NA,NA
"Chinese Francolin",NA,NA,NA,NA
"Chinese Leaf Warbler",NA,NA,NA,NA
"Chinese Pond-Heron",NA,NA,NA,NA
"Chinese Rubythroat",NA,NA,NA,NA
"Chinese Sparrowhawk",NA,NA,NA,NA
"Chinese Thrush",NA,NA,NA,NA
"Chinese Vivid Niltava",NA,NA,NA,NA
"Chinese White-browed Rosefinch",NA,NA,NA,NA
"Christmas Island Frigatebird",NA,NA,NA,NA
"Chukar","Insufficient Data","Insufficient Data",NA,"Low"
"Cinereous Vulture","Insufficient Data","Insufficient Data",NA,"Moderate"
"Cinnamon Bittern","Insufficient Data","Insufficient Data",NA,"Low"
"Citrine Wagtail","Insufficient Data","Insufficient Data",NA,"Low"
"Clamorous Reed Warbler","Insufficient Data","Insufficient Data",NA,"Low"
"Claudia's Leaf Warbler",NA,NA,NA,NA
"Clicking Shrike-Babbler",NA,NA,NA,NA
"Coal Tit","Insufficient Data","Insufficient Data",NA,"Low"
"Collared Falconet",NA,NA,NA,NA
"Collared Grosbeak","Insufficient Data","Insufficient Data",NA,"Moderate"
"Collared Kingfisher",NA,NA,NA,NA
"Collared Myna",NA,NA,NA,NA
"Collared Owlet","Insufficient Data","Insufficient Data",NA,"Low"
"Collared Pratincole",NA,NA,NA,NA
"Collared Scops-Owl",NA,NA,NA,NA
"Collared Treepie",NA,NA,NA,NA
"Common Babbler","Insufficient Data","Insufficient Data",NA,"Moderate"
"Common Buzzard","Insufficient Data","Insufficient Data",NA,"Low"
"Common Chaffinch",NA,NA,NA,NA
"Common Chiffchaff","Insufficient Data","Insufficient Data",NA,"Low"
"Common Crane",NA,NA,NA,NA
"Common Cuckoo","Insufficient Data","Insufficient Data",NA,"Low"
"Common Flameback",NA,NA,NA,NA
"Common Goldeneye",NA,NA,NA,NA
"Common Grasshopper Warbler",NA,NA,NA,NA
"Common Green-Magpie",NA,NA,NA,NA
"Common Greenshank","Insufficient Data","Insufficient Data",NA,"Low"
"Common Gull",NA,NA,NA,NA
"Common Hawk-Cuckoo","Insufficient Data","Insufficient Data",NA,"Moderate"
"Common Hill Myna",NA,NA,NA,NA
"Common Hoopoe","Insufficient Data","Insufficient Data",NA,"Low"
"Common Iora","Insufficient Data","Insufficient Data",NA,"Low"
"Common Kingfisher","Insufficient Data","Insufficient Data",NA,"Low"
"Common Merganser","Insufficient Data","Insufficient Data",NA,"Low"
"Common Myna","Insufficient Data","Insufficient Data",NA,"Low"
"Common Pochard","Insufficient Data","Insufficient Data",NA,"Moderate"
"Common Quail",NA,NA,NA,NA
"Common Raven","Insufficient Data","Insufficient Data",NA,"Low"
"Common Redshank","Insufficient Data","Insufficient Data",NA,"Low"
"Common Redstart",NA,NA,NA,NA
"Common Ringed Plover",NA,NA,NA,NA
"Common Rosefinch","Insufficient Data","Insufficient Data",NA,"Low"
"Common Sandpiper","Insufficient Data","Insufficient Data",NA,"Low"
"Common Shelduck",NA,NA,NA,NA
"Common Snipe","Insufficient Data","Insufficient Data",NA,"Low"
"Common Swift",NA,NA,NA,NA
"Common Tailorbird","Insufficient Data","Insufficient Data",NA,"Low"
"Common Tern",NA,NA,NA,NA
"Common Wood-Pigeon","Insufficient Data","Insufficient Data",NA,"Moderate"
"Common Woodshrike","Insufficient Data","Trend Inconclusive",NA,"Low"
"Coppersmith Barbet","Insufficient Data","Insufficient Data",NA,"Low"
"Corn Crake",NA,NA,NA,NA
"Cory's Shearwater",NA,NA,NA,NA
"Cotton Pygmy-Goose","Insufficient Data","Insufficient Data",NA,"Low"
"Crab-Plover",NA,NA,NA,NA
"Cream-colored Courser",NA,NA,NA,NA
"Crested Bunting","Insufficient Data","Insufficient Data",NA,"Low"
"Crested Finchbill",NA,NA,NA,NA
"Crested Goshawk",NA,NA,NA,NA
"Crested Kingfisher","Insufficient Data","Insufficient Data",NA,"Low"
"Crested Lark","Insufficient Data","Insufficient Data",NA,"Low"
"Crested Serpent-Eagle","Insufficient Data","Insufficient Data",NA,"Low"
"Crested Tit-Warbler",NA,NA,NA,NA
"Crested Treeswift",NA,NA,NA,NA
"Crimson Sunbird","Insufficient Data","Insufficient Data",NA,"Low"
"Crimson-backed Sunbird",NA,NA,NA,NA
"Crimson-browed Finch",NA,NA,NA,NA
"Crimson-naped Woodpecker",NA,NA,NA,NA
"Crimson-winged Finch",NA,NA,NA,NA
"Crow-billed Drongo",NA,NA,NA,NA
"Curlew Sandpiper",NA,NA,NA,NA
"Dalmatian Pelican",NA,NA,NA,NA
"Darjeeling Woodpecker",NA,NA,NA,NA
"Dark-breasted Rosefinch","Insufficient Data","Insufficient Data",NA,"Low"
"Dark-fronted Babbler",NA,NA,NA,NA
"Dark-necked Tailorbird",NA,NA,NA,NA
"Dark-rumped Rosefinch",NA,NA,NA,NA
"Dark-rumped Swift",NA,NA,NA,NA
"Dark-sided Flycatcher","Insufficient Data","Insufficient Data",NA,"Low"
"Dark-sided Thrush",NA,NA,NA,NA
"Daurian Redstart",NA,NA,NA,NA
"Daurian Starling",NA,NA,NA,NA
"Delicate Prinia","Insufficient Data","Insufficient Data",NA,"Low"
"Demoiselle Crane",NA,NA,NA,NA
"Derbyan Parakeet",NA,NA,NA,NA
"Desert Finch",NA,NA,NA,NA
"Desert Lark",NA,NA,NA,NA
"Desert Wheatear","Insufficient Data","Insufficient Data",NA,"Low"
"Dollarbird",NA,NA,NA,NA
"Dunlin","Insufficient Data","Insufficient Data",NA,"Low"
"Dusky Crag-Martin",NA,NA,NA,NA
"Dusky Eagle-Owl",NA,NA,NA,NA
"Dusky Thrush",NA,NA,NA,NA
"Dusky Warbler",NA,NA,NA,NA
"Eared Grebe",NA,NA,NA,NA
"Eastern Barn Owl",NA,NA,NA,NA
"Eastern Cattle-Egret","Insufficient Data","Insufficient Data",NA,"Low"
"Eastern Marsh Harrier",NA,NA,NA,NA
"Eastern Orphean Warbler",NA,NA,NA,NA
"Eastern Red-rumped Swallow","Insufficient Data","Insufficient Data",NA,"Low"
"Eastern Spot-billed Duck",NA,NA,NA,NA
"Eastern Yellow Wagtail",NA,NA,NA,NA
"Egyptian Vulture","Insufficient Data","Insufficient Data",NA,"High"
"Elliot's Laughingthrush",NA,NA,NA,NA
"Eurasian Bittern",NA,NA,NA,NA
"Eurasian Blackcap",NA,NA,NA,NA
"Eurasian Collared-Dove","Insufficient Data","Insufficient Data",NA,"Low"
"Eurasian Coot","Insufficient Data","Insufficient Data",NA,"Low"
"Eurasian Crag-Martin","Insufficient Data","Insufficient Data",NA,"Low"
"Eurasian Curlew",NA,NA,NA,NA
"Eurasian Eagle-Owl",NA,NA,NA,NA
"Eurasian Golden Oriole",NA,NA,NA,NA
"Eurasian Goshawk",NA,NA,NA,NA
"Eurasian Griffon","Insufficient Data","Insufficient Data",NA,"Low"
"Eurasian Hobby","Insufficient Data","Insufficient Data",NA,"Low"
"Eurasian Jackdaw",NA,NA,NA,NA
"Eurasian Jay","Insufficient Data","Insufficient Data",NA,"Low"
"Eurasian Kestrel","Insufficient Data","Insufficient Data",NA,"Low"
"Eurasian Linnet",NA,NA,NA,NA
"Eurasian Magpie",NA,NA,NA,NA
"Eurasian Moorhen","Insufficient Data","Insufficient Data",NA,"Low"
"Eurasian Nightjar",NA,NA,NA,NA
"Eurasian Oystercatcher",NA,NA,NA,NA
"Eurasian Scops-Owl",NA,NA,NA,NA
"Eurasian Siskin",NA,NA,NA,NA
"Eurasian Skylark",NA,NA,NA,NA
"Eurasian Sparrowhawk","Insufficient Data","Insufficient Data",NA,"Low"
"Eurasian Spoonbill","Insufficient Data","Insufficient Data",NA,"Low"
"Eurasian Tree Sparrow",NA,NA,NA,NA
"Eurasian Whimbrel",NA,NA,NA,NA
"Eurasian Wigeon","Insufficient Data","Insufficient Data",NA,"Low"
"Eurasian Woodcock",NA,NA,NA,NA
"Eurasian Wren","Insufficient Data","Insufficient Data",NA,"Low"
"Eurasian Wryneck","Insufficient Data","Insufficient Data",NA,"Low"
"European Bee-eater",NA,NA,NA,NA
"European Golden-Plover",NA,NA,NA,NA
"European Honey-buzzard",NA,NA,NA,NA
"European Roller","Insufficient Data","Insufficient Data",NA,"Low"
"European Starling","Insufficient Data","Insufficient Data",NA,"Low"
"European Turtle-Dove",NA,NA,NA,NA
"Eyebrowed Thrush",NA,NA,NA,NA
"Eyebrowed Wren-Babbler",NA,NA,NA,NA
"Falcated Duck",NA,NA,NA,NA
"Ferruginous Duck","Insufficient Data","Insufficient Data",NA,"Moderate"
"Ferruginous Flycatcher",NA,NA,NA,NA
"Fieldfare",NA,NA,NA,NA
"Finn's Weaver",NA,NA,NA,NA
"Finsch's Wheatear",NA,NA,NA,NA
"Fire-breasted Flowerpecker","Insufficient Data","Insufficient Data",NA,"Low"
"Fire-capped Tit",NA,NA,NA,NA
"Fire-fronted Serin","Insufficient Data","Insufficient Data",NA,"Low"
"Fire-tailed Myzornis",NA,NA,NA,NA
"Fire-tailed Sunbird",NA,NA,NA,NA
"Firethroat",NA,NA,NA,NA
"Flame-throated Bulbul",NA,NA,NA,NA
"Flavescent Bulbul",NA,NA,NA,NA
"Flesh-footed Shearwater",NA,NA,NA,NA
"Forest Owlet",NA,NA,NA,NA
"Forest Wagtail","Insufficient Data","Insufficient Data",NA,"Low"
"Fork-tailed Drongo-Cuckoo",NA,NA,NA,NA
"Franklin's Gull",NA,NA,NA,NA
"Freckle-breasted Woodpecker",NA,NA,NA,NA
"Fulvous Parrotbill",NA,NA,NA,NA
"Fulvous Whistling-Duck",NA,NA,NA,NA
"Fulvous-breasted Woodpecker","Insufficient Data","Insufficient Data",NA,"Low"
"Gadwall","Insufficient Data","Insufficient Data",NA,"Low"
"Garden Warbler",NA,NA,NA,NA
"Garganey","Insufficient Data","Insufficient Data",NA,"Low"
"Glossy Ibis","Insufficient Data","Insufficient Data",NA,"Low"
"Godlewski's Bunting",NA,NA,NA,NA
"Gold-naped Finch",NA,NA,NA,NA
"Goldcrest","Insufficient Data","Insufficient Data",NA,"Low"
"Golden Babbler",NA,NA,NA,NA
"Golden Bush-Robin","Insufficient Data","Insufficient Data",NA,"Low"
"Golden Eagle","Insufficient Data","Insufficient Data",NA,"Low"
"Golden-breasted Fulvetta",NA,NA,NA,NA
"Golden-crested Myna",NA,NA,NA,NA
"Golden-fronted Leafbird",NA,NA,NA,NA
"Golden-headed Cisticola",NA,NA,NA,NA
"Golden-throated Barbet",NA,NA,NA,NA
"Goliath Heron",NA,NA,NA,NA
"Gould's Shortwing",NA,NA,NA,NA
"Grandala",NA,NA,NA,NA
"Gray Bushchat","Insufficient Data","Insufficient Data",NA,"Low"
"Gray Francolin","Insufficient Data","Insufficient Data",NA,"Low"
"Gray Heron","Insufficient Data","Insufficient Data",NA,"Low"
"Gray Junglefowl",NA,NA,NA,NA
"Gray Nightjar",NA,NA,NA,NA
"Gray Peacock-Pheasant",NA,NA,NA,NA
"Gray Sibia",NA,NA,NA,NA
"Gray Treepie","Insufficient Data","Insufficient Data",NA,"Low"
"Gray Wagtail","Insufficient Data","Insufficient Data",NA,"Low"
"Gray-backed Shrike","Insufficient Data","Insufficient Data",NA,"Low"
"Gray-bellied Cuckoo","Insufficient Data","Insufficient Data",NA,"Moderate"
"Gray-bellied Tesia",NA,NA,NA,NA
"Gray-breasted Prinia","Insufficient Data","Insufficient Data",NA,"Low"
"Gray-capped Pygmy Woodpecker","Insufficient Data","Insufficient Data",NA,"Low"
"Gray-cheeked Warbler",NA,NA,NA,NA
"Gray-chinned Minivet",NA,NA,NA,NA
"Gray-crested Tit",NA,NA,NA,NA
"Gray-crowned Goldfinch","Insufficient Data","Insufficient Data",NA,"Low"
"Gray-crowned Prinia",NA,NA,NA,NA
"Gray-crowned Warbler",NA,NA,NA,NA
"Gray-eyed Bulbul",NA,NA,NA,NA
"Gray-faced Buzzard",NA,NA,NA,NA
"Gray-fronted Green-Pigeon",NA,NA,NA,NA
"Gray-headed Bulbul",NA,NA,NA,NA
"Gray-headed Bullfinch",NA,NA,NA,NA
"Gray-headed Canary-Flycatcher","Insufficient Data","Insufficient Data",NA,"Low"
"Gray-headed Fish-Eagle",NA,NA,NA,NA
"Gray-headed Lapwing","Insufficient Data","Insufficient Data",NA,"Low"
"Gray-headed Parakeet",NA,NA,NA,NA
"Gray-headed Parrotbill",NA,NA,NA,NA
"Gray-headed Swamphen","Insufficient Data","Insufficient Data",NA,"Low"
"Gray-headed Woodpecker","Insufficient Data","Insufficient Data",NA,"Low"
"Gray-hooded Warbler","Insufficient Data","Decline",NA,"Moderate"
"Gray-lored Broadbill",NA,NA,NA,NA
"Gray-necked Bunting",NA,NA,NA,NA
"Gray-sided Bush Warbler","Insufficient Data","Insufficient Data",NA,"Low"
"Gray-sided Laughingthrush",NA,NA,NA,NA
"Gray-sided Thrush",NA,NA,NA,NA
"Gray-tailed Tattler",NA,NA,NA,NA
"Gray-throated Babbler",NA,NA,NA,NA
"Gray-throated Martin","Insufficient Data","Insufficient Data",NA,"Low"
"Gray-winged Blackbird","Insufficient Data","Insufficient Data",NA,"Low"
"Graylag Goose","Insufficient Data","Insufficient Data",NA,"Low"
"Great Barbet","Insufficient Data","Insufficient Data",NA,"Low"
"Great Cormorant","Insufficient Data","Insufficient Data",NA,"Low"
"Great Crested Grebe","Insufficient Data","Insufficient Data",NA,"Low"
"Great Crested Tern",NA,NA,NA,NA
"Great Eared-Nightjar",NA,NA,NA,NA
"Great Egret","Insufficient Data","Insufficient Data",NA,"Low"
"Great Frigatebird",NA,NA,NA,NA
"Great Gray Shrike",NA,NA,NA,NA
"Great Hornbill",NA,NA,NA,NA
"Great Indian Bustard",NA,NA,NA,NA
"Great Knot",NA,NA,NA,NA
"Great Myna",NA,NA,NA,NA
"Great Parrotbill",NA,NA,NA,NA
"Great Reed Warbler",NA,NA,NA,NA
"Great Rosefinch",NA,NA,NA,NA
"Great Slaty Woodpecker",NA,NA,NA,NA
"Great Snipe",NA,NA,NA,NA
"Great Spotted Woodpecker",NA,NA,NA,NA
"Great Thick-knee","Insufficient Data","Insufficient Data",NA,"Moderate"
"Great White Pelican",NA,NA,NA,NA
"Greater Adjutant",NA,NA,NA,NA
"Greater Coucal","Insufficient Data","Trend Inconclusive",NA,"Low"
"Greater Flameback",NA,NA,NA,NA
"Greater Flamingo",NA,NA,NA,NA
"Greater Hoopoe-Lark",NA,NA,NA,NA
"Greater Necklaced Laughingthrush",NA,NA,NA,NA
"Greater Painted-Snipe","Insufficient Data","Insufficient Data",NA,"Low"
"Greater Racket-tailed Drongo",NA,NA,NA,NA
"Greater Sand-Plover",NA,NA,NA,NA
"Greater Scaup",NA,NA,NA,NA
"Greater Short-toed Lark","Insufficient Data","Insufficient Data",NA,"Low"
"Greater Spotted Eagle",NA,NA,NA,NA
"Greater White-fronted Goose",NA,NA,NA,NA
"Greater Whitethroat",NA,NA,NA,NA
"Greater Yellownape",NA,NA,NA,NA
"Green Avadavat",NA,NA,NA,NA
"Green Cochoa",NA,NA,NA,NA
"Green Imperial-Pigeon",NA,NA,NA,NA
"Green Peafowl",NA,NA,NA,NA
"Green Sandpiper","Insufficient Data","Insufficient Data",NA,"Low"
"Green Shrike-Babbler","Insufficient Data","Insufficient Data",NA,"Low"
"Green Warbler",NA,NA,NA,NA
"Green-backed Tit","Insufficient Data","Insufficient Data",NA,"Low"
"Green-billed Malkoha",NA,NA,NA,NA
"Green-crowned Warbler",NA,NA,NA,NA
"Green-tailed Sunbird",NA,NA,NA,NA
"Green-winged Teal","Insufficient Data","Insufficient Data",NA,"Low"
"Greenish Warbler","Insufficient Data","Insufficient Data",NA,"Low"
"Ground Tit",NA,NA,NA,NA
"Gull-billed Tern",NA,NA,NA,NA
"Hair-crested Drongo","Insufficient Data","Insufficient Data",NA,"Low"
"Hawfinch",NA,NA,NA,NA
"Heart-spotted Woodpecker",NA,NA,NA,NA
"Hen Harrier","Insufficient Data","Insufficient Data",NA,"Low"
"Hill Blue Flycatcher",NA,NA,NA,NA
"Hill Partridge","Insufficient Data","Insufficient Data",NA,"Moderate"
"Hill Pigeon","Insufficient Data","Insufficient Data",NA,"Low"
"Hill Prinia",NA,NA,NA,NA
"Hill Swallow",NA,NA,NA,NA
"Himalayan Beautiful Rosefinch",NA,NA,NA,NA
"Himalayan Black-lored Tit","Insufficient Data","Insufficient Data",NA,"Moderate"
"Himalayan Bluetail","Insufficient Data","Insufficient Data",NA,"Low"
"Himalayan Bulbul","Insufficient Data","Insufficient Data",NA,"Moderate"
"Himalayan Buzzard",NA,NA,NA,NA
"Himalayan Cuckoo","Insufficient Data","Insufficient Data",NA,"Low"
"Himalayan Cutia",NA,NA,NA,NA
"Himalayan Flameback",NA,NA,NA,NA
"Himalayan Griffon","Insufficient Data","Insufficient Data",NA,"Moderate"
"Himalayan Monal","Insufficient Data","Insufficient Data",NA,"Moderate"
"Himalayan Owl",NA,NA,NA,NA
"Himalayan Prinia","Insufficient Data","Insufficient Data",NA,"Low"
"Himalayan Quail",NA,NA,NA,NA
"Himalayan Rubythroat","Insufficient Data","Insufficient Data",NA,"Low"
"Himalayan Shortwing",NA,NA,NA,NA
"Himalayan Snowcock","Insufficient Data","Insufficient Data",NA,"Moderate"
"Himalayan Swiftlet",NA,NA,NA,NA
"Himalayan Thrush",NA,NA,NA,NA
"Himalayan White-browed Rosefinch","Insufficient Data","Insufficient Data",NA,"Moderate"
"Himalayan Woodpecker","Insufficient Data","Trend Inconclusive",NA,"Low"
"Hoary-throated Barwing",NA,NA,NA,NA
"Hodgson's Frogmouth",NA,NA,NA,NA
"Hodgson's Hawk-Cuckoo",NA,NA,NA,NA
"Hodgson's Redstart",NA,NA,NA,NA
"Hodgson's Treecreeper","Insufficient Data","Insufficient Data",NA,"Low"
"Hooded Crow",NA,NA,NA,NA
"Horned Grebe",NA,NA,NA,NA
"Horned Lark","Insufficient Data","Insufficient Data",NA,"Low"
"Horsfield's Bronze-Cuckoo",NA,NA,NA,NA
"House Crow","Insufficient Data","Insufficient Data",NA,"Low"
"House Sparrow","Insufficient Data","Insufficient Data",NA,"Low"
"House Swift",NA,NA,NA,NA
"Hume's Boobook",NA,NA,NA,NA
"Hume's Bush Warbler",NA,NA,NA,NA
"Hume's Lark","Insufficient Data","Insufficient Data",NA,"Moderate"
"Hume's Treecreeper",NA,NA,NA,NA
"Hume's Warbler","Insufficient Data","Insufficient Data",NA,"Low"
"Hume's Wheatear",NA,NA,NA,NA
"Hypocolius",NA,NA,NA,NA
"Ibisbill","Insufficient Data","Insufficient Data",NA,"Moderate"
"Immaculate Cupwing",NA,NA,NA,NA
"Imperial Eagle","Insufficient Data","Insufficient Data",NA,"Moderate"
"Indian Blackbird",NA,NA,NA,NA
"Indian Blue Robin","Insufficient Data","Insufficient Data",NA,"Low"
"Indian Bushlark","Insufficient Data","Insufficient Data",NA,"Moderate"
"Indian Cormorant",NA,NA,NA,NA
"Indian Courser",NA,NA,NA,NA
"Indian Cuckoo",NA,NA,NA,NA
"Indian Cuckooshrike","Insufficient Data","Insufficient Data",NA,"Low"
"Indian Golden Oriole","Insufficient Data","Insufficient Data",NA,"Low"
"Indian Grassbird",NA,NA,NA,NA
"Indian Gray Hornbill","Insufficient Data","Trend Inconclusive",NA,"Low"
"Indian Nightjar",NA,NA,NA,NA
"Indian Nuthatch",NA,NA,NA,NA
"Indian Paradise-Flycatcher","Insufficient Data","Trend Inconclusive",NA,"Low"
"Indian Peafowl","Insufficient Data","Trend Inconclusive",NA,"Low"
"Indian Pied Starling","Insufficient Data","Rapid Decline",NA,"Moderate"
"Indian Pitta","Insufficient Data","Insufficient Data",NA,"Moderate"
"Indian Pond-Heron","Insufficient Data","Rapid Decline",NA,"Moderate"
"Indian Robin","Insufficient Data","Rapid Decline",NA,"Moderate"
"Indian Roller","Insufficient Data","Insufficient Data",NA,"Low"
"Indian Scimitar-Babbler",NA,NA,NA,NA
"Indian Scops-Owl",NA,NA,NA,NA
"Indian Silverbill","Insufficient Data","Insufficient Data",NA,"Low"
"Indian Skimmer",NA,NA,NA,NA
"Indian Spot-billed Duck","Insufficient Data","Insufficient Data",NA,"Low"
"Indian Spotted Creeper",NA,NA,NA,NA
"Indian Spotted Eagle","Insufficient Data","Insufficient Data",NA,"Moderate"
"Indian Swiftlet",NA,NA,NA,NA
"Indian Thick-knee","Insufficient Data","Insufficient Data",NA,"Low"
"Indian Vulture",NA,NA,NA,NA
"Indian White-eye","Insufficient Data","Insufficient Data",NA,"Low"
"Indian Yellow Tit",NA,NA,NA,NA
"Indochinese Roller",NA,NA,NA,NA
"Isabelline Shrike",NA,NA,NA,NA
"Isabelline Wheatear",NA,NA,NA,NA
"Jack Snipe",NA,NA,NA,NA
"Japanese Quail",NA,NA,NA,NA
"Japanese Sparrowhawk",NA,NA,NA,NA
"Japanese Thrush",NA,NA,NA,NA
"Javan Pond-Heron",NA,NA,NA,NA
"Jerdon's Babbler",NA,NA,NA,NA
"Jerdon's Baza",NA,NA,NA,NA
"Jerdon's Bushchat",NA,NA,NA,NA
"Jerdon's Bushlark",NA,NA,NA,NA
"Jerdon's Courser",NA,NA,NA,NA
"Jerdon's Leafbird",NA,NA,NA,NA
"Jerdon's Nightjar",NA,NA,NA,NA
"Jouanin's Petrel",NA,NA,NA,NA
"Jungle Babbler","Insufficient Data","Decline",NA,"Moderate"
"Jungle Bush-Quail","Insufficient Data","Insufficient Data",NA,"Moderate"
"Jungle Myna","Insufficient Data","Insufficient Data",NA,"Low"
"Jungle Nightjar",NA,NA,NA,NA
"Jungle Owlet",NA,NA,NA,NA
"Jungle Prinia","Insufficient Data","Insufficient Data",NA,"Moderate"
"Kalij Pheasant","Insufficient Data","Insufficient Data",NA,"Low"
"Kashmir Flycatcher","Insufficient Data","Insufficient Data",NA,"High"
"Kashmir Nutcracker","Insufficient Data","Insufficient Data",NA,"Moderate"
"Kashmir Nuthatch","Insufficient Data","Insufficient Data",NA,"Moderate"
"Kentish Plover","Insufficient Data","Insufficient Data",NA,"Low"
"Knob-billed Duck","Insufficient Data","Insufficient Data",NA,"Low"
"Koklass Pheasant","Insufficient Data","Insufficient Data",NA,"Low"
"Laggar Falcon",NA,NA,NA,NA
"Lanceolated Warbler",NA,NA,NA,NA
"Large Blue Flycatcher",NA,NA,NA,NA
"Large Gray Babbler",NA,NA,NA,NA
"Large Hawk-Cuckoo",NA,NA,NA,NA
"Large Niltava",NA,NA,NA,NA
"Large Scimitar-Babbler",NA,NA,NA,NA
"Large Woodshrike",NA,NA,NA,NA
"Large-billed Crow","Insufficient Data","Insufficient Data",NA,"Low"
"Large-billed Leaf Warbler","Insufficient Data","Insufficient Data",NA,"Low"
"Large-billed Reed Warbler",NA,NA,NA,NA
"Large-tailed Nightjar",NA,NA,NA,NA
"Laughing Dove","Insufficient Data","Insufficient Data",NA,"Low"
"Legge's Hawk-Eagle",NA,NA,NA,NA
"Lemon-rumped Warbler","Insufficient Data","Insufficient Data",NA,"Low"
"Lesser Adjutant",NA,NA,NA,NA
"Lesser Black-backed Gull","Insufficient Data","Insufficient Data",NA,"Low"
"Lesser Coucal",NA,NA,NA,NA
"Lesser Crested Tern",NA,NA,NA,NA
"Lesser Cuckoo","Insufficient Data","Insufficient Data",NA,"Low"
"Lesser Fish-Eagle",NA,NA,NA,NA
"Lesser Flamingo",NA,NA,NA,NA
"Lesser Florican",NA,NA,NA,NA
"Lesser Frigatebird",NA,NA,NA,NA
"Lesser Gray Shrike",NA,NA,NA,NA
"Lesser Kestrel",NA,NA,NA,NA
"Lesser Necklaced Laughingthrush",NA,NA,NA,NA
"Lesser Noddy",NA,NA,NA,NA
"Lesser Racket-tailed Drongo",NA,NA,NA,NA
"Lesser Shortwing",NA,NA,NA,NA
"Lesser Whistling-Duck","Insufficient Data","Insufficient Data",NA,"Low"
"Lesser White-fronted Goose",NA,NA,NA,NA
"Lesser Whitethroat","Insufficient Data","Insufficient Data",NA,"Low"
"Lesser Yellownape","Insufficient Data","Insufficient Data",NA,"Low"
"Light-mantled Albatross",NA,NA,NA,NA
"Lineated Barbet","Insufficient Data","Insufficient Data",NA,"Low"
"Little Bittern",NA,NA,NA,NA
"Little Bunting",NA,NA,NA,NA
"Little Bustard",NA,NA,NA,NA
"Little Cormorant","Insufficient Data","Insufficient Data",NA,"Low"
"Little Crake",NA,NA,NA,NA
"Little Egret","Insufficient Data","Insufficient Data",NA,"Low"
"Little Forktail","Insufficient Data","Insufficient Data",NA,"Low"
"Little Grebe","Insufficient Data","Insufficient Data",NA,"Low"
"Little Gull",NA,NA,NA,NA
"Little Heron","Insufficient Data","Insufficient Data",NA,"Low"
"Little Owl",NA,NA,NA,NA
"Little Pied Flycatcher",NA,NA,NA,NA
"Little Ringed Plover","Insufficient Data","Insufficient Data",NA,"Low"
"Little Spiderhunter",NA,NA,NA,NA
"Little Stint","Insufficient Data","Insufficient Data",NA,"Low"
"Little Swift","Insufficient Data","Insufficient Data",NA,"Low"
"Little Tern",NA,NA,NA,NA
"Long-billed Bush Warbler",NA,NA,NA,NA
"Long-billed Dowitcher",NA,NA,NA,NA
"Long-billed Pipit","Insufficient Data","Insufficient Data",NA,"Low"
"Long-billed Plover",NA,NA,NA,NA
"Long-billed Thrush",NA,NA,NA,NA
"Long-billed Wren-Babbler",NA,NA,NA,NA
"Long-eared Owl",NA,NA,NA,NA
"Long-legged Buzzard","Insufficient Data","Insufficient Data",NA,"Low"
"Long-tailed Broadbill","Insufficient Data","Insufficient Data",NA,"Low"
"Long-tailed Duck",NA,NA,NA,NA
"Long-tailed Jaeger",NA,NA,NA,NA
"Long-tailed Minivet","Insufficient Data","Insufficient Data",NA,"Low"
"Long-tailed Parakeet",NA,NA,NA,NA
"Long-tailed Shrike","Insufficient Data","Insufficient Data",NA,"Low"
"Long-tailed Sibia",NA,NA,NA,NA
"Long-tailed Thrush",NA,NA,NA,NA
"Long-toed Stint",NA,NA,NA,NA
"Loten's Sunbird",NA,NA,NA,NA
"Malabar Barbet",NA,NA,NA,NA
"Malabar Gray Hornbill",NA,NA,NA,NA
"Malabar Imperial-Pigeon",NA,NA,NA,NA
"Malabar Lark",NA,NA,NA,NA
"Malabar Parakeet",NA,NA,NA,NA
"Malabar Pied-Hornbill",NA,NA,NA,NA
"Malabar Starling",NA,NA,NA,NA
"Malabar Trogon",NA,NA,NA,NA
"Malabar Whistling-Thrush",NA,NA,NA,NA
"Malabar Woodshrike",NA,NA,NA,NA
"Malayan Night Heron",NA,NA,NA,NA
"Mallard","Insufficient Data","Insufficient Data",NA,"Low"
"Manchurian Bush Warbler",NA,NA,NA,NA
"Mandarin Duck",NA,NA,NA,NA
"Mangrove Pitta",NA,NA,NA,NA
"Mangrove Whistler",NA,NA,NA,NA
"Manipur Bush-Quail",NA,NA,NA,NA
"Manipur Fulvetta",NA,NA,NA,NA
"Marbled Duck",NA,NA,NA,NA
"Maroon Oriole",NA,NA,NA,NA
"Maroon-backed Accentor",NA,NA,NA,NA
"Marsh Babbler",NA,NA,NA,NA
"Marsh Sandpiper",NA,NA,NA,NA
"Masked Booby",NA,NA,NA,NA
"Masked Finfoot",NA,NA,NA,NA
"Masked Shrike",NA,NA,NA,NA
"Meadow Pipit",NA,NA,NA,NA
"Medium Egret","Insufficient Data","Insufficient Data",NA,"Low"
"Merlin",NA,NA,NA,NA
"Mishmi Wren-Babbler",NA,NA,NA,NA
"Mistle Thrush","Insufficient Data","Insufficient Data",NA,"Low"
"Mongolian Finch",NA,NA,NA,NA
"Mongolian Gull",NA,NA,NA,NA
"Mongolian Short-toed Lark",NA,NA,NA,NA
"Montagu's Harrier",NA,NA,NA,NA
"Mottled Wood-Owl",NA,NA,NA,NA
"Mount Victoria Babax",NA,NA,NA,NA
"Mountain Bamboo-Partridge",NA,NA,NA,NA
"Mountain Bulbul",NA,NA,NA,NA
"Mountain Chiffchaff",NA,NA,NA,NA
"Mountain Hawk-Eagle","Insufficient Data","Insufficient Data",NA,"Moderate"
"Mountain Imperial-Pigeon",NA,NA,NA,NA
"Mountain Scops-Owl",NA,NA,NA,NA
"Mountain Tailorbird",NA,NA,NA,NA
"Moustached Laughingthrush",NA,NA,NA,NA
"Moustached Warbler",NA,NA,NA,NA
"Mrs. Gould's Sunbird","Insufficient Data","Insufficient Data",NA,"Low"
"Mrs. Hume's Pheasant",NA,NA,NA,NA
"Mugimaki Flycatcher",NA,NA,NA,NA
"Mute Swan",NA,NA,NA,NA
"Naga Wren-Babbler",NA,NA,NA,NA
"Namaqua Dove",NA,NA,NA,NA
"Narcondam Hornbill",NA,NA,NA,NA
"Naumann's Thrush",NA,NA,NA,NA
"Nepal Fulvetta",NA,NA,NA,NA
"Nepal House-Martin",NA,NA,NA,NA
"Nicobar Bulbul",NA,NA,NA,NA
"Nicobar Imperial-Pigeon",NA,NA,NA,NA
"Nicobar Jungle Flycatcher",NA,NA,NA,NA
"Nicobar Megapode",NA,NA,NA,NA
"Nicobar Parakeet",NA,NA,NA,NA
"Nicobar Pigeon",NA,NA,NA,NA
"Nicobar Scops-Owl",NA,NA,NA,NA
"Nicobar Serpent-Eagle",NA,NA,NA,NA
"Nicobar Sparrowhawk",NA,NA,NA,NA
"Nilgiri Flowerpecker",NA,NA,NA,NA
"Nilgiri Flycatcher",NA,NA,NA,NA
"Nilgiri Laughingthrush",NA,NA,NA,NA
"Nilgiri Pipit",NA,NA,NA,NA
"Nilgiri Sholakili",NA,NA,NA,NA
"Nilgiri Thrush",NA,NA,NA,NA
"Nilgiri Wood-Pigeon",NA,NA,NA,NA
"Nordmann's Greenshank",NA,NA,NA,NA
"Northern Lapwing","Insufficient Data","Insufficient Data",NA,"Moderate"
"Northern Pintail","Insufficient Data","Insufficient Data",NA,"Low"
"Northern Shoveler","Insufficient Data","Insufficient Data",NA,"Low"
"Northern Wheatear",NA,NA,NA,NA
"Olive-backed Pipit","Insufficient Data","Insufficient Data",NA,"Low"
"Orange Bullfinch","Insufficient Data","Insufficient Data",NA,"Moderate"
"Orange Minivet",NA,NA,NA,NA
"Orange-bellied Leafbird",NA,NA,NA,NA
"Orange-breasted Green-Pigeon",NA,NA,NA,NA
"Orange-headed Thrush","Insufficient Data","Insufficient Data",NA,"Low"
"Oriental Bay-Owl",NA,NA,NA,NA
"Oriental Darter","Insufficient Data","Insufficient Data",NA,"Moderate"
"Oriental Hobby",NA,NA,NA,NA
"Oriental Honey-buzzard","Insufficient Data","Insufficient Data",NA,"Low"
"Oriental Magpie-Robin","Insufficient Data","Insufficient Data",NA,"Low"
"Oriental Pied-Hornbill",NA,NA,NA,NA
"Oriental Plover",NA,NA,NA,NA
"Oriental Pratincole",NA,NA,NA,NA
"Oriental Reed Warbler",NA,NA,NA,NA
"Oriental Scops-Owl",NA,NA,NA,NA
"Oriental Skylark","Insufficient Data","Insufficient Data",NA,"Low"
"Oriental Turtle-Dove","Insufficient Data","Insufficient Data",NA,"Low"
"Ornate Sunbird",NA,NA,NA,NA
"Ortolan Bunting",NA,NA,NA,NA
"Osprey","Insufficient Data","Insufficient Data",NA,"Low"
"Pacific Golden-Plover",NA,NA,NA,NA
"Pacific Reef-Heron",NA,NA,NA,NA
"Pacific Swallow",NA,NA,NA,NA
"Pacific Swift",NA,NA,NA,NA
"Paddyfield Pipit","Insufficient Data","Insufficient Data",NA,"Low"
"Paddyfield Warbler","Insufficient Data","Insufficient Data",NA,"Low"
"Painted Bush-Quail",NA,NA,NA,NA
"Painted Francolin",NA,NA,NA,NA
"Painted Sandgrouse",NA,NA,NA,NA
"Painted Spurfowl",NA,NA,NA,NA
"Painted Stork","Insufficient Data","Insufficient Data",NA,"Moderate"
"Palani Laughingthrush",NA,NA,NA,NA
"Pale Blue Flycatcher",NA,NA,NA,NA
"Pale Martin",NA,NA,NA,NA
"Pale Rockfinch",NA,NA,NA,NA
"Pale Rosefinch",NA,NA,NA,NA
"Pale-billed Flowerpecker","Insufficient Data","Insufficient Data",NA,"Moderate"
"Pale-billed Parrotbill",NA,NA,NA,NA
"Pale-capped Pigeon",NA,NA,NA,NA
"Pale-chinned Flycatcher",NA,NA,NA,NA
"Pale-footed Bush Warbler",NA,NA,NA,NA
"Pale-headed Woodpecker",NA,NA,NA,NA
"Pale-legged Leaf Warbler",NA,NA,NA,NA
"Pallas's Fish-Eagle","Insufficient Data","Insufficient Data",NA,"High"
"Pallas's Grasshopper Warbler",NA,NA,NA,NA
"Pallas's Gull","Insufficient Data","Insufficient Data",NA,"Low"
"Pallas's Leaf Warbler",NA,NA,NA,NA
"Pallas's Sandgrouse",NA,NA,NA,NA
"Pallid Harrier",NA,NA,NA,NA
"Pallid Scops-Owl",NA,NA,NA,NA
"Parasitic Jaeger",NA,NA,NA,NA
"Pectoral Sandpiper",NA,NA,NA,NA
"Peregrine Falcon","Insufficient Data","Insufficient Data",NA,"Low"
"Persian Shearwater",NA,NA,NA,NA
"Persian Wheatear",NA,NA,NA,NA
"Pheasant-tailed Jacana","Insufficient Data","Insufficient Data",NA,"Low"
"Pied Avocet",NA,NA,NA,NA
"Pied Bushchat","Insufficient Data","Rapid Decline",NA,"Moderate"
"Pied Crow",NA,NA,NA,NA
"Pied Cuckoo","Insufficient Data","Insufficient Data",NA,"Low"
"Pied Falconet",NA,NA,NA,NA
"Pied Harrier",NA,NA,NA,NA
"Pied Imperial-Pigeon",NA,NA,NA,NA
"Pied Kingfisher","Insufficient Data","Insufficient Data",NA,"Low"
"Pied Thrush",NA,NA,NA,NA
"Pied Triller",NA,NA,NA,NA
"Pied Wheatear",NA,NA,NA,NA
"Pin-striped Tit-Babbler",NA,NA,NA,NA
"Pin-tailed Green-Pigeon",NA,NA,NA,NA
"Pin-tailed Sandgrouse",NA,NA,NA,NA
"Pin-tailed Snipe",NA,NA,NA,NA
"Pine Bunting",NA,NA,NA,NA
"Pink-browed Rosefinch","Insufficient Data","Insufficient Data",NA,"Moderate"
"Pink-headed Duck",NA,NA,NA,NA
"Pink-rumped Rosefinch",NA,NA,NA,NA
"Plain Flowerpecker",NA,NA,NA,NA
"Plain Leaf Warbler",NA,NA,NA,NA
"Plain Mountain Finch","Insufficient Data","Insufficient Data",NA,"Low"
"Plain Prinia","Insufficient Data","Insufficient Data",NA,"Low"
"Plaintive Cuckoo",NA,NA,NA,NA
"Plum-headed Parakeet","Insufficient Data","Trend Inconclusive",NA,"Low"
"Plumbeous Redstart","Insufficient Data","Insufficient Data",NA,"Low"
"Plume-toed Swiftlet",NA,NA,NA,NA
"Pomarine Jaeger",NA,NA,NA,NA
"Puff-throated Babbler","Insufficient Data","Insufficient Data",NA,"Low"
"Purple Cochoa",NA,NA,NA,NA
"Purple Heron","Insufficient Data","Insufficient Data",NA,"Low"
"Purple Sunbird","Insufficient Data","Insufficient Data",NA,"Low"
"Purple-rumped Sunbird",NA,NA,NA,NA
"Pygmy Cupwing",NA,NA,NA,NA
"Pygmy Flycatcher",NA,NA,NA,NA
"Rain Quail",NA,NA,NA,NA
"Red Avadavat","Insufficient Data","Insufficient Data",NA,"Low"
"Red Collared-Dove","Insufficient Data","Insufficient Data",NA,"Low"
"Red Crossbill",NA,NA,NA,NA
"Red Junglefowl","Insufficient Data","Insufficient Data",NA,"Low"
"Red Kite",NA,NA,NA,NA
"Red Knot",NA,NA,NA,NA
"Red Phalarope",NA,NA,NA,NA
"Red Spurfowl",NA,NA,NA,NA
"Red-backed Shrike",NA,NA,NA,NA
"Red-billed Blue-Magpie","Insufficient Data","Insufficient Data",NA,"Low"
"Red-billed Chough","Insufficient Data","Insufficient Data",NA,"Low"
"Red-billed Leiothrix","Insufficient Data","Insufficient Data",NA,"Low"
"Red-billed Scimitar-Babbler",NA,NA,NA,NA
"Red-billed Starling",NA,NA,NA,NA
"Red-billed Tropicbird",NA,NA,NA,NA
"Red-breasted Flycatcher","Insufficient Data","Insufficient Data",NA,"Low"
"Red-breasted Goose",NA,NA,NA,NA
"Red-breasted Merganser",NA,NA,NA,NA
"Red-breasted Parakeet",NA,NA,NA,NA
"Red-crested Pochard","Insufficient Data","Insufficient Data",NA,"Low"
"Red-faced Liocichla",NA,NA,NA,NA
"Red-flanked Bluetail",NA,NA,NA,NA
"Red-footed Booby",NA,NA,NA,NA
"Red-footed Falcon",NA,NA,NA,NA
"Red-fronted Rosefinch",NA,NA,NA,NA
"Red-headed Bullfinch","Insufficient Data","Insufficient Data",NA,"Moderate"
"Red-headed Bunting",NA,NA,NA,NA
"Red-headed Trogon",NA,NA,NA,NA
"Red-headed Vulture",NA,NA,NA,NA
"Red-legged Crake",NA,NA,NA,NA
"Red-naped Ibis","Insufficient Data","Insufficient Data",NA,"Moderate"
"Red-necked Falcon","Insufficient Data","Insufficient Data",NA,"Moderate"
"Red-necked Grebe",NA,NA,NA,NA
"Red-necked Phalarope",NA,NA,NA,NA
"Red-necked Stint",NA,NA,NA,NA
"Red-tailed Minla",NA,NA,NA,NA
"Red-tailed Shrike",NA,NA,NA,NA
"Red-tailed Tropicbird",NA,NA,NA,NA
"Red-throated Loon",NA,NA,NA,NA
"Red-throated Pipit",NA,NA,NA,NA
"Red-throated Thrush","Insufficient Data","Insufficient Data",NA,"Moderate"
"Red-vented Bulbul","Insufficient Data","Insufficient Data",NA,"Low"
"Red-wattled Lapwing","Insufficient Data","Insufficient Data",NA,"Low"
"Red-whiskered Bulbul",NA,NA,NA,NA
"Reed Bunting",NA,NA,NA,NA
"Richard's Pipit",NA,NA,NA,NA
"River Lapwing","Insufficient Data","Insufficient Data",NA,"Moderate"
"River Tern","Insufficient Data","Insufficient Data",NA,"Moderate"
"Robin Accentor","Insufficient Data","Insufficient Data",NA,"Low"
"Rock Bunting","Insufficient Data","Insufficient Data",NA,"Low"
"Rock Bush-Quail",NA,NA,NA,NA
"Rock Eagle-Owl",NA,NA,NA,NA
"Rock Pigeon","Insufficient Data","Insufficient Data",NA,"Low"
"Rock Sparrow",NA,NA,NA,NA
"Rook",NA,NA,NA,NA
"Rose-ringed Parakeet","Insufficient Data","Insufficient Data",NA,"Low"
"Roseate Tern",NA,NA,NA,NA
"Rosy Minivet","Insufficient Data","Insufficient Data",NA,"Low"
"Rosy Pipit","Insufficient Data","Insufficient Data",NA,"Low"
"Rosy Starling",NA,NA,NA,NA
"Rough-legged Hawk",NA,NA,NA,NA
"Ruby-cheeked Sunbird",NA,NA,NA,NA
"Ruddy Kingfisher",NA,NA,NA,NA
"Ruddy Shelduck","Insufficient Data","Insufficient Data",NA,"Low"
"Ruddy Turnstone",NA,NA,NA,NA
"Ruddy-breasted Crake","Insufficient Data","Insufficient Data",NA,"Low"
"Rufescent Prinia",NA,NA,NA,NA
"Ruff","Insufficient Data","Insufficient Data",NA,"Low"
"Rufous Babbler",NA,NA,NA,NA
"Rufous Sibia","Insufficient Data","Trend Inconclusive",NA,"Low"
"Rufous Treepie","Insufficient Data","Trend Inconclusive",NA,"Low"
"Rufous Woodpecker",NA,NA,NA,NA
"Rufous-backed Dwarf-Kingfisher",NA,NA,NA,NA
"Rufous-backed Redstart",NA,NA,NA,NA
"Rufous-backed Sibia",NA,NA,NA,NA
"Rufous-bellied Eagle",NA,NA,NA,NA
"Rufous-bellied Niltava","Insufficient Data","Insufficient Data",NA,"Low"
"Rufous-bellied Woodpecker",NA,NA,NA,NA
"Rufous-breasted Accentor","Insufficient Data","Insufficient Data",NA,"Low"
"Rufous-breasted Bush-Robin",NA,NA,NA,NA
"Rufous-capped Babbler",NA,NA,NA,NA
"Rufous-chinned Laughingthrush",NA,NA,NA,NA
"Rufous-crowned Prinia",NA,NA,NA,NA
"Rufous-faced Warbler",NA,NA,NA,NA
"Rufous-fronted Babbler",NA,NA,NA,NA
"Rufous-fronted Prinia",NA,NA,NA,NA
"Rufous-gorgeted Flycatcher","Insufficient Data","Insufficient Data",NA,"Low"
"Rufous-headed Parrotbill",NA,NA,NA,NA
"Rufous-naped Tit","Insufficient Data","Insufficient Data",NA,"Low"
"Rufous-necked Hornbill",NA,NA,NA,NA
"Rufous-necked Laughingthrush",NA,NA,NA,NA
"Rufous-necked Snowfinch",NA,NA,NA,NA
"Rufous-tailed Lark",NA,NA,NA,NA
"Rufous-tailed Rock-Thrush",NA,NA,NA,NA
"Rufous-tailed Scrub-Robin",NA,NA,NA,NA
"Rufous-throated Fulvetta",NA,NA,NA,NA
"Rufous-throated Partridge",NA,NA,NA,NA
"Rufous-throated Wren-Babbler",NA,NA,NA,NA
"Rufous-vented Grass Babbler","Insufficient Data","Insufficient Data",NA,"Moderate"
"Rufous-vented Laughingthrush",NA,NA,NA,NA
"Rufous-vented Tit",NA,NA,NA,NA
"Rufous-vented Yuhina",NA,NA,NA,NA
"Rufous-winged Buzzard",NA,NA,NA,NA
"Rufous-winged Fulvetta",NA,NA,NA,NA
"Russet Bush Warbler",NA,NA,NA,NA
"Russet Sparrow","Insufficient Data","Insufficient Data",NA,"Low"
"Rustic Bunting",NA,NA,NA,NA
"Rusty-bellied Shortwing",NA,NA,NA,NA
"Rusty-capped Fulvetta",NA,NA,NA,NA
"Rusty-cheeked Scimitar-Babbler","Insufficient Data","Insufficient Data",NA,"Low"
"Rusty-flanked Treecreeper",NA,NA,NA,NA
"Rusty-fronted Barwing",NA,NA,NA,NA
"Rusty-tailed Flycatcher","Insufficient Data","Insufficient Data",NA,"Low"
"Sabine's Gull",NA,NA,NA,NA
"Saker Falcon",NA,NA,NA,NA
"Sakhalin Leaf Warbler",NA,NA,NA,NA
"Sand Lark","Insufficient Data","Insufficient Data",NA,"Low"
"Sanderling",NA,NA,NA,NA
"Sandwich Tern",NA,NA,NA,NA
"Sapphire Flycatcher",NA,NA,NA,NA
"Sarus Crane","Insufficient Data","Insufficient Data",NA,"Moderate"
"Satyr Tragopan",NA,NA,NA,NA
"Saunders's Tern",NA,NA,NA,NA
"Savanna Nightjar",NA,NA,NA,NA
"Scaly Laughingthrush",NA,NA,NA,NA
"Scaly Thrush","Insufficient Data","Insufficient Data",NA,"Low"
"Scaly-bellied Woodpecker","Stable","Decline",NA,"Moderate"
"Scaly-breasted Cupwing","Insufficient Data","Insufficient Data",NA,"Low"
"Scaly-breasted Munia","Insufficient Data","Insufficient Data",NA,"Low"
"Scarlet Finch",NA,NA,NA,NA
"Scarlet Minivet",NA,NA,NA,NA
"Scarlet-backed Flowerpecker",NA,NA,NA,NA
"Sclater's Monal",NA,NA,NA,NA
"Sedge Warbler",NA,NA,NA,NA
"Sharp-tailed Sandpiper",NA,NA,NA,NA
"Shikra","Insufficient Data","Insufficient Data",NA,"Low"
"Short-billed Minivet",NA,NA,NA,NA
"Short-eared Owl",NA,NA,NA,NA
"Short-tailed Shearwater",NA,NA,NA,NA
"Short-toed Snake-Eagle","Insufficient Data","Insufficient Data",NA,"Low"
"Siberian Blue Robin",NA,NA,NA,NA
"Siberian Crane",NA,NA,NA,NA
"Siberian Pipit",NA,NA,NA,NA
"Siberian Rubythroat",NA,NA,NA,NA
"Siberian Stonechat","Insufficient Data","Insufficient Data",NA,"Low"
"Siberian Thrush",NA,NA,NA,NA
"Sichuan Leaf Warbler",NA,NA,NA,NA
"Sikkim Treecreeper",NA,NA,NA,NA
"Sikkim Wedge-billed Babbler",NA,NA,NA,NA
"Sillem's Rosefinch",NA,NA,NA,NA
"Silver-backed Needletail",NA,NA,NA,NA
"Silver-eared Mesia",NA,NA,NA,NA
"Sind Sparrow","Insufficient Data","Insufficient Data",NA,"Moderate"
"Sind Woodpecker",NA,NA,NA,NA
"Singing Bushlark",NA,NA,NA,NA
"Sirkeer Malkoha","Insufficient Data","Insufficient Data",NA,"Moderate"
"Slaty-backed Flycatcher",NA,NA,NA,NA
"Slaty-backed Forktail",NA,NA,NA,NA
"Slaty-bellied Tesia",NA,NA,NA,NA
"Slaty-blue Flycatcher","Insufficient Data","Insufficient Data",NA,"Low"
"Slaty-breasted Rail",NA,NA,NA,NA
"Slaty-headed Parakeet","Insufficient Data","Trend Inconclusive",NA,"Low"
"Slaty-legged Crake",NA,NA,NA,NA
"Slender-billed Babbler",NA,NA,NA,NA
"Slender-billed Gull",NA,NA,NA,NA
"Slender-billed Oriole",NA,NA,NA,NA
"Slender-billed Scimitar-Babbler",NA,NA,NA,NA
"Slender-billed Vulture",NA,NA,NA,NA
"Small Buttonquail",NA,NA,NA,NA
"Small Minivet","Insufficient Data","Rapid Decline",NA,"Moderate"
"Small Niltava",NA,NA,NA,NA
"Small Pratincole","Insufficient Data","Insufficient Data",NA,"Low"
"Smew",NA,NA,NA,NA
"Smoky Warbler",NA,NA,NA,NA
"Snow Partridge",NA,NA,NA,NA
"Snow Pigeon","Insufficient Data","Insufficient Data",NA,"Low"
"Snowy-browed Flycatcher",NA,NA,NA,NA
"Snowy-throated Babbler",NA,NA,NA,NA
"Sociable Lapwing",NA,NA,NA,NA
"Solitary Snipe",NA,NA,NA,NA
"Song Thrush",NA,NA,NA,NA
"Sooty Gull",NA,NA,NA,NA
"Sooty Shearwater",NA,NA,NA,NA
"Sooty Tern",NA,NA,NA,NA
"South Polar Skua",NA,NA,NA,NA
"Southern Hill Myna",NA,NA,NA,NA
"Southern Nutcracker",NA,NA,NA,NA
"Spanish Sparrow",NA,NA,NA,NA
"Speckled Piculet","Insufficient Data","Insufficient Data",NA,"Low"
"Speckled Wood-Pigeon","Insufficient Data","Insufficient Data",NA,"Low"
"Spectacled Finch","Insufficient Data","Insufficient Data",NA,"Moderate"
"Spoon-billed Sandpiper",NA,NA,NA,NA
"Spot-bellied Eagle-Owl",NA,NA,NA,NA
"Spot-billed Pelican",NA,NA,NA,NA
"Spot-breasted Fantail",NA,NA,NA,NA
"Spot-breasted Laughingthrush",NA,NA,NA,NA
"Spot-breasted Parrotbill",NA,NA,NA,NA
"Spot-breasted Scimitar-Babbler",NA,NA,NA,NA
"Spot-throated Babbler",NA,NA,NA,NA
"Spot-winged Grosbeak",NA,NA,NA,NA
"Spot-winged Rosefinch",NA,NA,NA,NA
"Spot-winged Starling",NA,NA,NA,NA
"Spotted Bush Warbler",NA,NA,NA,NA
"Spotted Crake",NA,NA,NA,NA
"Spotted Dove","Insufficient Data","Insufficient Data",NA,"Low"
"Spotted Elachura",NA,NA,NA,NA
"Spotted Flycatcher",NA,NA,NA,NA
"Spotted Forktail","Insufficient Data","Insufficient Data",NA,"Low"
"Spotted Laughingthrush",NA,NA,NA,NA
"Spotted Owlet",NA,NA,NA,NA
"Spotted Redshank","Insufficient Data","Insufficient Data",NA,"Low"
"Spotted Sandgrouse",NA,NA,NA,NA
"Square-tailed Bulbul",NA,NA,NA,NA
"Square-tailed Drongo-Cuckoo",NA,NA,NA,NA
"Sri Lanka Bay-Owl",NA,NA,NA,NA
"Sri Lanka Frogmouth",NA,NA,NA,NA
"Steppe Eagle","Insufficient Data","Insufficient Data",NA,"High"
"Stork-billed Kingfisher",NA,NA,NA,NA
"Streak-breasted Scimitar-Babbler",NA,NA,NA,NA
"Streak-throated Barwing",NA,NA,NA,NA
"Streak-throated Swallow","Insufficient Data","Insufficient Data",NA,"Low"
"Streak-throated Woodpecker","Insufficient Data","Insufficient Data",NA,"Low"
"Streaked Laughingthrush","Insufficient Data","Insufficient Data",NA,"Moderate"
"Streaked Rosefinch",NA,NA,NA,NA
"Streaked Shearwater",NA,NA,NA,NA
"Streaked Spiderhunter",NA,NA,NA,NA
"Streaked Weaver","Insufficient Data","Insufficient Data",NA,"Low"
"Streaked Wren-Babbler",NA,NA,NA,NA
"Striated Babbler","Insufficient Data","Insufficient Data",NA,"Low"
"Striated Bulbul",NA,NA,NA,NA
"Striated Grassbird","Insufficient Data","Insufficient Data",NA,"Low"
"Striated Laughingthrush",NA,NA,NA,NA
"Striated Yuhina",NA,NA,NA,NA
"Striolated Bunting",NA,NA,NA,NA
"Stripe-breasted Woodpecker",NA,NA,NA,NA
"Stripe-throated Yuhina",NA,NA,NA,NA
"Striped Laughingthrush",NA,NA,NA,NA
"Sulphur-bellied Warbler","Insufficient Data","Insufficient Data",NA,"Low"
"Sultan Tit",NA,NA,NA,NA
"Swamp Francolin",NA,NA,NA,NA
"Swamp Grass Babbler",NA,NA,NA,NA
"Swinhoe's Snipe",NA,NA,NA,NA
"Swinhoe's Storm-Petrel",NA,NA,NA,NA
"Sykes's Nightjar",NA,NA,NA,NA
"Sykes's Warbler",NA,NA,NA,NA
"Taiga Bean-Goose",NA,NA,NA,NA
"Taiga Flycatcher",NA,NA,NA,NA
"Tawny Eagle",NA,NA,NA,NA
"Tawny Fish-Owl",NA,NA,NA,NA
"Tawny Lark",NA,NA,NA,NA
"Tawny Owl",NA,NA,NA,NA
"Tawny Pipit","Insufficient Data","Insufficient Data",NA,"Low"
"Tawny-bellied Babbler",NA,NA,NA,NA
"Tawny-breasted Wren-Babbler",NA,NA,NA,NA
"Temminck's Stint","Insufficient Data","Insufficient Data",NA,"Low"
"Temminck's Tragopan",NA,NA,NA,NA
"Terek Sandpiper",NA,NA,NA,NA
"Thick-billed Flowerpecker","Insufficient Data","Insufficient Data",NA,"Low"
"Thick-billed Green-Pigeon",NA,NA,NA,NA
"Thick-billed Warbler",NA,NA,NA,NA
"Three-banded Rosefinch",NA,NA,NA,NA
"Tibetan Blackbird","Insufficient Data","Insufficient Data",NA,"High"
"Tibetan Lark",NA,NA,NA,NA
"Tibetan Partridge",NA,NA,NA,NA
"Tibetan Sand-Plover",NA,NA,NA,NA
"Tibetan Sandgrouse",NA,NA,NA,NA
"Tibetan Serin",NA,NA,NA,NA
"Tibetan Snowcock",NA,NA,NA,NA
"Tickell's Blue Flycatcher","Insufficient Data","Insufficient Data",NA,"Moderate"
"Tickell's Leaf Warbler","Insufficient Data","Insufficient Data",NA,"Low"
"Tickell's Thrush","Insufficient Data","Insufficient Data",NA,"Moderate"
"Tree Pipit","Insufficient Data","Insufficient Data",NA,"Low"
"Tricolored Munia","Insufficient Data","Insufficient Data",NA,"Moderate"
"Tristram's Bunting",NA,NA,NA,NA
"Tropical Shearwater",NA,NA,NA,NA
"Trumpeter Finch",NA,NA,NA,NA
"Tufted Duck","Insufficient Data","Insufficient Data",NA,"Low"
"Tundra Bean-Goose",NA,NA,NA,NA
"Tundra Swan",NA,NA,NA,NA
"Turkestan Short-toed Lark",NA,NA,NA,NA
"Twite","Insufficient Data","Insufficient Data",NA,"Moderate"
"Two-barred Warbler",NA,NA,NA,NA
"Tytler's Leaf Warbler","Insufficient Data","Insufficient Data",NA,"Moderate"
"Ultramarine Flycatcher","Insufficient Data","Insufficient Data",NA,"Low"
"Upland Buzzard",NA,NA,NA,NA
"Upland Pipit","Insufficient Data","Insufficient Data",NA,"Low"
"Van Hasselt's Sunbird",NA,NA,NA,NA
"Variable Wheatear","Insufficient Data","Insufficient Data",NA,"Low"
"Variegated Laughingthrush","Insufficient Data","Trend Inconclusive",NA,"Low"
"Velvet-fronted Nuthatch",NA,NA,NA,NA
"Verditer Flycatcher","Insufficient Data","Insufficient Data",NA,"Low"
"Vernal Hanging-Parrot",NA,NA,NA,NA
"Vigors's Sunbird",NA,NA,NA,NA
"Vinaceous Rosefinch",NA,NA,NA,NA
"Violet Cuckoo",NA,NA,NA,NA
"Wallcreeper","Insufficient Data","Insufficient Data",NA,"Low"
"Ward's Trogon",NA,NA,NA,NA
"Water Pipit",NA,NA,NA,NA
"Water Rail",NA,NA,NA,NA
"Watercock",NA,NA,NA,NA
"Wayanad Laughingthrush",NA,NA,NA,NA
"Wedge-tailed Green-Pigeon","Insufficient Data","Insufficient Data",NA,"Low"
"Wedge-tailed Shearwater",NA,NA,NA,NA
"West Himalayan Bush Warbler",NA,NA,NA,NA
"Western Crowned Warbler","Insufficient Data","Insufficient Data",NA,"Low"
"Western Hooded Pitta",NA,NA,NA,NA
"Western House-Martin",NA,NA,NA,NA
"Western Marsh Harrier","Insufficient Data","Insufficient Data",NA,"Low"
"Western Reef-Heron",NA,NA,NA,NA
"Western Tragopan","Insufficient Data","Insufficient Data",NA,"High"
"Western Yellow Wagtail","Insufficient Data","Insufficient Data",NA,"Low"
"Whinchat",NA,NA,NA,NA
"Whiskered Tern","Insufficient Data","Insufficient Data",NA,"Low"
"Whiskered Yuhina","Insufficient Data","Insufficient Data",NA,"Low"
"Whistler's Warbler","Insufficient Data","Insufficient Data",NA,"Low"
"White Stork",NA,NA,NA,NA
"White Wagtail","Insufficient Data","Insufficient Data",NA,"Low"
"White-backed Thrush",NA,NA,NA,NA
"White-bellied Blue Flycatcher",NA,NA,NA,NA
"White-bellied Drongo",NA,NA,NA,NA
"White-bellied Erpornis",NA,NA,NA,NA
"White-bellied Heron",NA,NA,NA,NA
"White-bellied Minivet",NA,NA,NA,NA
"White-bellied Redstart","Insufficient Data","Insufficient Data",NA,"Moderate"
"White-bellied Sea-Eagle",NA,NA,NA,NA
"White-bellied Sholakili",NA,NA,NA,NA
"White-bellied Treepie",NA,NA,NA,NA
"White-bellied Woodpecker",NA,NA,NA,NA
"White-breasted Parrotbill",NA,NA,NA,NA
"White-breasted Waterhen","Insufficient Data","Insufficient Data",NA,"Low"
"White-breasted Woodswallow",NA,NA,NA,NA
"White-browed Bulbul",NA,NA,NA,NA
"White-browed Bush-Robin",NA,NA,NA,NA
"White-browed Bushchat",NA,NA,NA,NA
"White-browed Crake",NA,NA,NA,NA
"White-browed Fantail","Insufficient Data","Insufficient Data",NA,"Low"
"White-browed Fulvetta",NA,NA,NA,NA
"White-browed Laughingthrush",NA,NA,NA,NA
"White-browed Piculet",NA,NA,NA,NA
"White-browed Scimitar-Babbler","Insufficient Data","Insufficient Data",NA,"Low"
"White-browed Shrike-Babbler","Insufficient Data","Insufficient Data",NA,"Low"
"White-browed Tit-Warbler",NA,NA,NA,NA
"White-browed Wagtail","Insufficient Data","Insufficient Data",NA,"Moderate"
"White-capped Bunting","Insufficient Data","Insufficient Data",NA,"Low"
"White-capped Redstart","Insufficient Data","Insufficient Data",NA,"Low"
"White-cheeked Barbet",NA,NA,NA,NA
"White-cheeked Nuthatch","Insufficient Data","Insufficient Data",NA,"Moderate"
"White-cheeked Partridge",NA,NA,NA,NA
"White-cheeked Starling",NA,NA,NA,NA
"White-cheeked Tern",NA,NA,NA,NA
"White-cheeked Tit",NA,NA,NA,NA
"White-collared Blackbird",NA,NA,NA,NA
"White-crested Laughingthrush","Insufficient Data","Insufficient Data",NA,"Low"
"White-crowned Forktail",NA,NA,NA,NA
"White-crowned Penduline-Tit",NA,NA,NA,NA
"White-eared Bulbul",NA,NA,NA,NA
"White-eared Night Heron",NA,NA,NA,NA
"White-eyed Buzzard","Insufficient Data","Insufficient Data",NA,"Low"
"White-eyed Gull",NA,NA,NA,NA
"White-faced Storm-Petrel",NA,NA,NA,NA
"White-gorgeted Flycatcher",NA,NA,NA,NA
"White-headed Duck",NA,NA,NA,NA
"White-headed Starling",NA,NA,NA,NA
"White-hooded Babbler",NA,NA,NA,NA
"White-naped Tit",NA,NA,NA,NA
"White-naped Woodpecker",NA,NA,NA,NA
"White-naped Yuhina",NA,NA,NA,NA
"White-nest Swiftlet",NA,NA,NA,NA
"White-rumped Munia",NA,NA,NA,NA
"White-rumped Shama",NA,NA,NA,NA
"White-rumped Snowfinch",NA,NA,NA,NA
"White-rumped Spinetail",NA,NA,NA,NA
"White-rumped Vulture","Insufficient Data","Insufficient Data",NA,"High"
"White-shouldered Starling",NA,NA,NA,NA
"White-spectacled Warbler",NA,NA,NA,NA
"White-tailed Eagle",NA,NA,NA,NA
"White-tailed Flycatcher",NA,NA,NA,NA
"White-tailed Iora",NA,NA,NA,NA
"White-tailed Lapwing","Insufficient Data","Insufficient Data",NA,"Low"
"White-tailed Nuthatch",NA,NA,NA,NA
"White-tailed Robin",NA,NA,NA,NA
"White-tailed Stonechat","Insufficient Data","Insufficient Data",NA,"Low"
"White-tailed Tropicbird",NA,NA,NA,NA
"White-throated Bulbul",NA,NA,NA,NA
"White-throated Bushchat",NA,NA,NA,NA
"White-throated Dipper","Insufficient Data","Insufficient Data",NA,"Low"
"White-throated Fantail","Insufficient Data","Insufficient Data",NA,"Low"
"White-throated Kingfisher","Insufficient Data","Insufficient Data",NA,"Low"
"White-throated Laughingthrush","Insufficient Data","Insufficient Data",NA,"Low"
"White-throated Needletail",NA,NA,NA,NA
"White-throated Redstart",NA,NA,NA,NA
"White-throated Tit","Insufficient Data","Insufficient Data",NA,"Moderate"
"White-winged Duck",NA,NA,NA,NA
"White-winged Grosbeak",NA,NA,NA,NA
"White-winged Redstart",NA,NA,NA,NA
"White-winged Tern",NA,NA,NA,NA
"Whooper Swan",NA,NA,NA,NA
"Willow Warbler",NA,NA,NA,NA
"Wilson's Storm-Petrel",NA,NA,NA,NA
"Wire-tailed Swallow","Insufficient Data","Insufficient Data",NA,"Low"
"Wood Sandpiper","Insufficient Data","Insufficient Data",NA,"Low"
"Wood Snipe",NA,NA,NA,NA
"Wood Warbler",NA,NA,NA,NA
"Woodchat Shrike",NA,NA,NA,NA
"Wreathed Hornbill",NA,NA,NA,NA
"Yellow Bittern","Insufficient Data","Insufficient Data",NA,"Low"
"Yellow-bellied Fairy-Fantail","Insufficient Data","Insufficient Data",NA,"Low"
"Yellow-bellied Flowerpecker",NA,NA,NA,NA
"Yellow-bellied Prinia","Insufficient Data","Insufficient Data",NA,"Low"
"Yellow-bellied Warbler",NA,NA,NA,NA
"Yellow-billed Babbler",NA,NA,NA,NA
"Yellow-billed Blue-Magpie","Insufficient Data","Trend Inconclusive",NA,"Low"
"Yellow-billed Chough","Insufficient Data","Insufficient Data",NA,"Low"
"Yellow-breasted Bunting",NA,NA,NA,NA
"Yellow-breasted Greenfinch","Insufficient Data","Decline",NA,"Moderate"
"Yellow-browed Bulbul",NA,NA,NA,NA
"Yellow-browed Bunting",NA,NA,NA,NA
"Yellow-browed Tit",NA,NA,NA,NA
"Yellow-browed Warbler",NA,NA,NA,NA
"Yellow-cheeked Tit",NA,NA,NA,NA
"Yellow-crowned Woodpecker","Insufficient Data","Insufficient Data",NA,"Low"
"Yellow-eyed Babbler","Insufficient Data","Insufficient Data",NA,"Low"
"Yellow-eyed Pigeon",NA,NA,NA,NA
"Yellow-footed Green-Pigeon","Insufficient Data","Insufficient Data",NA,"Low"
"Yellow-legged Buttonquail",NA,NA,NA,NA
"Yellow-rumped Flycatcher",NA,NA,NA,NA
"Yellow-rumped Honeyguide",NA,NA,NA,NA
"Yellow-throated Bulbul",NA,NA,NA,NA
"Yellow-throated Fulvetta",NA,NA,NA,NA
"Yellow-throated Laughingthrush",NA,NA,NA,NA
"Yellow-throated Sparrow","Insufficient Data","Insufficient Data",NA,"Low"
"Yellow-vented Flowerpecker",NA,NA,NA,NA
"Yellow-vented Warbler",NA,NA,NA,NA
"Yellow-wattled Lapwing","Insufficient Data","Insufficient Data",NA,"Moderate"
"Yellowhammer",NA,NA,NA,NA
"Yunnan Nuthatch",NA,NA,NA,NA
"Zappey's Flycatcher",NA,NA,NA,NA
"Zitting Cisticola","Insufficient Data","Insufficient Data",NA,"Low"
