"","Species","EOOStartYear","EOOEndYear","LikelyEOO","MaxEOO","EOOMap"
"1","Jerdon's Courser",2004,2025,0,687.88,"list(c(78.92, 78.8243331, 78.8721521923114, 78.92, 14.6, 14.467323, 14.5336663503315, 14.6))"
"2","Sind Woodpecker",2024,2025,81.52,871.23,"list(c(70.1987314, 70.122386, 69.9912624, 70.0121462, 70.0154097, 70.038188, 70.1987314, 26.7123721, 26.6969974, 26.6671557, 26.6168987, 26.6158534, 26.6138238, 26.7123721))"
"3","Lanceolated Warbler",2021,2025,4570.57,30029.33,"list(c(92.7089022, 88.3921481, 88.384617, 88.3833895, 92.70299, 92.7089022, 11.6230323, 22.3638295, 22.3588428, 22.3556806, 11.5054635, 11.6230323))"
"4","Pied Triller",2020,2025,930.83,1583.54,"list(c(93.5776403, 93.5455824, 93.5192536, 93.492279, 93.1267111, 93.1223023, 93.3346687, 93.4016405, 93.5101674, 93.5776403, 7.9949513, 8.0654014, 8.1214317, 8.1694431, 8.3017915, 8.2695919, 8.0021104, 7.9802479, 7.9862536, 7.9949513))"
"5","Rook",2017,2025,2316.3,4695.91,"list(c(75.3391247, 74.7359554, 74.6759176, 74.6940805, 74.9559793, 75.026536, 75.0875452, 75.3391247, 33.0711889, 32.8988047, 32.5562449, 32.5124483, 32.5070659, 32.5116436, 32.5454953, 33.0711889))"
"6","Mrs. Hume's Pheasant",2015,2025,25518.33,33200.27,"list(c(94.9551239, 94.5391989, 94.362181, 92.60653, 92.8298331, 93.0442911, 93.2823738, 94.8643684, 94.9551239, 25.7771587, 25.6183881, 25.541167, 23.69409, 22.8956711, 22.6718577, 23.0473786, 25.608791, 25.7771587))"
"7","Large Blue Flycatcher",2021,2025,29572.38,34922.45,"list(c(96.4445176, 96.3929832, 96.3926446, 95.912447, 92.3882936, 92.4056228, 92.4063175, 92.412126, 92.414745, 92.4197, 96.4051316, 96.405197, 96.4445176, 27.7103447, 27.9550137, 27.9556598, 28.2797046, 27.3422157, 27.0767549, 27.0663894, 27.0176357, 27.0094888, 26.99463, 27.4770977, 27.4771915, 27.7103447))"
"8","Nicobar Sparrowhawk",2021,2025,353.63,1067.29,"list(c(93.547261, 93.5178837, 93.1583745, 93.547261, 8.03097, 8.1802923, 8.2255372, 8.03097))"
"9","Baikal Teal",2020,2025,4349.58,12088.86,"list(c(95.3930228, 95.378473, 95.3615749, 91.633047, 91.6351065, 91.6527239, 92.079863, 95.3545451, 95.3930228, 27.5765143, 27.5793914, 27.5783621, 26.132727, 26.1284477, 26.1140038, 26.208693, 27.4791709, 27.5765143))"
"10","Nicobar Jungle Flycatcher",2022,2025,560.85,1268.44,"list(c(93.9323599, 93.932346, 93.9322561, 93.8848201, 93.7365007, 93.845425, 93.8791092, 93.9323599, 7.0076302, 7.01235, 7.0146792, 7.1449416, 7.1844846, 6.7869842, 6.8158161, 7.0076302))"
"11","Buffy Fish-Owl",2020,2025,862.09,2363.79,"list(c(89.0215563, 88.8460648, 88.7994552, 88.7717638, 88.7610078, 88.7550855, 88.7467491, 88.7826675, 89.0215563, 21.661045, 22.1236464, 22.1370961, 22.1079575, 22.0920147, 22.0617018, 21.9191438, 21.7257759, 21.661045))"
"12","Narcondam Hornbill",2024,2025,4.28,449.65,"list(c(94.2753283, 94.275283, 94.2747975, 94.2690367, 94.254946, 94.250099, 94.2642672, 94.2746777, 94.2753283, 13.4531317, 13.453977, 13.4566632, 13.4608473, 13.456431, 13.438026, 13.4427655, 13.4525028, 13.4531317))"
"13","Arctic Warbler",2022,2025,3407.99,7163.47,"list(c(93.0099498, 93.0075793, 92.9423477, 92.6477636, 92.5292, 92.5601463, 93.0099498, 11.9939753, 11.9987339, 12.0047038, 11.8900277, 10.5209812, 10.5717204, 11.9939753))"
"14","Andaman Crake",2020,2025,11203.93,16929.56,"list(c(93.0458765, 93.0450717, 93.0207181, 92.9594657, 92.9546025, 92.708232, 92.4894773, 92.5044239, 92.5247694, 92.5316798, 92.5632274, 93.0458765, 11.8163803, 13.226619, 13.2758806, 13.3174954, 13.3168665, 12.8991297, 10.7247936, 10.5118752, 10.5205384, 10.528654, 10.571181, 11.8163803))"
"15","Andaman Teal",2015,2025,12853.99,20468.07,"list(c(93.1211279, 93.0470047, 93.0251543, 92.841, 92.7018205, 92.5351175, 92.4894773, 92.5322394, 92.5516093, 92.5611056, 93.1211279, 12.1452849, 13.2315422, 13.2814655, 13.424, 13.0893686, 11.5874627, 10.7247936, 10.5940823, 10.5681801, 10.5872311, 12.1452849))"
"16","Beach Thick-knee",2019,2025,13976.71,21815,"list(c(93.1211279, 93.0739658, 93.0695844, 92.8814306, 92.8169802, 92.7018205, 92.5373793, 92.4894773, 92.5016822, 92.502508, 92.5064711, 92.5195301, 92.5292, 92.5589665, 92.5632274, 93.0615163, 93.1211279, 12.1452849, 13.302785, 13.3072769, 13.4308805, 13.4104549, 13.0893686, 11.5883102, 10.7247936, 10.5111721, 10.5112199, 10.5119952, 10.5158818, 10.5209812, 10.5640395, 10.571181, 11.8204009, 12.1452849))"
"17","Chinese Francolin",2018,2025,5460.24,9618.32,"list(c(94.5747139, 94.5742251, 94.5206827, 93.661733, 93.8887112, 94.2883918, 94.5747139, 25.614469, 25.6152265, 25.6230158, 24.2415288, 24.2446308, 24.3250797, 25.614469))"
"18","Kashmir Nuthatch",2022,2025,23001.71,26989.3,"list(c(75.51134, 75.3860569, 74.1247768, 73.9054416, 74.6287017, 74.7810173, 75.3129552, 75.51134, 33.57891, 34.2589729, 36.2118854, 34.10439, 33.651927, 33.6010016, 33.5788694, 33.57891))"
"19","Tawny Owl",2023,2025,19608.78,24579.15,"list(c(75.51134, 75.3753489, 74.1292462, 74.062754, 74.9090629, 75.51134, 33.57891, 33.9994724, 36.2093336, 34.159421, 33.4091002, 33.57891))"
"20","Long-billed Bush Warbler",2022,2025,1558.58,7749.3,"list(c(76.0543065, 75.9692643, 74.1768122, 74.1750935, 74.1724606, 74.1724758, 76.0543065, 34.0804896, 34.3398786, 36.1664281, 36.1679822, 36.1691889, 36.1669348, 34.0804896))"
"21","Eurasian Nightjar",2017,2025,15125.31,18369.99,"list(c(70.9728616, 70.6311, 69.7256451, 68.9648142, 68.7848819, 68.7919076, 68.8097334, 69.4213885, 69.5501812, 70.9728616, 23.6292971, 24.1167, 23.9222619, 23.6318297, 23.4938576, 23.2204735, 23.2040375, 23.0383668, 23.0677722, 23.6292971))"
"22","Chinese Vivid Niltava",2020,2025,575.66,2757.64,"list(c(96.3898269, 95.9254982, 95.835349, 95.8348869, 96.3898269, 27.7424854, 28.3158616, 28.223688, 28.2228171, 27.7424854))"
"23","Mishmi Wren-Babbler",2016,2025,6675.84,9708.13,"list(c(96.5008754, 96.0920098, 96.0918613, 95.8813359, 95.8663925, 95.8006215, 95.7985497, 95.8534062, 96.3646531, 96.5008754, 28.7472724, 29.1148083, 29.1146624, 28.8163467, 28.7469386, 28.2207717, 28.1880923, 28.1581302, 27.9176285, 28.7472724))"
"24","Moustached Laughingthrush",2015,2025,23939.75,33222.68,"list(c(94.8564559, 94.856, 94.5015852, 94.0021, 92.7857583, 93.0331397, 93.2852044, 94.8564559, 25.8178444, 25.818, 25.8304874, 25.6267, 23.3598967, 22.6417385, 23.0518055, 25.8178444))"
"25","Brown-capped Laughingthrush",2013,2025,17570.25,25259.91,"list(c(94.5407813, 94.0091088, 93.945182, 93.857746, 93.2480564, 93.0443628, 93.2824033, 94.4469, 94.5395749, 94.5407813, 25.639216, 25.6547242, 25.638571, 25.572534, 23.8125716, 22.682493, 23.047375, 25.1138, 25.6182138, 25.639216))"
"26","White-browed Laughingthrush",2021,2025,9842.18,14351.47,"list(c(94.8208958, 94.0295889, 94.0254665, 93.857746, 93.5960031, 94.443992, 94.8208958, 25.7979715, 25.6718648, 25.6698419, 25.572534, 24.1364366, 25.1012346, 25.7979715))"
"27","Hume's Treecreeper",2025,2025,2308.87,3947.86,"list(c(93.3355546, 93.3130167, 93.0331397, 93.1320328, 93.1324132, 93.3212636, 93.3355546, 23.4802672, 23.8593917, 22.6417385, 22.2993453, 22.3006507, 23.1451923, 23.4802672))"
"28","Mount Victoria Babax",2025,2025,117.66,1410.58,"list(c(93.1323095, 93.0521156, 93.0497513, 93.0438197, 93.0331397, 93.1123319, 93.112405, 93.1196311, 93.1323095, 22.3017936, 22.685752, 22.6913014, 22.682402, 22.6417385, 22.2922708, 22.2920833, 22.2928399, 22.3017936))"
"29","Smew",2016,2025,40.16,984.93,"list(c(88.7507343, 88.5973022, 88.594971, 88.5655117, 88.5723433, 88.7507343, 26.5661129, 26.7585527, 26.760227, 26.7587164, 26.7471721, 26.5661129))"
"30","Plain Leaf Warbler",2024,2025,7333.63,9943.11,"list(c(71.0443028, 70.3754554, 70.0102578, 70.0098047, 70.0154097, 70.6676617, 71.02067, 71.0443028, 26.8270902, 27.7740895, 26.6266371, 26.6248732, 26.6158534, 26.5571746, 26.80611, 26.8270902))"
"31","Cetti's Warbler",2015,2025,12211.94,20095.26,"list(c(77.3063707, 75.011228, 74.9588526, 74.9513537, 76.5483459, 76.9198679, 77.3063707, 28.5668688, 31.134401, 31.1520527, 31.1322878, 28.5311458, 28.469415, 28.5668688))"
"32","Nilgiri Laughingthrush",2018,2025,2184.73,4361.64,"list(c(76.9366385, 76.930745, 76.9155314, 76.915015, 76.6262826, 76.6060661, 76.5391942, 76.5127796, 76.4156, 76.4678635, 76.6411342, 76.6418401, 76.90611, 76.9148135, 76.9366385, 11.4519564, 11.479444, 11.5245537, 11.5250218, 11.5120376, 11.5060559, 11.4773691, 11.4268943, 11.17793, 11.1141471, 10.9354539, 10.9356123, 11.3645135, 11.3860016, 11.4519564))"
"33","Siberian Crane",2000,2025,7.08,514.38,"list(c(77.548991, 77.5047197, 77.5249386, 77.548991, 27.146393, 27.21424, 27.1541711, 27.146393))"
"34","Nilgiri Pipit",2012,2025,9665.54,14327.12,"list(c(77.5476837, 76.78141, 76.604148, 76.5062099, 76.4156, 76.9944, 77.2062698, 77.2649145, 77.5059311, 77.5476837, 10.2687118, 11.495466, 11.4717721, 11.3914312, 11.17793, 10.0378, 10.0086094, 10.017539, 10.2261363, 10.2687118))"
"35","Nilgiri Sholakili",2015,2025,21211.33,26246.57,"list(c(76.9446508, 76.915015, 75.7619856, 75.2549744, 75.2728405, 75.6089401, 75.9133517, 76.1301797, 76.4155327, 76.6055319, 76.9137275, 76.918139, 76.931017, 76.9446508, 11.4573234, 11.5250218, 13.547217, 13.2405761, 13.1285112, 12.2176395, 11.6883383, 11.4339232, 11.1778125, 11.211417, 11.366133, 11.3761118, 11.409173, 11.4573234))"
"36","Swamp Grass Babbler",2015,2025,20066.69,29083.29,"list(c(95.71304, 95.4583507, 95.43471, 91.6206458, 91.5737, 91.5576717, 91.5788479, 91.6188359, 93.3837317, 93.6195745, 94.2216005, 95.3556548, 95.587109, 95.71304, 28.06831, 28.0482258, 28.0378, 26.1952296, 26.167873, 26.1352317, 26.1360163, 26.1455671, 26.6061875, 26.6789228, 26.8656399, 27.4884821, 27.7065302, 28.06831))"
"37","Ashambu Laughingthrush",2008,2025,703.63,2254.02,"list(c(77.4849667, 77.2175401, 77.1984919, 77.1691301, 77.13772, 77.369, 77.4849667, 8.4694167, 8.8575775, 8.8332788, 8.7433291, 8.63482899999999, 8.4605167, 8.4694167))"
"38","Western Tragopan",2020,2025,19372.95,29831.07,"list(c(78.9644956, 75.9444136, 74.069159, 74.062754, 74.5038628, 77.3660767, 78.9644956, 30.6749712, 33.22257, 34.1948897, 34.159421, 33.6821558, 31.5618508, 30.6749712))"
"39","Palani Laughingthrush",2015,2025,7453.77,10829.02,"list(c(77.7505449, 77.6913643, 76.9856435, 76.8645492, 76.9099119, 77.2074666, 77.298, 77.4075742, 77.7505449, 10.3061151, 10.4223637, 10.444069, 10.4191278, 10.0956777, 9.319157, 9.30899999999999, 9.505233, 10.3061151))"
"40","Yellowhammer",2021,2025,20526.6,26335.85,"list(c(76.8787653, 75.2948427, 74.3539135, 74.2939756, 74.663866, 76.3357361, 76.8787653, 32.6226806, 34.3014363, 34.3955842, 34.1903085, 33.831556, 32.2060154, 32.6226806))"
"41","White-crowned Penduline-Tit",2018,2025,27867.31,35475.26,"list(c(76.9817162, 76.8569958, 74.8223836, 74.4066842, 74.22166, 76.8860317, 76.8879119, 76.9817162, 28.4714679, 28.7101692, 31.7027697, 30.8910828, 30.3708205, 28.4614824, 28.4606598, 28.4714679))"
"42","Black-bellied Sandgrouse",2015,2025,2199.12,4544,"list(c(70.8060612, 70.6745422, 70.493946, 70.2973361, 70.3065777, 70.4298084, 70.6044457, 70.8060612, 26.905808, 27.1966952, 27.376245, 27.4169897, 27.3747399, 26.8127243, 26.7223719, 26.905808))"
"43","Rufous-backed Redstart",2022,2025,22876.14,29399.39,"list(c(77.1275103, 77.1267003, 75.2948427, 74.6652715, 74.3446442, 74.159958, 75.5787163, 75.6213733, 77.1275103, 32.4780834, 32.4798034, 34.3014363, 34.3807362, 34.3141361, 34.2100879, 32.7107265, 32.6850758, 32.4780834))"
"44","Andaman Bulbul",2014,2025,13373.63,20161.45,"list(c(93.058917, 93.0695844, 93.0422084, 92.8406681, 92.708232, 92.5353123, 92.4726105, 92.5044239, 92.5155808, 92.5292, 92.5319567, 92.5632274, 93.058917, 11.8208007, 13.3072769, 13.634067, 13.4242973, 12.8991297, 11.5799247, 10.7010929, 10.5118752, 10.5135591, 10.5209812, 10.5235496, 10.571181, 11.8208007))"
"45","Andaman Coucal",2012,2025,14169.98,21299.7,"list(c(93.1173706, 93.0756056, 93.0603173, 93.031818, 93.017107, 92.841, 92.7072958, 92.5351175, 92.4894773, 92.502508, 92.5155808, 92.5292, 92.5319567, 92.5632274, 93.0651363, 93.1173706, 12.1386904, 13.3021887, 13.3926027, 13.477962, 13.518591, 13.424, 13.0947506, 11.5874627, 10.7247936, 10.5112199, 10.5135591, 10.5209812, 10.5235496, 10.571181, 11.8250473, 12.1386904))"
"46","Andaman Cuckooshrike",2019,2025,12800.48,17326.71,"list(c(93.1080904, 93.0469967, 93.043463, 93.0011804, 92.9117957, 92.708232, 92.5397414, 92.4894773, 92.5044239, 92.5292, 92.5632274, 93.0613709, 93.1080904, 12.1421016, 13.2289227, 13.2516617, 13.3975281, 13.4011216, 12.8991297, 11.5892181, 10.7247936, 10.5118752, 10.5209812, 10.571181, 11.8212215, 12.1421016))"
"47","Andaman Drongo",2019,2025,13144.99,19982.49,"list(c(93.0855105, 93.074087, 93.0298471, 92.9898658, 92.8857262, 92.8664972, 92.708232, 92.5351175, 92.4894773, 92.5044239, 92.507786, 92.5155808, 92.5292, 92.5319567, 92.5632274, 93.0651363, 93.0855105, 12.2367841, 13.3029363, 13.387978, 13.4110061, 13.4274847, 13.4116029, 12.8991297, 11.5874627, 10.7247936, 10.5118752, 10.512011, 10.5135591, 10.5209812, 10.5235496, 10.571181, 11.8250473, 12.2367841))"
"48","Andaman Treepie",2020,2025,12821.81,19646.31,"list(c(93.0911544, 92.8857262, 92.8664972, 92.708232, 92.5449838, 92.4894773, 92.5044239, 92.5155808, 92.5292, 92.5319567, 92.5632274, 93.0559702, 93.0911544, 13.4158703, 13.4274847, 13.4116029, 12.8991297, 11.5920216, 10.7247936, 10.5118752, 10.5135591, 10.5209812, 10.5235496, 10.571181, 11.8410139, 13.4158703))"
"49","Andaman Serpent-Eagle",2014,2025,13602.81,20710.22,"list(c(93.1139712, 93.0707645, 93.031818, 92.8857262, 92.8664972, 92.708232, 92.5353123, 92.4726105, 92.5044239, 92.507786, 92.51278, 92.5292, 92.5319567, 92.5632274, 93.0651363, 93.1139712, 12.1437243, 13.306191, 13.477962, 13.4274847, 13.4116029, 12.8991297, 11.5799247, 10.7010929, 10.5118752, 10.512011, 10.5140375, 10.5209812, 10.5235496, 10.571181, 11.8250473, 12.1437243))"
"50","White-crowned Forktail",2023,2025,23692.22,29353.99,"list(c(96.9099418, 96.3954763, 95.9180119, 95.2453808, 94.2920839, 94.133684, 93.8580065, 93.8502789, 93.8642022, 95.410081, 96.9099418, 27.2792834, 27.9605716, 28.2941767, 28.1314101, 27.5426561, 27.428585, 27.1878826, 27.1598988, 27.1568632, 27.2236702, 27.2792834))"
"51","Andaman Woodpecker",2014,2025,12416.67,20044.74,"list(c(93.0708182, 93.0473561, 92.8664972, 92.708232, 92.5353123, 92.4726105, 92.5044239, 92.5155808, 92.5292, 92.5319567, 92.5632274, 93.0136663, 93.0276208, 93.0708182, 13.306118, 13.6298974, 13.4116029, 12.8991297, 11.5799247, 10.7010929, 10.5118752, 10.5135591, 10.5209812, 10.5235496, 10.571181, 11.8494022, 11.9530017, 13.306118))"
"52","Nicobar Imperial-Pigeon",2014,2025,12280.75,19392.58,"list(c(93.9467577, 93.6309278, 92.8230849, 92.8166612, 92.8029399, 92.7581047, 93.1148378, 93.8277054, 93.880635, 93.8886026, 93.8998836, 93.9467577, 6.9998255, 8.495005, 9.1717418, 9.1745842, 9.1728193, 9.1638765, 8.2537302, 6.7555616, 6.797353, 6.8047749, 6.8205264, 6.9998255))"
"53","Nicobar Bulbul",2021,2025,2454.31,4145,"list(c(93.6290505, 93.1143728, 93.1148378, 93.319342, 93.4212698, 93.5796566, 93.6290505, 8.4865186, 8.3074403, 8.2537302, 7.9499785, 7.9572192, 7.9780116, 8.4865186))"
"54","Rufous-throated Fulvetta",2015,2025,21201.43,27405.19,"list(c(96.7771667, 96.254934, 95.8534062, 95.76791, 95.3736151, 95.2805934, 94.350912, 94.3563981, 96.7771667, 27.3998333, 27.916213, 28.1581302, 28.20573, 28.1555842, 28.0284368, 26.581284, 26.5653764, 27.3998333))"
"55","Andaman Boobook",2020,2025,11181.7,16989.77,"list(c(93.0595563, 92.8955776, 92.7198725, 92.4894773, 92.5251955, 92.5485112, 92.5601463, 93.0318936, 93.0595563, 13.3426082, 13.4145966, 12.9000392, 10.7247936, 10.5891976, 10.5566357, 10.5717204, 11.8364865, 13.3426082))"
"56","Andaman Shama",2019,2025,12849.05,19915.45,"list(c(93.0566093, 93.0695844, 93.031818, 93.017107, 92.8857262, 92.8664972, 92.708232, 92.5353123, 92.4894773, 92.5044239, 92.5155808, 92.5292, 92.5319567, 92.5632274, 93.0479444, 93.0566093, 11.8419018, 13.3072769, 13.477962, 13.518591, 13.4274847, 13.4116029, 12.8991297, 11.5799247, 10.7247936, 10.5118752, 10.5135591, 10.5209812, 10.5235496, 10.571181, 11.8142621, 11.8419018))"
"57","Andaman Scops-Owl",2022,2025,10557.59,16289.11,"list(c(93.0448713, 93.0426679, 92.9688931, 92.8955776, 92.5449262, 92.4894773, 92.5347911, 92.5396542, 92.5614928, 93.0289714, 93.0448713, 13.2248384, 13.250262, 13.368196, 13.4145966, 11.5950442, 10.7247936, 10.5329652, 10.5391831, 10.5700245, 11.8345765, 13.2248384))"
"58","Freckle-breasted Woodpecker",2016,2025,13055.74,19705.91,"list(c(93.0873315, 93.0473561, 93.0422084, 92.8908456, 92.708232, 92.5450891, 92.4894773, 92.5044239, 92.514602, 92.5292, 92.5319567, 92.5632274, 93.0617744, 93.0873315, 12.2368351, 13.6298974, 13.634067, 13.4169274, 12.8991297, 11.5951416, 10.7247936, 10.5118752, 10.5142833, 10.5209812, 10.5235496, 10.571181, 11.8214874, 12.2368351))"
"59","Van Hasselt's Sunbird",2020,2025,18236.78,19235.24,"list(c(92.3979748, 92.2504608, 90.7449505, 91.3766827, 92.3865796, 92.3979748, 24.3731348, 24.6569754, 25.2307439, 23.2790534, 24.358152, 24.3731348))"
"60","Saunders's Tern",2021,2025,10863.95,15408.3,"list(c(70.2022934, 69.3509, 69.34637, 68.9655446, 68.955153, 69.1969274, 69.7467413, 70.1989752, 70.2022934, 22.6035519, 22.8326, 22.83317, 22.3656244, 22.244555, 21.982389, 21.4933621, 22.5762644, 22.6035519))"
"61","Spot-winged Rosefinch",2018,2025,21199.39,26325.64,"list(c(80.8534253, 79.6061004, 78.7519984, 78.3434572, 78.0736217, 78.2109511, 79.1676154, 79.4782627, 80.8534253, 30.1238989, 30.7289854, 31.0357329, 31.1183888, 31.0931869, 30.8083899, 29.7608437, 29.5127265, 30.1238989))"
"62","Gray-crowned Prinia",2018,2025,21003.43,35824.13,"list(c(84.3866587, 78.1282515, 78.0868882, 78.0604477, 78.0459595, 78.0333429, 79.3480039, 84.3235647, 84.3866587, 27.3274363, 30.4181601, 30.4242918, 30.4259225, 30.4162871, 30.3607787, 29.2843402, 27.3322964, 27.3274363))"
"63","White-throated Bushchat",2021,2025,8743.47,17556.64,"list(c(82.1192773, 82.1145251, 80.1489383, 78.8453223, 78.775604, 81.9749895, 82.1192773, 26.7673938, 26.822067, 28.7341261, 29.5812869, 29.529911, 26.7936417, 26.7673938))"
"64","Caspian Plover",2022,2025,1193.11,8087.07,"list(c(77.7764495, 75.9137093, 75.9981164, 77.7668371, 77.7733111, 77.7764495, 8.422447, 10.7839653, 10.5915959, 8.4142516, 8.4168476, 8.422447))"
"65","Andaman Nightjar",2020,2025,11039.96,17688.2,"list(c(93.0457532, 93.0440298, 93.0031255, 92.8664972, 92.7103481, 92.4894773, 92.5251955, 92.557602, 92.5614928, 93.0184527, 93.0457532, 13.2450995, 13.2508455, 13.3189851, 13.4116029, 13.0900092, 10.7247936, 10.5891976, 10.5640164, 10.5700245, 11.9760036, 13.2450995))"
"66","Snowy-throated Babbler",2021,2025,3985.69,6780.65,"list(c(96.9099418, 96.7771667, 96.4494157, 96.3479436, 95.5963139, 96.9099418, 27.2792834, 27.3998333, 27.6901349, 27.7584647, 27.2562819, 27.2792834))"
"67","White-bellied Sholakili",2015,2025,13078.63,18984.93,"list(c(77.7505449, 76.7105556, 77.19435, 77.2296783, 77.35971, 77.7505449, 10.3061151, 10.4953442, 8.67750000000001, 8.6177979, 8.528007, 10.3061151))"
"68","Blue Pitta",2014,2025,226.23,1593.86,"list(c(92.79504, 92.4466467, 92.3680831, 92.7902199, 92.79504, 23.35471, 23.7049338, 23.6820283, 23.3548398, 23.35471))"
"69","Bugun Liocichla",2017,2025,68.07,786.76,"list(c(92.4713658, 92.4681721, 92.4294389, 92.3979378, 92.3973306, 92.3987269, 92.4036135, 92.414252, 92.4555467, 92.4652719, 92.469606, 92.4713658, 27.1894492, 27.2108465, 27.1875737, 27.1039844, 27.072158, 27.0709284, 27.066965, 27.0625074, 27.125239, 27.1413402, 27.154607, 27.1894492))"
"70","Marsh Babbler",2015,2025,16473.68,24616.37,"list(c(95.847252, 95.6702927, 95.43471, 92.9484, 93.395877, 94.2638366, 95.4697, 95.8428353, 95.847252, 28.162738, 28.1576111, 28.0378, 26.64558, 26.6012625, 26.8481683, 27.3115329, 28.1354074, 28.162738))"
"71","Chin Hills Wren-Babbler",2017,2025,5979.4,8866.49,"list(c(93.3212636, 93.3237296, 93.3115328, 93.3094177, 92.9453666, 92.7871942, 93.022452, 93.1322094, 93.1323646, 93.3212636, 23.1451923, 23.6346912, 23.8605807, 23.8610774, 23.5888386, 23.3576297, 22.496832, 22.2977362, 22.2976077, 23.1451923))"
"72","Tawny-breasted Wren-Babbler",2017,2025,1648.69,3791.76,"list(c(92.241853, 92.1956795, 91.8582082, 91.7028733, 91.4302058, 91.6494926, 91.6519237, 92.241853, 25.4328817, 25.4499785, 25.5642608, 25.5085786, 25.3980344, 25.2184176, 25.219028, 25.4328817))"
"73","Brown-winged Kingfisher",2013,2025,11691.86,18677.14,"list(c(89.0881348, 88.9965327, 88.794927, 86.8418598, 86.8120483, 86.7835559, 88.8908546, 89.0881348, 22.1498877, 22.1958799, 22.170261, 20.7677511, 20.7169133, 20.5331193, 21.5640808, 22.1498877))"
"74","Tibetan Lark",2023,2025,5705.5,8644.45,"list(c(79.2624302, 78.510597, 78.2895398, 79.0796006, 79.2624302, 32.8997688, 33.8776984, 33.1164544, 32.6218551, 32.8997688))"
"75","Vinaceous Rosefinch",2021,2025,13.09,449.37,"list(c(79.4609785, 79.4374137, 79.4263494, 79.4160406, 79.4609785, 29.385391, 29.42016, 29.4231787, 29.3734714, 29.385391))"
"76","Nicobar Megapode",2015,2025,8373.96,13813.17,"list(c(93.9467577, 93.6309278, 93.0945668, 93.8151147, 93.8270272, 93.8300965, 93.8939334, 93.8959512, 93.9467577, 6.9998255, 8.495005, 8.3214361, 6.7767621, 6.7559415, 6.7579502, 6.8114305, 6.8165861, 6.9998255))"
"77","Chestnut-backed Laughingthrush",2017,2025,5926.74,12325.97,"list(c(96.441646, 95.7202778, 95.4880142, 94.2620875, 96.441646, 27.53874, 27.4426151, 27.4059092, 26.1945483, 27.53874))"
"78","Gray-sided Thrush",2010,2025,363.43,2292.85,"list(c(94.3614791, 94.2303586, 94.0709231, 94.0369242, 94.001272, 93.9953606, 94.3614791, 25.0959663, 25.3768478, 25.6477122, 25.6443092, 25.62372, 25.6201382, 25.0959663))"
"79","Bhutan Laughingthrush",2018,2025,5141.89,7009.37,"list(c(92.5837744, 92.5749043, 92.5606996, 92.404434, 91.7327717, 91.6585986, 91.646814, 92.1285391, 92.4138907, 92.5837744, 27.0996828, 27.1656977, 27.2062766, 27.634242, 27.7787436, 27.5791778, 27.5143452, 27.0701915, 27.0188946, 27.0996828))"
"80","Banasura Laughingthrush",2017,2025,556.72,2014.44,"list(c(76.1664024, 75.9323443, 75.9106966, 75.913404, 75.9683792, 76.115874, 76.1181092, 76.1488876, 76.1664024, 11.4619665, 11.9388759, 11.6924122, 11.6883211, 11.6071742, 11.429239, 11.428011, 11.4119017, 11.4619665))"
"81","Nicobar Hooded Pitta",2022,2025,958.11,2811.02,"list(c(93.9444392, 93.9312887, 93.710425, 93.6748667, 93.8262665, 93.8275441, 93.8939334, 93.8959512, 93.9444392, 6.9934851, 7.0210025, 7.4015758, 7.3697783, 6.7590989, 6.7575303, 6.8114305, 6.8165861, 6.9934851))"
"82","White-breasted Woodswallow",2009,2025,13485,21100.22,"list(c(93.0831946, 93.0595563, 93.0473561, 92.8945652, 92.7072958, 92.7053833, 92.5351175, 92.4726105, 92.4807644, 92.5044239, 92.5046978, 92.514602, 92.5292, 92.5632274, 93.0384922, 93.0831946, 12.2324183, 13.3426082, 13.6298974, 13.4165066, 13.0947506, 13.0839817, 11.5874627, 10.7010929, 10.519881, 10.5118752, 10.5118918, 10.5142833, 10.5209812, 10.571181, 11.8357385, 12.2324183))"
"83","Hill Prinia",2021,2025,6960.24,10959.37,"list(c(97.0206703, 97.0317327, 97.0248603, 96.3997475, 96.3094686, 96.2161221, 96.9293407, 97.0147105, 97.017525, 97.0206703, 27.2211735, 28.1823206, 28.2189208, 27.9773579, 27.9162941, 27.4986006, 27.2065862, 27.1841945, 27.1997996, 27.2211735))"
"84","Hume's Boobook",2019,2025,11850.45,17552.62,"list(c(93.0529227, 93.0595563, 92.8955776, 92.7197967, 92.5369097, 92.5252247, 92.5321636, 92.558183, 93.0529227, 11.8325291, 13.3426082, 13.4145966, 12.8999567, 11.5696797, 10.619274, 10.5945309, 10.5779546, 11.8325291))"
"85","Sikkim Wedge-billed Babbler",2022,2025,1868.47,3615.11,"list(c(92.6478853, 92.5985143, 92.3288157, 91.7149089, 92.2538893, 92.4142939, 92.6478853, 27.0129681, 27.1802819, 27.3352491, 27.6191618, 27.1078747, 27.0134702, 27.0129681))"
"86","Naga Wren-Babbler",2014,2025,8977.34,12215.26,"list(c(95.0577059, 94.6446409, 94.0173695, 93.857746, 94.4392523, 94.444281, 95.015278, 95.0293818, 95.0300052, 95.0577059, 26.411664, 26.2063142, 25.7048745, 25.572534, 25.1124142, 25.113778, 25.811607, 25.8292047, 25.8316559, 26.411664))"
"87","Andaman Masked-Owl",2016,2025,9211.07,16411.23,"list(c(93.0529227, 93.0413555, 93.0395551, 92.9948547, 92.973237, 92.9515172, 92.8423262, 92.6078796, 92.4894773, 92.5251955, 92.5396542, 92.5614928, 93.0529227, 11.8325291, 13.2063628, 13.217566, 13.2535684, 13.245064, 13.2280776, 12.9696289, 11.5958042, 10.7247936, 10.5891976, 10.5391831, 10.5700245, 11.8325291))"
"88","Amur Stonechat",2018,2025,3537.99,7714.11,"list(c(93.0204104, 93.0169594, 93.01154, 92.9905491, 92.7720555, 92.6550592, 92.595258, 92.5265902, 92.5262547, 92.540459, 92.5414742, 93.0204104, 11.9500449, 11.9792055, 11.9891614, 12.0188278, 11.8953617, 11.8076499, 11.665843, 10.6066678, 10.5903369, 10.5895529, 10.5914295, 11.9500449))"
"89","Black-headed Greenfinch",2014,2025,7720.12,11558.11,"list(c(97.0470181, 97.0330708, 95.9647937, 95.881085, 95.8663925, 95.8719787, 95.9712579, 96.3951762, 96.8103544, 96.9118233, 96.9410893, 96.95883, 97.0470181, 28.1648524, 28.3198053, 28.8450721, 28.814743, 28.7469386, 28.6110356, 28.3263755, 27.9791279, 27.867759, 27.8872289, 27.9082901, 27.9281183, 28.1648524))"
"90","Great Spotted Woodpecker",2019,2025,38.67,1460.02,"list(c(94.4981365, 94.4946307, 94.494, 94.4935955, 94.4356804, 94.4454698, 94.4981365, 25.5730041, 25.569216, 25.568, 25.5651752, 25.1231597, 25.1176642, 25.5730041))"
"91","Mangrove Pitta",2013,2025,7428.01,12934.65,"list(c(88.9703099, 88.8312077, 88.750906, 88.7067212, 88.6646569, 86.8418598, 86.781477, 86.9441667, 88.7831986, 88.913859, 88.9703099, 21.989414, 22.1238196, 22.0968536, 22.0779554, 22.0520532, 20.7677511, 20.651877, 20.645, 21.7271692, 21.860828, 21.989414))"
"92","Flesh-footed Shearwater",2015,2025,6178.02,15540.13,"list(c(77.1616868, 75.3720164, 76.4626192, 76.4716002, 76.8887203, 76.9864622, 77.115862, 77.1616868, 8.244837, 11.8543589, 9.1341086, 9.11741690000001, 8.5059485, 8.3761988, 8.2791303, 8.244837))"
"93","Northern Wheatear",2022,2025,13920.55,19958.2,"list(c(78.9833092, 78.9730434, 77.610986, 77.6084169, 77.4313926, 77.5794349, 78.9546928, 78.9833092, 32.7782812, 32.7924329, 34.606414, 34.6025935, 34.2046603, 32.9081674, 32.7802615, 32.7782812))"
"94","Asian Stubtail",2024,2025,2.49,388.61,"list(c(92.34956, 92.346166, 92.3426307, 92.3234421, 92.3362079, 92.3400507, 92.3432236, 92.34956, 24.352641, 24.3627237, 24.3649448, 24.3658858, 24.3546651, 24.3522479, 24.351828, 24.352641))"
"95","Sichuan Leaf Warbler",2018,2025,24385.28,30645.15,"list(c(97.0084996, 97.0410177, 97.0349179, 97.0330955, 97.0243465, 96.5554686, 96.3462674, 94.021724, 97.0004062, 97.0084996, 27.1995405, 28.1712391, 28.2231421, 28.2382483, 28.3069104, 28.068914, 27.9227414, 25.6360936, 27.1936037, 27.1995405))"
"96","Yunnan Nuthatch",2019,2025,65.83,872.43,"list(c(97.0483528, 97.0330708, 97.02263, 97.015394, 97.0017893, 97.003518, 97.014406, 97.0193195, 97.0483528, 28.1640393, 28.3198053, 28.3034927, 28.281184, 28.1419921, 28.135643, 28.1274108, 28.1289167, 28.1640393))"
"97","Swinhoe's Storm-Petrel",2015,2025,7242.07,22452.98,"list(c(76.4131308, 75.8, 73.852962, 76.3827888, 76.4131308, 9.2450835, 11.2, 15.360943, 9.3095849, 9.2450835))"
"98","Gray-eyed Bulbul",2018,2025,17.84,523.88,"list(c(94.3505275, 94.2794396, 94.2883918, 94.3201624, 94.3433384, 94.349514, 94.3505275, 24.3538036, 24.3391989, 24.3250797, 24.3186115, 24.3338977, 24.3391102, 24.3538036))"
"99","Pale Rosefinch",2018,2025,298.65,1847.3,"list(c(77.4574327, 77.1566416, 77.1120806, 77.0418687, 76.8541718, 77.4574327, 34.5807898, 34.7674308, 34.7840736, 34.8032985, 34.7879516, 34.5807898))"
"100","Nicobar Scops-Owl",2022,2025,2260.19,4948.02,"list(c(93.5464676, 92.8134142, 93.1176793, 93.1240347, 93.1629942, 93.5433623, 93.5464676, 8.0730876, 9.1408, 8.2820643, 8.2667803, 8.2187765, 8.0388505, 8.0730876))"
"101","Nicobar Parakeet",2019,2025,2511.18,5066.54,"list(c(93.535, 93.5078606, 92.8166612, 92.8213209, 93.1251749, 93.3865515, 93.4488365, 93.535, 8.075, 8.12826379999999, 9.1745842, 9.1561683, 8.30446359999999, 8.0031774, 7.9395562, 8.075))"
"102","Derbyan Parakeet",2021,2025,59.9,719.02,"list(c(97.0483528, 97.0330708, 97.0249368, 97.0017893, 97.0112629, 97.0195891, 97.0483528, 28.1640393, 28.3198053, 28.3043066, 28.1419921, 28.1198732, 28.1293326, 28.1640393))"
