"scientific_name","english_name","grid_count"
"Acrocephalus concinens","Blunt-winged Warbler",1
"Acrocephalus orinus","Large-billed Reed Warbler",1
"Aegolius funereus","Boreal Owl",1
"Anastomus lamelligerus","African Openbill",1
"Anous minutus","Black Noddy",1
"Anser sp. (Domestic type)","Domestic goose sp. (Domestic type)",1
"Buteo lagopus","Rough-legged Hawk",1
"Calidris subruficollis","Buff-breasted Sandpiper",1
"Carpodacus dubius","Chinese White-browed Rosefinch",1
"Carpodacus trifasciatus","Three-banded Rosefinch",1
"Chalcites basalis","Horsfield's Bronze-Cuckoo",1
"Chloris chloris","European Greenfinch",1
"Corvus cornix","Hooded Crow",1
"Cygnus olor","Mute Swan",1
"Egretta ardesiaca","Black Heron",1
"Emberiza cioides","Meadow Bunting",1
"Hippolais icterina","Icterine Warbler",1
"Ichthyaetus leucophthalmus","White-eyed Gull",1
"Lanius giganteus","Giant Shrike",1
"Lanius tigrinus","Tiger Shrike",1
"Larus crassirostris","Black-tailed Gull",1
"Locustella tacsanowskia","Chinese Bush Warbler",1
"Melanocorypha calandra","Calandra Lark",1
"Merops viridis","Blue-throated Bee-eater",1
"Monticola gularis","White-throated Rock-Thrush",1
"Muscicapa griseisticta","Gray-streaked Flycatcher",1
"Phoebetria palpebrata","Light-mantled Albatross",1
"Phylloscopus coronatus","Eastern Crowned Warbler",1
"Phylloscopus plumbeitarsus","Two-barred Warbler",1
"Pluvialis dominica","American Golden-Plover",1
"Puffinus bailloni","Tropical Shearwater",1
"Rhinoptilus bitorquatus","Jerdon's Courser",1
"Sylvia borin","Garden Warbler",1
"Zapornia paykullii","Band-bellied Crake",1
"Anarhynchus dealbatus","White-faced Plover",2
"Bombycilla garrulus","Bohemian Waxwing",2
"Branta leucopsis","Barnacle Goose",2
"Bubo bengalensis","Rock Eagle-Owl",2
"Butastur liventer","Rufous-winged Buzzard",2
"Corvus albus","Pied Crow",2
"Cyanoptila cumatilis","Zappey's Flycatcher",2
"Delichon lagopodum","Siberian House-Martin",2
"Gallinago megala","Swinhoe's Snipe",2
"Oroanassa magnifica","White-eared Night Heron",2
"Phylloscopus valentini","Bianchi's Warbler",2
"Pica bottanensis","Black-rumped Magpie",2
"Pterodroma baraui","Barau's Petrel",2
"Rhyticeros narcondami","Narcondam Hornbill",2
"Stercorarius antarcticus","Brown Skua",2
"Sylvia atricapilla","Eurasian Blackcap",2
"Turdus pilaris","Fieldfare",2
"Acrocephalus schoenobaenus","Sedge Warbler",3
"Anthus pratensis","Meadow Pipit",3
"Ardenna grisea","Sooty Shearwater",3
"Butastur indicus","Gray-faced Buzzard",3
"Chlamydotis macqueenii","Asian Houbara",3
"Crex crex","Corn Crake",3
"Curruca mystacea","Menetries's Warbler",3
"Dendrocopos major","Great Spotted Woodpecker",3
"Eophona migratoria","Yellow-billed Grosbeak",3
"Gygis candida","Blue-billed White-Tern",3
"Larus mongolicus","Mongolian Gull",3
"Leucophaeus atricilla","Laughing Gull",3
"Petronia petronia","Rock Sparrow",3
"Phaethon rubricauda","Red-tailed Tropicbird",3
"Phylloscopus proregulus","Pallas's Leaf Warbler",3
"Phylloscopus sibilatrix","Wood Warbler",3
"Pterorhinus woodi","Mount Victoria Babax",3
"Stercorarius maccormicki","South Polar Skua",3
"Sturnia sinensis","White-shouldered Starling",3
"Tachyspiza brevipes","Levant Sparrowhawk",3
"Tringa brevipes","Gray-tailed Tattler",3
"Calidris pygmaea","Spoon-billed Sandpiper",4
"Coccothraustes coccothraustes","Hawfinch",4
"Emberiza chrysophrys","Yellow-browed Bunting",4
"Erythrura prasina","Pin-tailed Parrotfinch",4
"Lanius nubicus","Masked Shrike",4
"Phylloscopus tenellipes","Pale-legged Leaf Warbler",4
"Pitta moluccensis","Blue-winged Pitta",4
"Rhodopechys sanguineus","Crimson-winged Finch",4
"Rhodospiza obsoleta","Desert Finch",4
"Spodiopsar sericeus","Red-billed Starling",4
"Turdus cardis","Japanese Thrush",4
"Turdus philomelos","Song Thrush",4
"Xema sabini","Sabine's Gull",4
"Anarhynchus veredus","Oriental Plover",5
"Calidris acuminata","Sharp-tailed Sandpiper",5
"Chlidonias niger","Black Tern",5
"Clangula hyemalis","Long-tailed Duck",5
"Emberiza tristrami","Tristram's Bunting",5
"Iole propinqua","Gray-eyed Bulbul",5
"Oenanthe albonigra","Hume's Wheatear",5
"Tarsiger cyanurus","Red-flanked Bluetail",5
"Tringa guttifer","Nordmann's Greenshank",5
"Turdus kessleri","White-backed Thrush",5
"Anser fabalis","Taiga Bean-Goose",6
"Calcarius lapponicus","Lapland Longspur",6
"Ficedula mugimaki","Mugimaki Flycatcher",6
"Hydrocoloeus minutus","Little Gull",6
"Rallina fasciata","Red-legged Crake",6
"Sterna paradisaea","Arctic Tern",6
"Turdus mandarinus","Chinese Blackbird",6
"Vanellus gregarius","Sociable Lapwing",6
"Zosterops erythropleurus","Chestnut-flanked White-eye",6
"Calliope pectardens","Firethroat",7
"Dendrocopos assimilis","Sind Woodpecker",7
"Geokichla sibirica","Siberian Thrush",7
"Phylloscopus trochilus","Willow Warbler",7
"Podiceps grisegena","Red-necked Grebe",7
"Poliolimnas cinereus","White-browed Crake",7
"Tachyspiza butleri","Nicobar Sparrowhawk",7
"Urosphena squameiceps","Asian Stubtail",7
"Agropsar philippensis","Chestnut-cheeked Starling",8
"Alaudala heinei","Turkestan Short-toed Lark",8
"Curruca nisoria","Barred Warbler",8
"Fregata andrewsi","Christmas Island Frigatebird",8
"Fregata minor","Great Frigatebird",8
"Larus canus","Common Gull",8
"Liocichla bugunorum","Bugun Liocichla",8
"Terpsiphone incei","Amur Paradise-Flycatcher",8
"Cecropis rufula","European Red-rumped Swallow",9
"Cygnus columbianus","Tundra Swan",9
"Francolinus pintadeanus","Chinese Francolin",9
"Hydrornis cyaneus","Blue Pitta",9
"Turdus feae","Gray-sided Thrush",9
"Bulweria fallax","Jouanin's Petrel",10
"Locustella major","Long-billed Bush Warbler",10
"Rissa tridactyla","Black-legged Kittiwake",10
"Sitta yunnanensis","Yunnan Nuthatch",10
"Sula leucogaster","Brown Booby",10
"Sula sula","Red-footed Booby",10
"Calidris melanotos","Pectoral Sandpiper",11
"Carpodacus stoliczkae","Pale Rosefinch",11
"Carpodacus vinaceus","Vinaceous Rosefinch",11
"Fregetta tropica","Black-bellied Storm-Petrel",11
"Gallinago nemoricola","Wood Snipe",11
"Mergus serrator","Red-breasted Merganser",11
"Montecincla jerdoni","Banasura Laughingthrush",11
"Podiceps auritus","Horned Grebe",11
"Ardenna pacifica","Wedge-tailed Shearwater",12
"Ardeola speciosa","Javan Pond-Heron",12
"Lanius minor","Lesser Gray Shrike",12
"Ardenna tenuirostris","Short-tailed Shearwater",13
"Emberiza hortulana","Ortolan Bunting",13
"Lalage nigra","Pied Triller",13
"Pterocles orientalis","Black-bellied Sandgrouse",13
"Syrmaticus humiae","Mrs. Hume's Pheasant",13
"Emberiza rustica","Rustic Bunting",14
"Limnodromus scolopaceus","Long-billed Dowitcher",14
"Phaethon lepturus","White-tailed Tropicbird",14
"Saxicola rubetra","Whinchat",14
"Turdus naumanni","Naumann's Thrush",14
"Lophophorus sclateri","Sclater's Monal",15
"Phalaropus fulicarius","Red Phalarope",15
"Phylloscopus borealoides","Sakhalin Leaf Warbler",15
"Spinus spinus","Eurasian Siskin",15
"Certhia manipurensis","Hume's Treecreeper",16
"Ichthyaetus hemprichii","Sooty Gull",16
"Oenanthe finschii","Finsch's Wheatear",16
"Spilornis klossi","Nicobar Serpent-Eagle",16
"Bucephala clangula","Common Goldeneye",17
"Carpospiza brachydactyla","Pale Rockfinch",17
"Cyornis nicobaricus","Nicobar Jungle Flycatcher",17
"Egretta eulophotes","Chinese Egret",17
"Leptocoma brasiliana","Van Hasselt's Sunbird",17
"Locustella lanceolata","Lanceolated Warbler",17
"Trochalopteron austeni","Brown-capped Laughingthrush",17
"Emberiza godlewskii","Godlewski's Bunting",18
"Emberiza schoeniclus","Reed Bunting",18
"Niltava oatesi","Chinese Vivid Niltava",18
"Montecincla meridionalis","Ashambu Laughingthrush",19
"Mergellus albellus","Smew",20
"Pterorhinus nuchalis","Chestnut-backed Laughingthrush",20
"Saxicola jerdoni","Jerdon's Bushchat",20
"Spelaeornis oatesi","Chin Hills Wren-Babbler",21
"Dendrocopos atratus","Stripe-breasted Woodpecker",22
"Otus alius","Nicobar Scops-Owl",22
"Spelaeornis badeigularis","Mishmi Wren-Babbler",22
"Apus pacificus","Pacific Swift",23
"Limnodromus semipalmatus","Asian Dowitcher",23
"Marmaronetta angustirostris","Marbled Duck",23
"Tragopan melanocephalus","Western Tragopan",23
"Pitta abbotti","Nicobar Hooded Pitta",24
"Stachyris humei","Sikkim Wedge-billed Babbler",24
"Stercorarius longicaudus","Long-tailed Jaeger",24
"Tragopan temminckii","Temminck's Tragopan",24
"Agraphospiza rubescens","Blanford's Rosefinch",25
"Cyornis hainanus","Hainan Blue Flycatcher",25
"Ficedula zanthopygia","Yellow-rumped Flycatcher",25
"Anser serrirostris","Tundra Bean-Goose",26
"Calonectris leucomelas","Streaked Shearwater",26
"Ketupa ketupu","Buffy Fish-Owl",26
"Phoenicurus phoenicurus","Common Redstart",26
"Remiz coronatus","White-crowned Penduline-Tit",26
"Anthus japonicus","Siberian Pipit",27
"Hypsipetes nicobariensis","Nicobar Bulbul",27
"Melanocorypha maxima","Tibetan Lark",27
"Pernis apivorus","European Honey-buzzard",27
"Saxicola insignis","White-throated Bushchat",27
"Spodiopsar cineraceus","White-cheeked Starling",27
"Branta ruficollis","Red-breasted Goose",28
"Paradoxornis aemodius","Great Parrotbill",28
"Stachyris oglei","Snowy-throated Babbler",28
"Aix galericulata","Mandarin Duck",29
"Aythya baeri","Baer's Pochard",29
"Cettia cetti","Cetti's Warbler",29
"Larvivora cyane","Siberian Blue Robin",29
"Pyrgilauda ruficollis","Rufous-necked Snowfinch",29
"Asarcornis scutulata","White-winged Duck",30
"Cyanoptila cyanomelana","Blue-and-white Flycatcher",30
"Hemitesia pallidipes","Pale-footed Bush Warbler",30
"Spelaeornis longicaudatus","Tawny-breasted Wren-Babbler",30
"Cyornis magnirostris","Large Blue Flycatcher",31
"Larus cachinnans","Caspian Gull",31
"Phylloscopus forresti","Sichuan Leaf Warbler",31
"Sterna dougallii","Roseate Tern",31
"Sterna repressa","White-cheeked Tern",31
"Tyto longimembris","Australasian Grass-Owl",31
"Oena capensis","Namaqua Dove",32
"Onychostruthus taczanowskii","White-rumped Snowfinch",32
"Psittacula caniceps","Nicobar Parakeet",32
"Suthora fulvifrons","Fulvous Parrotbill",32
"Zapornia parva","Little Crake",32
"Spelaeornis troglodytoides","Bar-winged Wren-Babbler",33
"Phaethon aethereus","Red-billed Tropicbird",34
"Stachyris roberti","Cachar Wedge-billed Babbler",34
"Laticilla burnesii","Rufous-vented Grass Babbler",35
"Tachyspiza gularis","Japanese Sparrowhawk",35
"Ianthocincla cineracea","Moustached Laughingthrush",36
"Megapodius nicobariensis","Nicobar Megapode",36
"Phylloscopus borealis","Arctic Warbler",36
"Aythya marila","Greater Scaup",37
"Pterocles senegallus","Spotted Sandgrouse",37
"Puffinus persicus","Persian Shearwater",37
"Ardea insignis","White-bellied Heron",38
"Calidris canutus","Red Knot",38
"Corvus frugilegus","Rook",38
"Otus scops","Eurasian Scops-Owl",38
"Phylloscopus neglectus","Plain Leaf Warbler",38
"Pterorhinus gularis","Rufous-vented Laughingthrush",38
"Ampeliceps coronatus","Golden-crested Myna",39
"Anarhynchus asiaticus","Caspian Plover",39
"Chloris ambigua","Black-headed Greenfinch",39
"Heteroxenicus stellatus","Gould's Shortwing",39
"Spelaeornis chocolatinus","Naga Wren-Babbler",39
"Fulvetta manipurensis","Manipur Fulvetta",40
"Pitta megarhyncha","Mangrove Pitta",41
"Saxicola stejnegeri","Amur Stonechat",41
"Alcedo hercules","Blyth's Kingfisher",43
"Leucoptilon concretum","White-tailed Flycatcher",43
"Phylloscopus subaffinis","Buff-throated Warbler",43
"Laticilla cinerascens","Swamp Grass Babbler",44
"Sibirionetta formosa","Baikal Teal",44
"Tragopan blythii","Blyth's Tragopan",44
"Zoothera salimalii","Himalayan Thrush",44
"Arborophila mandellii","Chestnut-breasted Partridge",45
"Cyornis whitei","Hill Blue Flycatcher",45
"Anorrhinus austeni","Brown Hornbill",47
"Anous tenuirostris","Lesser Noddy",47
"Anser erythropus","Lesser White-fronted Goose",48
"Gypsophila brevicaudata","Streaked Wren-Babbler",48
"Prinia superciliaris","Hill Prinia",48
"Locustella luteoventris","Brown Bush Warbler",49
"Pellorneum palustre","Marsh Babbler",49
"Prinia cinereocapilla","Gray-crowned Prinia",50
"Sitta nagaensis","Chestnut-vented Nuthatch",53
"Calidris ruficollis","Red-necked Stint",54
"Monticola saxatilis","Rufous-tailed Rock-Thrush",54
"Pericrocotus cantonensis","Brown-rumped Minivet",54
"Rallus indicus","Brown-cheeked Rail",54
"Zoothera marginata","Dark-sided Thrush",54
"Turdus eunomus","Dusky Thrush",55
"Pterorhinus sannio","White-browed Laughingthrush",56
"Asio otus","Long-eared Owl",57
"Lanius collurioides","Burmese Shrike",58
"Oenanthe oenanthe","Northern Wheatear",58
"Argya longirostris","Slender-billed Babbler",59
"Garrulax merulinus","Spot-breasted Laughingthrush",59
"Phodilus badius","Oriental Bay-Owl",59
"Caloenas nicobarica","Nicobar Pigeon",60
"Phylloscopus tephrocephalus","Gray-crowned Warbler",60
"Acrocephalus orientalis","Oriental Reed Warbler",61
"Iole cacharensis","Cachar Bulbul",61
"Tyto deroepstorffi","Andaman Masked-Owl",61
"Napothera epilepidota","Eyebrowed Wren-Babbler",62
"Napothera malacoptila","Long-billed Wren-Babbler",62
"Paradoxornis bakeri","Rufous-headed Parrotbill",62
"Phodilus assimilis","Sri Lanka Bay-Owl",62
"Schoeniparus rufogularis","Rufous-throated Fulvetta",62
"Strix aluco","Tawny Owl",62
"Ducula nicobarica","Nicobar Imperial-Pigeon",64
"Hirundapus cochinchinensis","Silver-backed Needletail",64
"Botaurus minutus","Little Bittern",66
"Harpactes wardi","Ward's Trogon",66
"Fregata ariel","Lesser Frigatebird",67
"Lerwa lerwa","Snow Partridge",67
"Paradoxornis ruficeps","White-breasted Parrotbill",67
"Anas zonorhyncha","Eastern Spot-billed Duck",68
"Hydrobates monorhis","Swinhoe's Storm-Petrel",68
"Pomatorhinus ochraceiceps","Red-billed Scimitar-Babbler",68
"Caprimulgus europaeus","Eurasian Nightjar",69
"Paradoxornis guttaticollis","Spot-breasted Parrotbill",69
"Suthora atrosuperciliaris","Pale-billed Parrotbill",69
"Anous stolidus","Brown Noddy",70
"Cinclidium frontale","Blue-fronted Robin",71
"Synoicus chinensis","Blue-breasted Quail",71
"Tachyspiza soloensis","Chinese Sparrowhawk",71
"Caprimulgus andamanicus","Andaman Nightjar",72
"Phoenicurus schisticeps","White-throated Redstart",72
"Anas albogularis","Andaman Teal",73
"Esacus magnirostris","Beach Thick-knee",73
"Pyrrhula erythaca","Gray-headed Bullfinch",73
"Pterorhinus galbanus","Yellow-throated Laughingthrush",75
"Acrocephalus bistrigiceps","Black-browed Reed Warbler",76
"Cochoa purpurea","Purple Cochoa",76
"Erythrogenys hypoleucos","Large Scimitar-Babbler",76
"Sitta formosa","Beautiful Nuthatch",77
"Apus acuticauda","Dark-rumped Swift",78
"Carpodacus rodopeplus","Spot-winged Rosefinch",78
"Enicurus leschenaulti","White-crowned Forktail",79
"Bubo bubo","Eurasian Eagle-Owl",80
"Graminicola bengalensis","Indian Grassbird",80
"Emberiza rutila","Chestnut Bunting",81
"Paradoxornis gularis","Gray-headed Parrotbill",81
"Chrysomma altirostre","Jerdon's Babbler",82
"Montecincla cachinnans","Nilgiri Laughingthrush",82
"Paradoxornis flavirostris","Black-breasted Parrotbill",82
"Trochalopteron virgatum","Striped Laughingthrush",82
"Brachypteryx hyperythra","Rusty-bellied Shortwing",83
"Houbaropsis bengalensis","Bengal Florican",83
"Pomatorhinus phayrei","Brown-crowned Scimitar-Babbler",83
"Sternula saundersi","Saunders's Tern",83
"Actinodura waldeni","Streak-throated Barwing",85
"Luscinia phaenicuroides","White-bellied Redstart",85
"Phylloscopus subviridis","Brooks's Leaf Warbler",85
"Sholicola major","Nilgiri Sholakili",85
"Emberiza citrinella","Yellowhammer",87
"Ithaginis cruentus","Blood Pheasant",87
"Microtarsus melanocephalos","Black-headed Bulbul",87
"Pelargopsis amauroptera","Brown-winged Kingfisher",87
"Spinus thibetanus","Tibetan Serin",87
"Tragopan satyra","Satyr Tragopan",87
"Batrachostomus hodgsoni","Hodgson's Frogmouth",88
"Syrrhaptes tibetanus","Tibetan Sandgrouse",88
"Agropsar sturninus","Daurian Starling",89
"Otus balli","Andaman Scops-Owl",89
"Fulvetta ludlowi","Brown-throated Fulvetta",90
"Carpodacus puniceus","Red-fronted Rosefinch",91
"Columba eversmanni","Yellow-eyed Pigeon",91
"Ninox affinis","Andaman Boobook",91
"Rallina canningi","Andaman Crake",91
"Coracina dobsoni","Andaman Cuckooshrike",92
"Phoenicurus erythronotus","Rufous-backed Redstart",92
"Pomatorhinus ferruginosus","Black-crowned Scimitar-Babbler",93
"Thinornis placidus","Long-billed Plover",93
"Locustella davidi","Baikal Bush Warbler",94
"Ninox obscura","Hume's Boobook",95
"Oriolus tenuirostris","Slender-billed Oriole",95
"Paradoxornis unicolor","Brown Parrotbill",98
"Schoenicola platyurus","Broad-tailed Grassbird",98
"Onychoprion fuscatus","Sooty Tern",99
"Carpodacus subhimachalus","Crimson-browed Finch",100
"Pyrrhula aurantiaca","Orange Bullfinch",100
"Hypocolius ampelinus","Hypocolius",101
"Trochalopteron imbricatum","Bhutan Laughingthrush",101
"Dicrurus annectens","Crow-billed Drongo",102
"Tetraogallus tibetanus","Tibetan Snowcock",102
"Artamus leucorynchus","White-breasted Woodswallow",103
"Aegithalos niveogularis","White-throated Tit",104
"Botaurus stellaris","Eurasian Bittern",104
"Ficedula subrubra","Kashmir Flycatcher",104
"Gallinago solitaria","Solitary Snipe",104
"Sholicola albiventris","White-bellied Sholakili",105
"Athene blewitti","Forest Owlet",106
"Pericrocotus divaricatus","Ashy Minivet",106
"Sitta cashmirensis","Kashmir Nuthatch",106
"Anthus nilghiriensis","Nilgiri Pipit",107
"Carpodacus rubicilloides","Streaked Rosefinch",107
"Columba punicea","Pale-capped Pigeon",107
"Pachyglossa melanozantha","Yellow-bellied Flowerpecker",107
"Pellorneum tickelli","Buff-breasted Babbler",107
"Spelaeornis caudatus","Rufous-throated Wren-Babbler",107
"Haliaeetus albicilla","White-tailed Eagle",108
"Cettia major","Chestnut-crowned Bush Warbler",110
"Pellorneum albiventre","Spot-throated Babbler",110
"Turdus maximus","Tibetan Blackbird",110
"Callacanthis burtoni","Spectacled Finch",111
"Loxia curvirostra","Red Crossbill",114
"Zoothera neilgherriensis","Nilgiri Thrush",115
"Ketupa flavipes","Tawny Fish-Owl",116
"Bucanetes githagineus","Trumpeter Finch",117
"Ducula bicolor","Pied Imperial-Pigeon",117
"Dendrocitta frontalis","Collared Treepie",118
"Pyrgilauda blanfordi","Blanford's Snowfinch",118
"Stercorarius pomarinus","Pomarine Jaeger",118
"Trochalopteron chrysopterum","Assam Laughingthrush",118
"Psittacula roseata","Blossom-headed Parakeet",119
"Cochoa viridis","Green Cochoa",122
"Columba palumboides","Andaman Wood-Pigeon",122
"Geokichla wardii","Pied Thrush",124
"Grandala coelicolor","Grandala",124
"Gecinulus grantia","Pale-headed Woodpecker",125
"Athene noctua","Little Owl",126
"Carpodacus grandis","Blyth's Rosefinch",126
"Columba pulchricollis","Ashy Wood-Pigeon",128
"Falco naumanni","Lesser Kestrel",128
"Indicator xanthonotus","Yellow-rumped Honeyguide",129
"Microhierax melanoleucos","Pied Falconet",129
"Psittacula finschii","Gray-headed Parakeet",129
"Serilophus rubropygius","Gray-lored Broadbill",130
"Dendrocitta bayleii","Andaman Treepie",131
"Dromas ardeola","Crab-Plover",131
"Perdix hodgsoniae","Tibetan Partridge",131
"Tickellia hodgsoni","Broad-billed Warbler",131
"Locustella kashmirensis","West Himalayan Bush Warbler",132
"Turnix sylvaticus","Small Buttonquail",132
"Astur gentilis","Eurasian Goshawk",133
"Fringilla coelebs","Common Chaffinch",133
"Passer hispaniolensis","Spanish Sparrow",134
"Aegithalos iouschistos","Black-browed Tit",135
"Mycerobas affinis","Collared Grosbeak",138
"Pachycephala cinerea","Mangrove Whistler",138
"Fringilla montifringilla","Brambling",140
"Nucifraga multipunctata","Kashmir Nutcracker",140
"Calidris subminuta","Long-toed Stint",141
"Locustella mandelli","Russet Bush Warbler",141
"Porzana porzana","Spotted Crake",142
"Gampsorhynchus rufulus","White-hooded Babbler",143
"Schoeniparus dubius","Rusty-capped Fulvetta",143
"Arborophila atrogularis","White-cheeked Partridge",144
"Charadrius hiaticula","Common Ringed Plover",144
"Podiceps nigricollis","Eared Grebe",145
"Zoothera dixoni","Long-tailed Thrush",145
"Lyncornis macrotis","Great Eared-Nightjar",146
"Montecincla fairbanki","Palani Laughingthrush",146
"Myzornis pyrrhoura","Fire-tailed Myzornis",148
"Anthus cervinus","Red-throated Pipit",149
"Carpodacus edwardsii","Dark-rumped Rosefinch",149
"Carpodacus pulcherrimus","Himalayan Beautiful Rosefinch",149
"Prunella immaculata","Maroon-backed Accentor",149
"Carpodacus thura","Himalayan White-browed Rosefinch",150
"Sterna sumatrana","Black-naped Tern",150
"Zapornia bicolor","Black-tailed Crake",150
"Dendrocopos analis","Freckle-breasted Woodpecker",151
"Macropygia rufipennis","Andaman Cuckoo-Dove",151
"Phalaropus lobatus","Red-necked Phalarope",152
"Trochalopteron subunicolor","Scaly Laughingthrush",152
"Grus nigricollis","Black-necked Crane",153
"Hirundo javanica","Pacific Swallow",153
"Pnoepyga immaculata","Immaculate Cupwing",153
"Sula dactylatra","Masked Booby",153
"Mareca falcata","Falcated Duck",154
"Muscicapa ferruginea","Ferruginous Flycatcher",154
"Copsychus albiventris","Andaman Shama",155
"Emberiza leucocephalos","Pine Bunting",155
"Scolopax rusticola","Eurasian Woodcock",155
"Aceros nipalensis","Rufous-necked Hornbill",157
"Spilornis elgini","Andaman Serpent-Eagle",157
"Ardeola bacchus","Chinese Pond-Heron",158
"Dryocopus hodgei","Andaman Woodpecker",159
"Pseudopodoces humilis","Ground Tit",160
"Salpornis spilonota","Indian Spotted Creeper",160
"Turdus dissimilis","Black-breasted Thrush",161
"Falco columbarius","Merlin",162
"Brachypteryx cruralis","Himalayan Shortwing",164
"Aerodramus fuciphagus","White-nest Swiftlet",165
"Anser albifrons","Greater White-fronted Goose",165
"Oenanthe pleschanka","Pied Wheatear",165
"Ficedula erithacus","Slaty-backed Flycatcher",166
"Ammomanes deserti","Desert Lark",167
"Bambusicola fytchii","Mountain Bamboo-Partridge",167
"Polyplectron bicalcaratum","Gray Peacock-Pheasant",167
"Bucanetes mongolicus","Mongolian Finch",168
"Alauda arvensis","Eurasian Skylark",170
"Leptopoecile sophiae","White-browed Tit-Warbler",170
"Pyrrhoplectes epauletta","Gold-naped Finch",170
"Falco severus","Oriental Hobby",171
"Turdus obscurus","Eyebrowed Thrush",171
"Locustella thoracica","Spotted Bush Warbler",172
"Mycerobas carnipes","White-winged Grosbeak",172
"Prinia khasiana","Rufous-crowned Prinia",172
"Pterorhinus caerulatus","Gray-sided Laughingthrush",172
"Tarsiger indicus","White-browed Bush-Robin",172
"Dicaeum virescens","Andaman Flowerpecker",173
"Microtarsus fuscoflavescens","Andaman Bulbul",173
"Abroscopus albogularis","Rufous-faced Warbler",174
"Lioparus chrysotis","Golden-breasted Fulvetta",174
"Anthipes monileger","White-gorgeted Flycatcher",175
"Corvus corone","Carrion Crow",175
"Horornis brunnescens","Hume's Bush Warbler",175
"Emberiza spodocephala","Black-faced Bunting",176
"Heterophasia picaoides","Long-tailed Sibia",176
"Actinodura nipalensis","Hoary-throated Barwing",177
"Alaemon alaudipes","Greater Hoopoe-Lark",177
"Leioptila annectens","Rufous-backed Sibia",179
"Hierococcyx nisicolor","Hodgson's Hawk-Cuckoo",180
"Ardenna carneipes","Flesh-footed Shearwater",181
"Sturnia erythropygia","White-headed Starling",181
"Gyps tenuirostris","Slender-billed Vulture",182
"Dicrurus andamanensis","Andaman Drongo",184
"Lymnocryptes minimus","Jack Snipe",184
"Ketupa coromanda","Dusky Eagle-Owl",185
"Acrocephalus melanopogon","Moustached Warbler",186
"Pyrrhula nipalensis","Brown Bullfinch",187
"Rallus aquaticus","Water Rail",188
"Ianthocincla ocellata","Spotted Laughingthrush",191
"Cursorius cursor","Cream-colored Courser",198
"Schoeniparus cinereus","Yellow-throated Fulvetta",198
"Chlidonias leucopterus","White-winged Tern",199
"Strix nivicolum","Himalayan Owl",199
"Centropus andamanensis","Andaman Coucal",201
"Tarsiger hyperythrus","Rufous-breasted Bush-Robin",201
"Buteo hemilasius","Upland Buzzard",204
"Pteruthius rufiventer","Black-headed Shrike-Babbler",204
"Calidris tenuirostris","Great Knot",205
"Oenanthe chrysopygia","Persian Wheatear",205
"Dendrocopos darjellensis","Darjeeling Woodpecker",207
"Phylloscopus fuligiventer","Smoky Warbler",207
"Chrysococcyx xanthorhynchus","Violet Cuckoo",210
"Turdus ruficollis","Red-throated Thrush",212
"Ficedula sapphira","Sapphire Flycatcher",215
"Spizixos canifrons","Crested Finchbill",216
"Suthora nipalensis","Black-throated Parrotbill",217
"Phylloscopus intermedius","White-spectacled Warbler",219
"Rynchops albicollis","Indian Skimmer",221
"Saxicola macrorhynchus","White-browed Bushchat",223
"Treron chloropterus","Andaman Green-Pigeon",223
"Caprimulgus mahrattensis","Sykes's Nightjar",224
"Certhia nipalensis","Rusty-flanked Treecreeper",225
"Egretta sacra","Pacific Reef-Heron",227
"Pomatorhinus superciliaris","Slender-billed Scimitar-Babbler",227
"Pterorhinus delesserti","Wayanad Laughingthrush",228
"Prunella himalayana","Altai Accentor",229
"Haliaeetus leucoryphus","Pallas's Fish-Eagle",230
"Calliope tschebaiewi","Chinese Rubythroat",231
"Hirundapus caudacutus","White-throated Needletail",232
"Erythrogenys mcclellandi","Spot-breasted Scimitar-Babbler",233
"Aplonis panayensis","Asian Glossy Starling",236
"Haematopus ostralegus","Eurasian Oystercatcher",236
"Dryobates cathpharius","Crimson-naped Woodpecker",237
"Chloropsis moluccensis","Blue-winged Leafbird",238
"Gorsachius melanolophus","Malayan Night Heron",238
"Hydrornis nipalensis","Blue-naped Pitta",239
"Cisticola exilis","Golden-headed Cisticola",240
"Otus brucei","Pallid Scops-Owl",240
"Halcyon coromanda","Ruddy Kingfisher",244
"Cephalopyrus flammiceps","Fire-capped Tit",245
"Chrysococcyx maculatus","Asian Emerald Cuckoo",245
"Rhyticeros undulatus","Wreathed Hornbill",245
"Certhia discolor","Sikkim Treecreeper",246
"Psittacula longicauda","Long-tailed Parakeet",247
"Mulleripicus pulverulentus","Great Slaty Woodpecker",248
"Certhia hodgsoni","Hodgson's Treecreeper",253
"Tetraogallus himalayensis","Himalayan Snowcock",253
"Curruca communis","Greater Whitethroat",254
"Cutia nipalensis","Himalayan Cutia",255
"Melanocorypha bimaculata","Bimaculated Lark",255
"Sitta leucopsis","White-cheeked Nuthatch",255
"Lophophanes dichrous","Gray-crested Tit",256
"Thalasseus sandvicensis","Sandwich Tern",257
"Pachyglossa chrysorrhea","Yellow-vented Flowerpecker",259
"Helopsaltes certhiola","Pallas's Grasshopper Warbler",261
"Orthotomus atrogularis","Dark-necked Tailorbird",261
"Saxicola leucurus","White-tailed Stonechat",262
"Fulvetta vinipectus","White-browed Fulvetta",263
"Periparus rubidiventris","Rufous-vented Tit",263
"Ficedula hodgsoni","Pygmy Flycatcher",264
"Eremopterix nigriceps","Black-crowned Sparrow-Lark",265
"Ibidorhyncha struthersii","Ibisbill",265
"Catreus wallichii","Cheer Pheasant",266
"Anthus spinoletta","Water Pipit",268
"Cercotrichas galactotes","Rufous-tailed Scrub-Robin",268
"Collocalia affinis","Plume-toed Swiftlet",270
"Oceanites oceanicus","Wilson's Storm-Petrel",270
"Arborophila rufogularis","Rufous-throated Partridge",271
"Cinnyris ornatus","Ornate Sunbird",271
"Schoenicola striatus","Bristled Grassbird",271
"Machlolophus nuchalis","White-naped Tit",272
"Ficedula nigrorufa","Black-and-orange Flycatcher",273
"Turnix tanki","Yellow-legged Buttonquail",273
"Trochalopteron affine","Black-faced Laughingthrush",276
"Carpodacus sipahi","Scarlet Finch",277
"Mirafra javanica","Singing Bushlark",280
"Stercorarius parasiticus","Parasitic Jaeger",280
"Heterophasia pulchella","Beautiful Sibia",281
"Microhierax caerulescens","Collared Falconet",281
"Lanius phoenicuroides","Red-tailed Shrike",282
"Zoothera mollissima","Alpine Thrush",286
"Circus spilonotus","Eastern Marsh Harrier",287
"Pitta sordida","Western Hooded Pitta",291
"Yuhina occipitalis","Rufous-vented Yuhina",293
"Calidris falcinellus","Broad-billed Sandpiper",295
"Turdus rubrocanus","Chestnut Thrush",295
"Cinclus cinclus","White-throated Dipper",296
"Phylloscopus burkii","Green-crowned Warbler",296
"Pteruthius xanthochlorus","Green Shrike-Babbler",296
"Terpsiphone affinis","Blyth's Paradise-Flycatcher",297
"Perdicula erythrorhyncha","Painted Bush-Quail",298
"Ianthocincla rufogularis","Rufous-chinned Laughingthrush",300
"Liocichla phoenicea","Red-faced Liocichla",300
"Columba palumbus","Common Wood-Pigeon",305
"Prinia atrogularis","Black-throated Prinia",311
"Pteruthius melanotis","Black-eared Shrike-Babbler",312
"Elachura formosa","Spotted Elachura",313
"Ortygornis gularis","Swamp Francolin",313
"Locustella naevia","Common Grasshopper Warbler",314
"Dinopium shorii","Himalayan Flameback",316
"Mycerobas melanozanthos","Spot-winged Grosbeak",319
"Zoothera monticola","Long-billed Thrush",319
"Nisaetus kelaarti","Legge's Hawk-Eagle",321
"Lanius collurio","Red-backed Shrike",322
"Leptoptilos dubius","Greater Adjutant",322
"Linaria flavirostris","Twite",324
"Treron phayrei","Ashy-headed Green-Pigeon",324
"Merops apiaster","European Bee-eater",328
"Yuhina bakeri","White-naped Yuhina",330
"Rallina eurizonoides","Slaty-legged Crake",331
"Tesia olivea","Slaty-bellied Tesia",332
"Trochalopteron squamatum","Blue-winged Laughingthrush",334
"Coloeus monedula","Eurasian Jackdaw",337
"Heterophasia gracilis","Gray Sibia",338
"Calandrella acutirostris","Hume's Lark",346
"Cyornis unicolor","Pale Blue Flycatcher",350
"Emberiza fucata","Chestnut-eared Bunting",352
"Ciconia ciconia","White Stork",354
"Dinopium javanense","Common Flameback",354
"Carpodacus rubicilla","Great Rosefinch",355
"Malacocincla abbotti","Abbott's Babbler",356
"Columba hodgsonii","Speckled Wood-Pigeon",357
"Emberiza striolata","Striolated Bunting",358
"Pyrrhula erythrocephala","Red-headed Bullfinch",358
"Riparia diluta","Pale Martin",366
"Nucifraga hemispila","Southern Nutcracker",372
"Passer pyrrhonotus","Sind Sparrow",373
"Prunella fulvescens","Brown Accentor",375
"Saroglossa spilopterus","Spot-winged Starling",375
"Glareola pratincola","Collared Pratincole",376
"Pycnonotus flavescens","Flavescent Bulbul",379
"Treron curvirostra","Thick-billed Green-Pigeon",379
"Cyanoderma rufifrons","Rufous-fronted Babbler",381
"Curruca nana","Asian Desert Warbler",382
"Onychoprion anaethetus","Bridled Tern",383
"Eumyias albicaudatus","Nilgiri Flycatcher",389
"Leucosticte brandti","Black-headed Mountain Finch",391
"Mycerobas icterioides","Black-and-yellow Grosbeak",391
"Timalia pileata","Chestnut-capped Babbler",391
"Brachypteryx leucophris","Lesser Shortwing",398
"Anthus sylvanus","Upland Pipit",399
"Pericrocotus solaris","Gray-chinned Minivet",399
"Icthyophaga humilis","Lesser Fish-Eagle",402
"Lophophorus impejanus","Himalayan Monal",404
"Harpactes erythrocephalus","Red-headed Trogon",405
"Pycnonotus xantholaemus","Yellow-throated Bulbul",407
"Sterna acuticauda","Black-bellied Tern",407
"Schoeniparus castaneceps","Rufous-winged Fulvetta",408
"Staphida castaniceps","Striated Yuhina",415
"Montifringilla adamsi","Black-winged Snowfinch",416
"Phylloscopus tytleri","Tytler's Leaf Warbler",416
"Machlolophus spilonotus","Yellow-cheeked Tit",419
"Lonchura atricapilla","Chestnut Munia",420
"Horornis flavolivaceus","Aberrant Bush Warbler",425
"Delichon dasypus","Asian House-Martin",437
"Myiomela leucura","White-tailed Robin",438
"Todiramphus chloris","Collared Kingfisher",438
"Alcurus striatus","Striated Bulbul",444
"Cyanoderma ruficeps","Rufous-capped Babbler",445
"Pucrasia macrolopha","Koklass Pheasant",447
"Phylloscopus cantator","Yellow-vented Warbler",448
"Periparus rufonuchalis","Rufous-naped Tit",451
"Phylloscopus poliogenys","Gray-cheeked Warbler",451
"Caprimulgus jotaka","Gray Nightjar",452
"Regulus regulus","Goldcrest",452
"Dendrocopos hyperythrus","Rufous-bellied Woodpecker",453
"Phoenicurus auroreus","Daurian Redstart",453
"Turdus viscivorus","Mistle Thrush",458
"Apus apus","Common Swift",462
"Phoenicurus hodgsoni","Hodgson's Redstart",464
"Tadorna tadorna","Common Shelduck",465
"Sylviparus modestus","Yellow-browed Tit",466
"Ducula badia","Mountain Imperial-Pigeon",468
"Falco jugger","Laggar Falcon",483
"Procarduelis nipalensis","Dark-breasted Rosefinch",483
"Yuhina nigrimenta","Black-chinned Yuhina",487
"Actinodura egertoni","Rusty-fronted Barwing",491
"Limosa lapponica","Bar-tailed Godwit",493
"Minla ignotincta","Red-tailed Minla",496
"Batrachostomus moniliger","Sri Lanka Frogmouth",498
"Mergus merganser","Common Merganser",498
"Hirundo domicola","Hill Swallow",499
"Prunella rubeculoides","Robin Accentor",504
"Prunella atrogularis","Black-throated Accentor",505
"Abroscopus schisticeps","Black-faced Warbler",509
"Aviceda jerdoni","Jerdon's Baza",510
"Vanellus vanellus","Northern Lapwing",510
"Abroscopus superciliaris","Yellow-bellied Warbler",513
"Sasia ochracea","White-browed Piculet",513
"Aethopyga ignicauda","Fire-tailed Sunbird",514
"Ficedula hyperythra","Snowy-browed Flycatcher",514
"Melanochlora sultanea","Sultan Tit",514
"Garrulax monileger","Lesser Necklaced Laughingthrush",515
"Enicurus immaculatus","Black-backed Forktail",523
"Calliope pectoralis","Himalayan Rubythroat",526
"Ketupa nipalensis","Spot-bellied Eagle-Owl",527
"Yuhina gularis","Stripe-throated Yuhina",528
"Pomatorhinus ruficollis","Streak-breasted Scimitar-Babbler",530
"Apus leuconyx","Blyth's Swift",535
"Pericrocotus roseus","Rosy Minivet",535
"Phyllergates cucullatus","Mountain Tailorbird",535
"Clamator coromandus","Chestnut-winged Cuckoo",541
"Phoenicurus erythrogastrus","White-winged Redstart",541
"Prunella collaris","Alpine Accentor",545
"Emberiza pusilla","Little Bunting",547
"Cyanoderma chrysaeum","Golden Babbler",549
"Calidris alba","Sanderling",557
"Phylloscopus sindianus","Mountain Chiffchaff",559
"Ceyx erithaca","Black-backed Dwarf-Kingfisher",561
"Phylloscopus castaniceps","Chestnut-crowned Warbler",563
"Macropygia unchall","Barred Cuckoo-Dove",568
"Turdus albocinctus","White-collared Blackbird",572
"Chalcoparia singalensis","Ruby-cheeked Sunbird",573
"Zoothera dauma","Scaly Thrush",576
"Niltava grandis","Large Niltava",578
"Treron apicauda","Pin-tailed Green-Pigeon",582
"Prinia rufescens","Rufescent Prinia",585
"Aethopyga gouldiae","Mrs. Gould's Sunbird",590
"Coturnix coturnix","Common Quail",591
"Eremophila alpestris","Horned Lark",591
"Aviceda leuphotes","Black Baza",595
"Pica pica","Eurasian Magpie",597
"Pterorhinus pectoralis","Greater Necklaced Laughingthrush",597
"Psilopogon cyanotis","Blue-eared Barbet",602
"Pericrocotus brevirostris","Short-billed Minivet",606
"Arenaria interpres","Ruddy Turnstone",610
"Cettia brunnifrons","Gray-sided Bush Warbler",617
"Tarsiger chrysaeus","Golden Bush-Robin",617
"Columba rupestris","Hill Pigeon",621
"Cyornis poliogenys","Pale-chinned Flycatcher",625
"Tesia cyaniventer","Gray-bellied Tesia",634
"Enicurus schistaceus","Slaty-backed Forktail",640
"Psilopogon franklinii","Golden-throated Barbet",640
"Circus cyaneus","Hen Harrier",642
"Blythipicus pyrrhotis","Bay Woodpecker",650
"Delichon urbicum","Western House-Martin",653
"Alcedo meninting","Blue-eared Kingfisher",661
"Lewinia striata","Slaty-breasted Rail",664
"Pterorhinus ruficollis","Rufous-necked Laughingthrush",675
"Muscicapa striata","Spotted Flycatcher",684
"Stachyris nigriceps","Gray-throated Babbler",684
"Erpornis zantholeuca","White-bellied Erpornis",691
"Pnoepyga pusilla","Pygmy Cupwing",692
"Asio flammeus","Short-eared Owl",697
"Carduelis caniceps","Gray-crowned Goldfinch",703
"Garrulus glandarius","Eurasian Jay",703
"Buceros bicornis","Great Hornbill",705
"Actinodura strigula","Chestnut-tailed Minla",713
"Circus melanoleucos","Pied Harrier",728
"Halcyon pileata","Black-capped Kingfisher",730
"Chroicocephalus genei","Slender-billed Gull",735
"Cuculus poliocephalus","Lesser Cuckoo",737
"Ixos mcclellandii","Mountain Bulbul",737
"Otus spilocephalus","Mountain Scops-Owl",738
"Delichon nipalense","Nepal House-Martin",739
"Pomatorhinus schisticeps","White-browed Scimitar-Babbler",740
"Calidris alpina","Dunlin",745
"Tephrodornis virgatus","Large Woodshrike",745
"Calliope calliope","Siberian Rubythroat",748
