"gridg0","group.id","month","timegroups"
"248864","S101406901",7,"2011-2012"
"263814","S101532754",10,"2011-2012"
"265783","S101487227",4,"2007-2010"
"256670","S101519659",12,"2011-2012"
"257319","S101408526",2,"2011-2012"
"258605","S101400483",7,"2011-2012"
"260555","S101358243",4,"2011-2012"
"256670","S101719355",1,"2011-2012"
"257319","S44816396",1,"2011-2012"
"256670","S101572595",12,"2013"
"253417","S45404823",8,"2013"
"254081","S101586798",12,"2013"
"256670","S101576158",12,"2013"
"261205","S45411419",4,"2011-2012"
"261223","S45419980",9,"2013"
"262522","S45415384",1,"2011-2012"
"258620","S101577670",12,"2013"
"265783","S101699001",12,"2013"
"253411","S13042759",2,"2011-2012"
"264471","S44815057",4,"2013"
"266435","S44789162",11,"2014"
"272936","G979854",4,"2013"
"269029","S104476003",11,"2014"
"261873","S45418608",5,"2013"
"261227","S104204558",9,"2014"
"261222","S47513380",6,"2014"
"254071","S45406115",2,"2013"
"259905","S101342785",4,"2013"
"264462","S104369811",11,"2014"
"263169","S44792294",1,"2013"
"257317","S104208098",10,"2014"
"271623","S45410328",8,"2014"
"254079","S101584727",12,"2014"
"259905","S101469731",5,"2013"
"264471","S44814722",4,"2013"
"260572","S47514277",7,"2014"
"260568","S101517002",4,"2013"
"261876","S101489025",3,"2013"
"257319","S104372064",1,"2013"
"259921","S47513480",6,"2014"
"261222","S47513657",3,"2013"
"259905","S101517832",4,"2013"
"260573","S45419037",9,"2014"
"257319","S101538373",3,"2013"
"253411","S17211396",2,"2013"
"261223","S20754005",11,"2014"
"256671","S25403451",2,"2014"
"261224","S47523170",2,"2014"
"259270","S26456771",12,"2015"
"256671","S25403452",2,"2014"
"258620","S47514047",3,"2014"
"265784","S44783307",6,"2015"
"252781","S44894621",12,"2015"
"261224","S45615996",1,"2014"
"265784","S44784546",6,"2015"
"257320","S29214338",12,"2015"
"259270","S26503706",12,"2015"
"263188","S188607897",4,"2015"
"263837","S188456456",4,"2015"
"256670","S102798412",5,"2015"
"271628","G4224795",5,"2015"
"263839","S188591679",4,"2015"
"265784","S102798888",5,"2015"
"269029","S102800102",5,"2015"
"256021","S187467281",4,"2015"
"256670","S32360545",10,"2016"
"261204","S32629689",11,"2016"
"263814","S101071827",9,"2016"
"272275","S29913819",5,"2015"
"263815","S101477329",11,"2016"
"257320","S188434625",4,"2015"
"257319","S45616288",4,"2015"
"258620","S101019738",4,"2015"
"256021","S187466547",4,"2015"
"263188","S101021225",4,"2015"
"265783","S102799261",5,"2015"
"268377","S29913982",5,"2015"
"265784","S104375227",7,"2016"
"265784","S45616437",7,"2016"
"271626","S104427891",6,"2016"
"259270","S26663879",1,"2015"
"265134","S45628060",7,"2016"
"259270","S26661610",1,"2015"
"258620","S101019612",4,"2015"
"257317","S102773802",9,"2017"
"269029","S103909054",2,"2016"
"263815","S104588112",11,"2017"
"256021","G2759588",11,"2017"
"256670","S261634143",12,"2017"
"261223","G2759530",11,"2017"
"265784","S48752620",4,"2016"
"256020","S261625601",12,"2017"
"265132","S95050962",2,"2016"
"254079","S45299057",4,"2016"
"254071","S127315065",1,"2016"
"258619","S101820589",7,"2017"
"255369","S45294340",4,"2016"
"263164","G2759528",11,"2017"
"272936","S61926994",11,"2017"
"256020","S261636866",12,"2017"
"255369","S45293971",4,"2016"
"261224","S102262810",12,"2017"
"257319","S127322525",1,"2016"
"265784","S102742791",5,"2016"
"271626","S39551840",9,"2017"
"257969","S44890331",11,"2017"
"259918","S45294720",4,"2016"
"263813","S66028037",11,"2017"
"261222","S104497041",2,"2016"
"254081","S44890212",10,"2017"
"263813","G2759522",11,"2017"
"256020","S45296513",4,"2016"
"265784","S102742205",5,"2016"
"261877","S102773230",3,"2016"
"263164","G2757678",11,"2017"
"267725","S36899551",5,"2016"
"256025","S39223898",9,"2017"
"265132","G3603385",11,"2018"
"262514","S102328487",11,"2018"
"263815","S102328819",11,"2018"
"257320","G3643915",12,"2018"
"261222","S50386504",10,"2018"
"256021","G3679797",12,"2018"
"256021","G3596333",11,"2018"
"265132","G3643917",12,"2018"
"265132","S47224051",7,"2018"
"272936","G3616252",11,"2018"
"257320","G3616242",11,"2018"
"265783","G3668503",12,"2018"
"265134","S137814500",12,"2018"
"261222","G3600664",11,"2018"
"265132","S55043017",12,"2018"
"265784","G3616249",11,"2018"
"265132","S50609308",12,"2018"
"265132","G3643918",12,"2018"
"260572","S43968642",3,"2017"
"256020","S215876786",11,"2018"
"265783","G3665047",12,"2018"
"265783","G3616243",11,"2018"
"256021","G3683736",12,"2018"
"265783","G3616248",11,"2018"
"265783","S51166743",12,"2018"
"256020","S230382726",12,"2018"
"256021","G3683735",12,"2018"
"260572","S44115530",3,"2017"
"261222","G3616241",11,"2018"
"259919","S55042435",12,"2018"
"263830","S51728513",12,"2018"
"260573","S47224194",6,"2018"
"261223","S50436372",12,"2018"
"257320","S51514904",12,"2018"
"259912","S101770367",10,"2018"
"265784","S51319343",12,"2018"
"256676","G3643916",12,"2018"
"265783","G3665046",12,"2018"
"265784","S47162900",7,"2018"
"261223","S50887893",12,"2018"
"262522","S51615363",12,"2018"
"261222","G3616239",11,"2018"
"265132","S50386849",11,"2018"
"261872","S44889873",4,"2017"
"256676","S47223027",6,"2018"
"261872","S41983489",1,"2017"
"257320","S50312527",9,"2018"
"261877","S47223469",6,"2018"
"261223","S50958170",12,"2018"
"265784","S47457165",7,"2018"
"261872","S47824127",8,"2018"
"260573","G3614248",11,"2018"
"257320","S215874400",11,"2018"
"266437","S102440235",5,"2017"
"253430","G3616245",11,"2018"
"261872","S42696171",2,"2017"
"261222","S49987089",11,"2018"
"265132","S47223910",7,"2018"
"259918","S51167593",12,"2018"
"261872","S46824384",6,"2018"
"256021","S55042046",12,"2018"
"265132","S50609172",12,"2018"
"259921","S82077692",11,"2018"
"257970","S102198057",1,"2017"
"260573","S49982611",11,"2018"
"261220","S47461356",7,"2018"
"263813","S47223362",6,"2018"
"265784","S51755332",12,"2018"
"265132","S50333861",9,"2018"
"265784","S48544375",9,"2018"
"265134","S45094947",4,"2017"
"260569","S42744239",2,"2017"
"256670","S51043316",12,"2018"
"256021","S51318108",12,"2018"
"256670","S101825116",3,"2017"
"256670","S48809796",3,"2017"
"263814","S101773984",4,"2017"
"259912","S101770680",10,"2018"
"259918","S51318883",12,"2018"
"272937","S46866571",6,"2018"
"260574","S50961279",12,"2018"
"265784","S51318412",12,"2018"
"261872","S48588653",9,"2018"
"261873","S46832880",6,"2018"
"265132","S50312555",9,"2018"
"262519","S44621384",4,"2017"
"261872","S41859440",1,"2017"
"260573","S49531623",10,"2018"
"256021","S51070938",12,"2018"
"260573","S44483270",4,"2017"
"265784","S51318982",1,"2017"
"256670","S50639522",12,"2018"
"256670","S51070750",12,"2018"
"265134","S101078545",11,"2018"
"261223","S50464179",12,"2018"
"255371","S43228856",2,"2017"
"262522","S51615489",12,"2018"
"256021","S50386761",11,"2018"
"256025","S47288451",7,"2018"
"260572","S45125059",3,"2017"
"256021","S51318248",12,"2018"
"261223","S50958390",12,"2018"
"265784","S102070463",3,"2018"
"270321","S102388535",3,"2018"
"265784","G4805973",12,"2019"
"265783","S62390507",3,"2018"
"267071","S54611956",4,"2018"
"254067","S63346218",12,"2019"
"265784","G4801958",12,"2019"
"265783","G3911860",3,"2018"
"270321","S102419487",3,"2018"
"265784","G4805802",12,"2019"
"266428","S63305491",12,"2019"
"256021","G3918171",3,"2018"
"265783","S62387854",3,"2018"
"265784","G4796830",12,"2019"
"265784","G4796828",12,"2019"
"265784","G4805127",12,"2019"
"265134","G3911859",3,"2018"
"269680","S60501485",10,"2019"
"265784","G4800814",12,"2019"
"265774","S71797212",12,"2019"
"265784","G4805936",12,"2019"
"265784","G4797497",12,"2019"
"258623","S102069343",3,"2018"
"265134","G4796822",12,"2019"
"265134","G4796824",12,"2019"
"265784","G4800645",12,"2019"
"261222","G3912314",3,"2018"
"260571","S60444013",10,"2019"
"258619","S63347150",12,"2019"
"265784","G4801646",12,"2019"
"260571","S60539002",10,"2019"
"265773","S63346407",12,"2019"
"260573","S51614760",1,"2018"
"269680","S60710029",10,"2019"
"265784","G4805286",12,"2019"
"265784","G4796826",12,"2019"
"256021","S60472091",10,"2019"
"263830","G3900959",2,"2018"
"258619","S63346459",12,"2019"
"265134","G4796821",12,"2019"
"265784","G4801023",12,"2019"
"265784","G4801908",12,"2019"
"265134","G4801762",12,"2019"
"262528","G3900860",2,"2018"
"265784","G4801267",12,"2019"
"258619","S102068332",3,"2018"
"265784","G4796825",12,"2019"
"269680","S60687999",10,"2019"
"261222","G3900694",2,"2018"
"269680","S60687487",10,"2019"
"269680","S60444855",10,"2019"
"259921","S62944417",11,"2019"
"265784","G4805468",12,"2019"
"258619","S63347682",12,"2019"
"257320","S60474102",10,"2019"
"265784","S101996444",8,"2019"
"269680","S58904574",8,"2019"
"257320","S60491203",10,"2019"
"269680","S60501702",10,"2019"
"265784","G4806127",12,"2019"
"265784","S62388967",3,"2018"
"257323","S101826307",3,"2018"
"254732","S100779505",4,"2018"
"269680","S60520864",10,"2019"
"265784","G4797503",12,"2019"
"265784","G4796829",12,"2019"
"261222","S104530119",11,"2019"
"267725","S58727078",7,"2019"
"256021","S60493109",10,"2019"
"265783","G3905070",3,"2018"
"269680","S60733130",10,"2019"
"261223","S60448324",10,"2019"
"269680","S59967741",9,"2019"
"265134","S62765649",12,"2019"
"261224","S102632024",1,"2018"
"265784","S101996976",8,"2019"
"270329","S60857385",10,"2019"
"261223","S60661896",9,"2019"
"269680","S59604028",8,"2019"
"269680","S59967836",9,"2019"
"269680","S58899774",8,"2019"
"265784","G4801895",12,"2019"
"270329","S60733218",10,"2019"
"263163","S71823210",12,"2019"
"258619","S63346187",12,"2019"
"265784","G4801692",12,"2019"
"259921","S63346282",12,"2019"
"263172","S54897359",4,"2018"
"267726","S63315528",12,"2019"
"262527","S62690188",12,"2019"
"269680","S60554131",10,"2019"
"259919","S101077570",12,"2019"
"269680","S58935948",6,"2019"
"260572","S72364830",12,"2019"
"259919","S60519090",10,"2019"
"258619","S102267783",6,"2019"
"265784","G4806004",12,"2019"
"257320","S54370672",3,"2018"
"258623","S101830756",1,"2018"
"269680","S60445171",10,"2019"
"258619","S102268139",7,"2019"
"259274","S102571653",12,"2019"
"269680","S60732838",10,"2019"
"267725","S60569280",10,"2019"
"269680","S60552426",10,"2019"
"265784","S62729005",12,"2019"
"265784","S62760655",12,"2019"
"270977","S59242094",8,"2019"
"259271","S101078075",12,"2019"
"263830","S62690628",12,"2019"
"257320","S60472587",10,"2019"
"259921","G4816905",1,"2019"
"256020","G4817764",1,"2019"
"255369","G4823029",1,"2019"
"257970","G4828928",1,"2019"
"257970","G4828971",1,"2019"
"259919","S97769364",2,"2019"
"257970","G4926536",1,"2019"
"255369","G4930673",2,"2019"
"265784","G4808905",1,"2019"
"265784","G4809006",1,"2019"
"265784","G4809445",1,"2019"
"265784","G4809399",1,"2019"
"258619","G4939570",2,"2019"
"257970","G4939567",2,"2019"
"259921","G4945623",2,"2019"
"265784","G4809146",1,"2019"
"259271","S64143938",2,"2019"
"259921","G4816707",1,"2019"
"259921","G4822334",1,"2019"
"256669","G4817821",1,"2019"
"258618","G4828729",1,"2019"
"258619","G4828809",1,"2019"
"257970","G4828851",1,"2019"
"258618","G4828710",1,"2019"
"259919","G4834428",1,"2019"
"259919","G4834357",1,"2019"
"259274","S63204481",1,"2019"
"259270","G5356189",2,"2019"
"264482","G5356193",2,"2019"
"261223","G4926863",1,"2019"
"258620","S63959312",1,"2019"
"257970","S64000111",2,"2019"
"256020","G4939569",2,"2019"
"258619","G6046248",1,"2019"
"259921","S64107730",2,"2019"
"259274","S65429991",2,"2019"
"259270","S65431597",2,"2019"
"259274","S77907756",12,"2020"
"261872","S67067018",4,"2019"
"261873","S71478176",7,"2020"
"260572","S72420516",3,"2019"
"261873","S70979692",6,"2020"
"261222","S73092472",9,"2020"
"263163","S71830302",1,"2019"
"265134","S76664579",11,"2020"
"262524","S77080037",6,"2020"
"258618","S101796323",1,"2019"
"258618","S101795659",1,"2019"
"258623","S102569285",12,"2020"
"265784","S102892337",2,"2019"
"261222","S104532067",1,"2019"
"265784","S102900346",2,"2019"
"257320","G4817886",1,"2019"
"257320","S97612694",2,"2019"
"257320","G5356191",2,"2019"
"257320","S64081990",2,"2019"
"257320","S64492700",2,"2019"
"256021","G4817431",1,"2019"
"259918","S64412508",2,"2019"
"259921","S62889847",1,"2019"
"259270","G4817038",1,"2019"
"258619","S63159406",1,"2019"
"265134","S64888821",2,"2019"
"259921","G4926537",1,"2019"
"261223","S64773701",2,"2019"
"256020","S66340357",3,"2019"
"261873","S71511010",7,"2020"
"263163","S71832601",4,"2019"
"260572","G5630347",8,"2020"
"256670","S72421015",3,"2019"
"260572","S74916033",10,"2020"
"259275","S80528022",12,"2020"
"260574","S102009369",5,"2019"
"257317","S104478634",7,"2020"
"257320","G4823068",1,"2019"
"256021","G4817524",1,"2019"
"256021","G4817759",1,"2019"
"256021","S64773687",2,"2019"
"270329","S75070453",2,"2019"
"259921","G4818155",1,"2019"
"258618","S64194232",2,"2019"
"254068","S64627056",2,"2019"
"261223","S65649563",3,"2019"
"261873","S71538920",7,"2020"
"262512","S71830967",2,"2019"
"260572","S72280117",8,"2020"
"254071","S75017463",10,"2020"
"262514","S75924723",11,"2020"
"259274","S102473124",2,"2019"
"257317","S104478519",6,"2020"
"260574","S104497726",2,"2019"
"257320","S64773707",2,"2019"
"256021","G5356190",2,"2019"
"261222","S63034155",1,"2019"
"255369","S64110681",2,"2019"
"259921","S64194217",2,"2019"
"256020","S66387517",3,"2019"
"261873","S71714857",7,"2020"
"261873","S71012484",7,"2020"
"257973","S77908650",12,"2020"
"261222","S104531694",1,"2019"
"257320","S64114655",2,"2019"
"269680","S75046360",1,"2019"
"265784","G4809259",1,"2019"
"265784","S64932474",2,"2019"
"260573","S66026430",3,"2019"
"259921","S77003013",12,"2020"
"258619","S99155485",12,"2020"
"257320","S77003727",12,"2020"
"265784","G4809341",1,"2019"
"265784","S62832451",1,"2019"
"259921","S64141813",2,"2019"
"261873","S71661034",7,"2020"
"261873","S71594755",7,"2020"
"261223","S72279863",8,"2020"
"258620","S77539192",12,"2020"
"256020","S65073170",2,"2019"
"261222","S74832877",10,"2020"
"257970","S101077439",12,"2020"
"256021","S64112171",2,"2019"
"269680","S75046737",1,"2019"
"259921","S62978491",1,"2019"
"259273","S77909663",12,"2020"
"261873","S70835056",6,"2020"
"257970","G4829349",1,"2019"
"261873","S71419756",7,"2020"
"258618","G4828794",1,"2019"
"261873","S71690284",7,"2020"
"254718","S71112381",7,"2020"
"261873","S71043621",7,"2020"
"260573","S73126486",9,"2020"
"261873","S70832023",6,"2020"
"270329","S75070746",2,"2019"
"258618","S64141556",2,"2019"
"258619","S85947009",4,"2019"
"261873","S70860163",6,"2020"
"258620","S71974654",7,"2020"
"254718","S71182554",7,"2020"
"259919","G6219405",1,"2020"
"259919","G6219407",1,"2020"
"259919","G6220151",1,"2020"
"258619","S78634321",1,"2020"
"260572","S90851259",6,"2021"
"258618","G6247906",2,"2020"
"258618","G6214891",1,"2020"
"259919","G6214887",1,"2020"
"259270","G6214886",1,"2020"
"255369","G6234916",1,"2020"
"259921","G6249611",1,"2020"
"259269","G6234923",2,"2020"
"259269","G6234915",1,"2020"
"257319","G6234919",1,"2020"
"259269","G6271802",2,"2020"
"254721","G6244742",2,"2020"
"259921","G7630741",12,"2021"
"258617","G6256483",2,"2020"
"256670","S80682939",2,"2020"
"256670","S80683658",2,"2020"
"261225","G6271559",2,"2020"
"255369","G6214885",1,"2020"
"259921","G6214884",1,"2020"
"259919","G6214888",1,"2020"
"259920","G6220154",1,"2020"
"259271","G6220150",1,"2020"
"259269","G6234922",2,"2020"
"259269","G6279739",2,"2020"
"259921","G6234921",1,"2020"
"254071","G6246403",2,"2020"
"259921","G6262484",2,"2020"
"259921","G6278981",2,"2020"
"261215","G6256485",2,"2020"
"259916","G6256482",2,"2020"
"263174","G6271557",2,"2020"
"261224","G6278979",2,"2020"
"255371","G6473492",3,"2020"
"257970","G6306510",2,"2020"
"261218","S90851110",6,"2021"
"261218","S90850836",6,"2021"
"258619","S85637294",4,"2020"
"265139","S85699670",3,"2020"
"259921","G6448116",3,"2020"
"257970","G6448827",3,"2020"
"258621","G6466363",3,"2020"
"263174","G6466366",3,"2020"
"263170","S84249458",3,"2020"
"259269","G6466362",3,"2020"
"258618","G6469995",3,"2020"
"260574","G6473488",3,"2020"
"265140","S85084999",3,"2020"
"258618","S86408938",4,"2020"
"259270","G7631169",12,"2021"
"261222","S98782558",11,"2021"
"261222","S98982307",12,"2021"
"261223","S95183468",9,"2021"
"258618","S99392076",12,"2021"
"254080","G7630902",12,"2021"
"258618","G7630772",12,"2021"
"258618","G7630783",12,"2021"
"258619","G7630790",12,"2021"
"258618","G7631171",12,"2021"
"254081","G7630968",12,"2021"
"257970","G7631167",12,"2021"
"254082","G7631073",12,"2021"
"254081","G7631318",12,"2021"
"258617","S101028672",9,"2021"
"263164","S97457787",11,"2021"
"260574","S98745777",11,"2021"
"261222","S98749962",12,"2021"
"254080","G7630717",12,"2021"
"254081","G7630950",12,"2021"
"254081","G7631042",12,"2021"
"254726","G7631166",12,"2021"
"254080","G7631160",12,"2021"
"254081","G7631228",12,"2021"
"254081","G7631344",12,"2021"
"259921","G7630730",12,"2021"
"254082","G7631063",12,"2021"
"254082","G7631082",12,"2021"
"255376","G7631165",12,"2021"
"254079","G7631162",12,"2021"
"254080","G7631159",12,"2021"
"259274","S101808013",10,"2021"
"256676","S101809262",10,"2021"
"267073","S102627271",2,"2020"
"256670","S121043068",12,"2021"
"256021","G6303479",2,"2020"
"256021","G6473491",3,"2020"
"260572","S91156004",7,"2021"
"260572","S95012506",9,"2021"
"259921","G6220153",1,"2020"
"261216","G6256477",2,"2020"
"259921","G6249612",1,"2020"
"259921","G6319244",2,"2020"
"259921","G6244746",1,"2020"
"255371","G6249613",1,"2020"
"259920","G6220152",1,"2020"
"256671","S80167941",1,"2020"
"258619","G6234920",1,"2020"
"261222","S83369089",3,"2020"
"259921","G6246402",2,"2020"
"259271","G6271560",2,"2020"
"256670","S80682435",2,"2020"
"259269","G6278980",2,"2020"
"258621","G6448826",3,"2020"
"261224","G6466365",3,"2020"
"261222","S98791626",11,"2021"
"260572","S87820360",3,"2020"
"257969","S97229168",11,"2021"
"265782","S97769728",11,"2021"
"265782","S98033996",11,"2021"
"254080","G7630703",12,"2021"
"259921","G7630727",12,"2021"
"259921","G7630736",12,"2021"
"254081","G7631056",12,"2021"
"263163","S101042196",11,"2021"
"259923","S98778773",11,"2021"
"254081","G7631034",12,"2021"
"254081","G7631299",12,"2021"
"256020","S108785373",11,"2021"
"257320","G6469996",3,"2020"
"269680","S81858572",2,"2020"
"269680","S81860913",1,"2020"
"258620","S79914584",1,"2020"
"259920","G6279742",2,"2020"
"259270","G6234918",2,"2020"
"256670","S80679566",2,"2020"
"259269","S85636667",4,"2020"
"261222","S98588823",12,"2021"
"265782","S90637532",6,"2021"
"265782","S98842668",12,"2021"
"254081","G7631002",12,"2021"
"256020","S97457790",11,"2021"
"269680","S81859136",1,"2020"
"259921","G6234913",1,"2020"
"259921","G6279738",2,"2020"
"259921","G6319242",2,"2020"
"259919","G6219406",1,"2020"
"256669","S80684759",2,"2020"
"258620","S82427057",2,"2020"
"258621","G6473493",3,"2020"
"261222","S99228491",12,"2021"
"265782","S98447243",12,"2021"
"265782","S97998122",11,"2021"
"254081","S100257109",12,"2021"
"254080","G7631192",12,"2021"
"263164","S97334542",11,"2021"
"261222","S101024140",12,"2021"
"262524","S100966798",12,"2021"
"257970","G7631168",12,"2021"
"254081","S100261392",12,"2021"
"254081","S100260303",12,"2021"
"265139","S101072524",3,"2020"
"256021","G6306403",2,"2020"
"270977","S81859002",2,"2020"
"256670","S80681011",2,"2020"
"258618","S86307875",4,"2020"
"261216","G6256478",2,"2020"
"258618","S80686382",2,"2020"
"256669","G6234917",1,"2020"
"257324","S80397077",2,"2020"
"257970","G6466364",3,"2020"
"261225","G6309041",2,"2020"
"258619","S99040490",12,"2021"
"261222","S99396473",12,"2021"
"261224","S100978537",12,"2021"
"254082","G7631329",12,"2021"
"257969","S100153860",11,"2021"
"258625","S98173986",11,"2021"
"260573","S99407423",4,"2020"
"256021","G6473490",3,"2020"
"269680","S81861023",1,"2020"
"256676","S80399934",2,"2020"
"261872","S101021631",10,"2021"
"257970","S101018111",11,"2021"
"258620","S85132512",4,"2020"
"258620","S82359375",2,"2020"
"259921","G6256464",2,"2020"
"256019","S80685181",2,"2020"
"261218","S82153847",2,"2020"
"258619","S85939992",4,"2020"
"261224","G6473489",3,"2020"
"258619","S100989169",12,"2021"
"265782","S93027188",8,"2021"
"259921","S83225223",3,"2020"
"261223","S211312757",2,"2020"
"269680","S81858712",2,"2020"
"269680","S81858687",2,"2020"
"260572","S95195920",9,"2021"
"257970","S83784215",3,"2020"
"263170","S84249501",3,"2020"
"269680","S81858629",2,"2020"
"260572","S98793085",3,"2020"
"262523","S101022052",12,"2021"
"256676","S80527869",2,"2020"
"258618","S98607973",11,"2021"
"259275","S99156763",12,"2021"
"265139","S146974128",3,"2020"
"258618","S166752904",4,"2020"
"256676","S80398793",2,"2020"
"254721","G6244743",2,"2020"
"256671","S79728111",1,"2020"
"263812","S97423434",11,"2021"
"257969","S80685647",2,"2020"
"256021","S118059167",12,"2021"
"259919","G7641308",1,"2021"
"259919","S106762744",3,"2021"
"259919","G9357004",12,"2022"
"258618","S100531123",1,"2021"
"259921","G7641335",1,"2021"
"259921","G7642056",1,"2021"
"257970","S123715912",12,"2022"
"259269","G7680873",1,"2021"
"257970","S123939342",12,"2022"
"261222","G7744062",1,"2021"
"257319","S101022312",1,"2021"
"257969","S107602132",4,"2021"
"257323","S102115935",2,"2021"
"259270","G9357002",12,"2022"
"261223","G7732119",1,"2021"
"259923","G7736492",1,"2021"
"254082","G7631115",1,"2021"
"254079","G7736775",1,"2021"
"261225","G7631139",1,"2021"
"261224","G7631141",1,"2021"
"254081","G7631348",1,"2021"
"259921","G7664945",1,"2021"
"254081","G7732320",1,"2021"
"254081","G7732324",1,"2021"
"265139","S104033355",2,"2021"
"254081","G7631098",1,"2021"
"254082","G7631120",1,"2021"
"259919","G7641311",1,"2021"
"254082","G7631103",1,"2021"
"261222","S100602730",1,"2021"
"259269","S100596107",1,"2021"
"261222","G7888638",2,"2021"
"261222","S101189495",1,"2021"
"254727","S101075657",1,"2021"
"261222","G7736902",1,"2021"
"257319","S101655759",1,"2021"
"256670","S127334056",12,"2022"
"258618","S103882467",2,"2021"
"259274","S102190619",2,"2021"
"258618","S104499466",2,"2021"
"256669","S104553106",2,"2021"
"256670","S104746108",2,"2021"
"257970","S102675218",2,"2021"
"257969","S102826185",2,"2021"
"260573","S102948665",2,"2021"
"261222","S103205447",2,"2021"
"261222","S103173263",2,"2021"
"257319","S102964322",2,"2021"
"258619","S102964458",2,"2021"
"261222","S124460308",12,"2022"
"257319","S103311568",2,"2021"
"256670","S103379364",2,"2021"
"260572","S106247190",3,"2021"
"263189","S103974484",2,"2021"
"256670","S104030255",2,"2021"
"257970","S103881644",2,"2021"
"269672","S104183479",2,"2021"
"257319","S104029612",2,"2021"
"261222","S104270417",3,"2021"
"261223","S106671159",4,"2021"
"268379","S104183928",2,"2021"
"257323","S104495478",2,"2021"
"254081","G7997876",3,"2021"
"257320","S104539903",2,"2021"
"257320","G8019101",2,"2021"
"261224","S107046886",4,"2021"
"254081","G8001301",3,"2021"
"260574","G8011775",3,"2021"
"257320","S104651090",2,"2021"
"262524","S107513188",4,"2021"
"254081","S105518918",3,"2021"
"258618","S105962613",3,"2021"
"257320","S106777191",4,"2021"
"256670","S106843842",4,"2021"
"256670","G8347887",5,"2021"
"261224","S107066310",4,"2021"
"272936","S107239073",4,"2021"
"272937","G8204967",4,"2021"
"272936","G8205089",4,"2021"
"272937","G8233366",4,"2021"
"263173","S108033420",4,"2021"
"256671","G8347902",5,"2021"
"257970","S111158232",2,"2021"
"257970","S111152824",2,"2021"
"254081","S111802326",5,"2021"
"258619","S113528675",6,"2022"
"259274","S114767201",7,"2022"
"272285","G9004045",10,"2022"
"272936","G9078345",10,"2022"
"264481","G9078344",10,"2022"
"261223","S121931956",11,"2022"
"261223","S124505771",12,"2022"
"256020","S124679267",12,"2022"
"262520","G9547368",12,"2022"
"256670","S124813993",12,"2022"
"256670","G9547367",12,"2022"
"262514","S122407562",11,"2022"
"257967","S122112747",11,"2022"
"256670","S124501135",12,"2022"
"261223","S124503241",12,"2022"
"259270","G9363901",12,"2022"
"256670","S124509621",12,"2022"
"261222","G9547369",12,"2022"
"257970","G9363899",12,"2022"
"257970","G9363900",12,"2022"
"256670","S124507837",12,"2022"
"261223","S124501224",12,"2022"
"257320","S102468788",2,"2021"
"257320","S122868268",11,"2022"
"256021","G8336439",5,"2021"
"256021","S158005099",4,"2021"
"256021","S104495893",2,"2021"
"257320","S158005194",4,"2021"
"257320","S101267436",1,"2021"
"256021","G7664938",1,"2021"
"256021","S124741397",12,"2022"
"265783","G9004044",10,"2022"
"258619","S103133127",2,"2021"
"258620","S120286469",10,"2022"
"258619","S100532074",1,"2021"
"259921","G7664935",1,"2021"
"261222","S101255019",1,"2021"
"258619","S100149214",1,"2021"
"257969","G9213513",10,"2022"
"254080","G7736776",1,"2021"
"256020","G7664932",1,"2021"
"257970","S100144253",1,"2021"
"261222","S100641469",1,"2021"
"257967","S100653590",1,"2021"
"258618","G7736820",1,"2021"
"254727","G7736772",1,"2021"
"257319","S101464338",1,"2021"
"259921","S100096075",1,"2021"
"254081","G7631092",1,"2021"
"259921","G7736493",1,"2021"
"267073","S104918389",3,"2021"
"261222","S124452359",12,"2022"
"261222","S124451473",12,"2022"
"260573","S102834401",2,"2021"
"259270","S102964046",2,"2021"
"256670","S104030889",2,"2021"
"261222","S124292132",12,"2022"
"254081","G7997877",3,"2021"
"255371","S104788288",2,"2021"
"263173","G8011780",3,"2021"
"256020","S104791235",2,"2021"
"256670","S103973770",2,"2021"
"263839","S104028755",2,"2021"
"254081","S105286187",3,"2021"
"272937","G8277177",4,"2021"
"272937","G8204638",4,"2021"
"257969","S107433967",4,"2021"
"257969","S107357993",4,"2021"
"263173","S107517421",4,"2021"
"259924","S107588657",4,"2021"
"256020","G8347888",5,"2021"
"258620","S110704099",5,"2021"
"261222","S110705643",5,"2021"
"270977","S121479807",10,"2022"
"259275","G9213515",10,"2022"
"261223","S122153126",11,"2022"
"261223","S122207683",11,"2022"
"261223","S121816035",11,"2022"
"261223","G11660532",12,"2022"
"261223","S124518079",12,"2022"
"256670","S124552994",12,"2022"
"256670","S124457135",12,"2022"
"261223","S124501887",12,"2022"
"261223","S124505243",12,"2022"
"257969","S124815553",12,"2022"
"256670","S124456511",12,"2022"
"262520","S129838515",12,"2022"
"256020","S124809247",12,"2022"
"256021","S106841471",4,"2021"
"256021","S122865786",11,"2022"
"272936","G8205091",4,"2021"
"259919","G9357003",12,"2022"
"259269","S100582263",1,"2021"
"259921","S100153461",1,"2021"
"259921","S106767993",3,"2021"
"258620","S100088674",1,"2021"
"261222","S119310117",9,"2022"
"265782","S105690429",3,"2021"
"254082","G7631108",1,"2021"
"254081","G7631122",1,"2021"
"256671","S104476935",2,"2021"
"257967","S100649552",1,"2021"
"261222","S124290782",12,"2022"
"260573","S102834114",2,"2021"
"261223","S105853906",2,"2021"
"256669","S103879817",2,"2021"
"265789","S104031365",2,"2021"
"259921","S106767984",3,"2021"
"256020","S104028275",2,"2021"
"256670","S103972868",2,"2021"
"261873","S106336835",4,"2021"
"261223","S106671168",4,"2021"
"258618","S106514453",4,"2021"
"256670","G8336440",5,"2021"
"258619","S112173428",6,"2022"
"261223","S124395141",12,"2022"
"261223","S124503290",12,"2022"
"256020","S124742793",12,"2022"
"256020","S124746868",12,"2022"
"256020","G9547365",12,"2022"
"261223","S121869615",11,"2022"
"256670","S124500286",12,"2022"
"261223","S124501892",12,"2022"
"261222","G9547370",12,"2022"
"256020","S124742083",12,"2022"
"261223","G9547364",12,"2022"
"256670","S123779159",12,"2022"
"257320","S106768021",3,"2021"
"256021","S106843938",4,"2021"
"256021","S124813703",12,"2022"
"259921","S100400847",1,"2021"
"265784","S101954421",2,"2021"
"260574","S104290803",3,"2021"
"257973","S104497674",2,"2021"
"261222","S100928647",1,"2021"
"257970","S104497761",2,"2021"
"256670","S109630154",5,"2021"
"261222","S124449327",12,"2022"
"261224","S107046897",4,"2021"
"258618","S110701190",5,"2021"
"254081","S111801443",5,"2021"
"261223","S122052194",11,"2022"
"256670","S124499499",12,"2022"
"256020","S124741043",12,"2022"
"259270","S126908482",12,"2022"
"256021","S122865958",11,"2022"
"261222","S101934473",2,"2021"
"256671","S100923466",1,"2021"
"257967","S100657014",1,"2021"
"256670","S103482745",2,"2021"
"258618","S106768035",3,"2021"
"259923","S118607331",9,"2022"
"261222","S124293395",12,"2022"
"261224","S107449475",4,"2021"
"254081","S105517842",3,"2021"
"256670","S104031311",2,"2021"
"256671","S103483444",2,"2021"
"258619","S113270491",6,"2022"
"258619","S113527878",6,"2022"
"261223","S124809888",12,"2022"
"256670","S124500734",12,"2022"
"256021","S124810115",12,"2022"
"257320","S106907259",4,"2021"
"256021","S106914258",4,"2021"
"261224","S103878903",2,"2021"
"256670","S103392246",2,"2021"
"261223","S124500392",12,"2022"
"256020","S124811143",12,"2022"
"257319","S124681204",12,"2022"
"256021","G9130668",10,"2022"
"261222","S124755990",12,"2022"
"256020","S124743815",12,"2022"
"257320","S122868213",11,"2022"
"259919","S122266777",11,"2022"
"259921","S100578354",1,"2021"
"270335","S121480600",10,"2022"
"261223","S124502574",12,"2022"
"257320","S124555713",12,"2022"
"256670","S195189904",12,"2022"
"261223","S123624766",12,"2022"
"254727","G7736774",1,"2021"
"256020","S124805654",12,"2022"
"257320","S105854617",2,"2021"
"256021","S124744008",12,"2022"
"256670","S195190073",12,"2022"
"256020","S124679247",12,"2022"
"258618","S106513092",4,"2021"
"265782","S102994149",2,"2021"
"261873","S107669470",4,"2021"
"257320","S111159872",2,"2021"
"266434","S121480603",10,"2022"
"257320","G13053261",12,"2022"
"262523","S107615892",4,"2021"
"263839","S104029548",2,"2021"
"260572","S124242756",12,"2022"
"254081","S105523462",3,"2021"
"258619","S100968319",1,"2021"
"256021","S123623544",12,"2022"
"265782","S122970028",11,"2022"
"257325","S122497168",11,"2022"
"256021","S123779575",12,"2022"
"261223","S124870129",12,"2022"
"256020","S124807552",12,"2022"
"261223","S124503204",12,"2022"
"261223","S124503121",12,"2022"
"260572","S123676281",12,"2022"
"257320","S120208534",7,"2022"
"265782","S100972148",1,"2021"
"259919","S129659840",2,"2022"
"257970","G14079360",3,"2022"
"257323","S128827218",2,"2022"
"255369","G14083101",3,"2022"
"256669","S126766501",1,"2022"
"258619","S128622020",2,"2022"
"254081","G9787377",3,"2022"
"255369","S133172646",4,"2022"
"256669","S127000474",1,"2022"
"257969","S126686293",1,"2022"
"255369","G15172792",4,"2022"
"265134","S127791117",2,"2022"
"265134","S127854718",2,"2022"
"261222","S133671610",4,"2022"
"261223","S126823637",1,"2022"
"261222","G14079361",3,"2022"
"261222","S129831078",2,"2022"
"265789","S129431918",2,"2022"
"257970","S125371034",1,"2022"
"257323","S129828722",2,"2022"
"258618","S214500105",3,"2022"
"261222","S126900248",1,"2022"
"267073","S131466526",3,"2022"
"261222","S147381780",8,"2023"
"261222","S126883909",1,"2022"
"261222","S128837038",2,"2022"
"261222","G9723266",2,"2022"
"272936","S137202619",5,"2022"
"261224","G9473007",1,"2022"
"256669","S126947168",1,"2022"
"259270","S126909302",1,"2022"
"261222","S125151124",1,"2022"
"256671","S127556236",2,"2022"
"256020","S127562083",2,"2022"
"259270","S127643493",2,"2022"
"261225","G9473004",1,"2022"
"263831","S128846848",2,"2022"
"257325","S127070771",1,"2022"
"254081","S126692342",1,"2022"
"265136","S129477664",2,"2022"
"252781","S127060697",1,"2022"
"256670","S127644000",2,"2022"
"258617","S127636934",2,"2022"
"256670","S127643903",2,"2022"
"259923","S129070492",2,"2022"
"260571","S128842900",2,"2022"
"261222","S128512743",2,"2022"
"256020","S128623771",2,"2022"
"272286","S129066580",2,"2022"
"258619","S129071255",2,"2022"
"261222","S129745715",2,"2022"
"256020","S129250206",2,"2022"
"257323","S129828059",2,"2022"
"258617","G9954856",4,"2022"
"261224","G9954855",4,"2022"
"263173","G9954854",4,"2022"
"261224","S133023970",3,"2022"
"265774","G15172787",4,"2022"
"260572","S135659896",5,"2022"
"261224","S133024473",3,"2022"
"256020","S133931251",4,"2022"
"265773","S134048958",4,"2022"
"261223","S135493887",4,"2022"
"261223","S135498359",4,"2022"
"261223","S135497145",4,"2022"
"257320","S135514323",4,"2022"
"261223","S148293264",8,"2023"
"260572","S144799774",7,"2023"
"261223","S148951950",9,"2023"
"261223","S148674011",8,"2023"
"261223","S148293238",8,"2023"
"261223","S149191997",9,"2023"
"261223","S148673986",8,"2023"
"261222","S149250819",9,"2023"
"261223","S151610271",10,"2023"
"260573","S149191902",9,"2023"
"261222","G14079359",3,"2022"
"256671","G11294367",12,"2023"
"255371","G11294362",12,"2023"
"259270","G11294361",12,"2023"
"261222","G11294360",12,"2023"
"261222","G11294359",12,"2023"
"257973","S157586589",12,"2023"
"256020","G11294369",11,"2023"
"255371","G11294365",12,"2023"
"272936","S168736061",3,"2022"
"256021","S130420450",2,"2022"
"256021","S126997272",1,"2022"
"256021","G14079362",3,"2022"
"256021","G15172788",4,"2022"
"256021","S126522925",1,"2022"
"256021","S136784785",4,"2022"
"256021","S126941462",1,"2022"
"256021","G15172791",4,"2022"
"256021","S128484127",2,"2022"
"256021","S133771868",4,"2022"
"257320","S154956315",3,"2022"
"256021","S132184111",3,"2022"
"256021","G15172790",4,"2022"
"259919","S130422123",2,"2022"
"259919","S126889370",1,"2022"
"254081","S129891473",2,"2022"
"255369","G9468487",1,"2022"
"261222","S127798926",2,"2022"
"265134","S126692469",1,"2022"
"257969","G9473008",1,"2022"
"255369","S136785397",4,"2022"
"265134","S127728205",2,"2022"
"255376","G14079363",3,"2022"
"258618","G14079364",3,"2022"
"257323","S162641433",12,"2023"
"257322","S128427694",2,"2022"
"258617","S127639172",2,"2022"
"256671","S127643929",2,"2022"
"272936","S129570182",2,"2022"
"260573","S129833929",1,"2022"
"254082","S127924014",2,"2022"
"261223","S127066354",1,"2022"
"256021","S131081037",3,"2022"
"257970","S128638927",2,"2022"
"259923","S127921543",2,"2022"
"257321","S128295812",2,"2022"
"261222","G9723268",2,"2022"
"269028","S128634116",2,"2022"
"272937","S128837574",2,"2022"
"256671","S129070875",2,"2022"
"272936","S129891128",2,"2022"
"260573","S135659996",5,"2022"
"261223","S135506185",4,"2022"
"260572","S151524552",10,"2023"
"260572","S144799627",7,"2023"
"260572","S151524560",9,"2023"
"261223","S148951625",9,"2023"
"261223","S151524624",9,"2023"
"260573","S145161488",7,"2023"
"261223","S148951836",9,"2023"
"261223","S148673969",8,"2023"
"261223","S148293508",8,"2023"
"261223","S149191542",9,"2023"
"261223","S148951785",9,"2023"
"255371","S155512849",12,"2023"
"255371","G11294363",12,"2023"
"257320","S126946320",1,"2022"
"256021","S128484943",2,"2022"
"256021","S136784716",4,"2022"
"257970","S127639237",2,"2022"
"257970","S126522863",1,"2022"
"257323","S128355616",2,"2022"
"254081","S127913064",2,"2022"
"265134","S126692575",1,"2022"
"265134","S127735719",2,"2022"
"261223","S127146836",1,"2022"
"261223","S127155729",1,"2022"
"256670","S127500283",2,"2022"
"257970","S127571779",2,"2022"
"259270","S127643423",2,"2022"
"257322","S130950581",3,"2022"
"261222","S128144068",2,"2022"
"254079","S128484449",2,"2022"
"260572","S128626699",2,"2022"
"261224","S127734790",2,"2022"
"263179","S129890165",2,"2022"
"265784","S127735350",2,"2022"
"257321","S129488520",2,"2022"
"257323","S128822098",2,"2022"
"261223","S135507485",4,"2022"
"261223","S145161515",7,"2023"
"260572","S144989847",7,"2023"
"261872","S144799649",7,"2023"
"261223","S144989908",7,"2023"
"261223","S148951849",9,"2023"
"261223","S144799611",7,"2023"
"261223","S148951912",9,"2023"
"260573","S149191982",9,"2023"
"261223","S148674003",8,"2023"
"261223","S148673953",8,"2023"
"261223","S148673978",8,"2023"
"261223","S151524539",10,"2023"
"261223","S148951710",9,"2023"
"263812","S159135397",11,"2023"
"259270","S129854126",2,"2022"
"265134","S129569243",2,"2022"
"261222","S148293074",8,"2023"
"257322","S129560014",2,"2022"
"259923","S127981583",2,"2022"
"257322","S128615881",2,"2022"
"267734","S126692543",1,"2022"
"272936","S129571000",2,"2022"
"260571","S128358025",2,"2022"
"260571","S130305610",3,"2022"
"256670","S135521176",4,"2022"
"265774","S136784479",4,"2022"
"256020","S135521079",4,"2022"
"257320","S135518151",4,"2022"
"261223","S151524613",9,"2023"
"260572","S144799738",7,"2023"
"261222","S148293578",8,"2023"
"260572","S145161471",7,"2023"
"261222","S148293174",8,"2023"
"260573","S149191933",9,"2023"
"260572","S151610241",10,"2023"
"255371","G11294364",12,"2023"
"256674","S155298504",11,"2023"
"255371","G11294366",12,"2023"
"256021","S130885272",3,"2022"
"257320","S128329618",2,"2022"
"265134","S127795083",2,"2022"
"261224","S131753135",3,"2022"
"265139","S129435509",2,"2022"
"261222","S149250765",9,"2023"
"254080","S127060031",1,"2022"
"257322","S125580512",1,"2022"
"257322","S129486347",2,"2022"
"256669","S126092149",1,"2022"
"261225","S131754403",3,"2022"
"261223","S135495542",4,"2022"
"257320","S135513615",4,"2022"
"257320","S135516400",4,"2022"
"256669","S135516445",4,"2022"
"261223","S149191573",9,"2023"
"261223","S144482512",7,"2023"
"261223","S148293676",8,"2023"
"261223","S148951731",9,"2023"
"256020","S129253914",2,"2022"
"257320","S126947400",1,"2022"
"261222","G9723267",2,"2022"
"261223","S144989898",7,"2023"
"261223","S148674145",9,"2023"
"260572","S144989886",7,"2023"
"261222","S148293203",8,"2023"
"261223","S148293047",8,"2023"
"256021","S136784641",4,"2022"
"256021","S125511216",1,"2022"
"257323","S128480707",2,"2022"
"267073","S131465541",3,"2022"
"261222","S128537047",2,"2022"
"260571","S130726364",3,"2022"
"260571","S128041254",2,"2022"
"261223","S148951989",9,"2023"
"258620","S128830776",2,"2022"
"265134","S126692400",1,"2022"
"265134","S127731273",2,"2022"
"257322","S128238026",2,"2022"
"261223","S126827462",1,"2022"
"272286","S129018037",2,"2022"
"259922","G10043472",4,"2022"
"261223","S135491756",4,"2022"
"261223","S148673895",9,"2023"
"261222","S145161508",7,"2023"
"261875","S127646294",2,"2022"
"257322","S125032814",1,"2022"
"259270","S127642267",2,"2022"
"256020","S135519090",4,"2022"
"257968","S134061745",4,"2022"
"259920","S133961696",4,"2022"
"256020","S135520889",4,"2022"
"256671","S127788660",2,"2022"
"260571","S128623508",2,"2022"
"259920","G15172793",4,"2022"
"261220","S133146426",4,"2022"
"257320","S135512575",4,"2022"
"256021","S129666592",2,"2022"
"261225","S127647420",2,"2022"
"267078","S129079095",2,"2022"
"261223","S151610307",10,"2023"
"257320","S131939817",3,"2022"
"256671","S129069813",2,"2022"
"257325","S144482399",7,"2023"
"261223","S148673927",9,"2023"
"261223","S144989916",7,"2023"
"261223","S148293614",8,"2023"
"261223","S144482463",7,"2023"
"261223","S148951739",9,"2023"
"261223","S135645944",5,"2022"
"267079","S129058501",2,"2022"
"261225","S129833152",1,"2022"
"261223","S148673993",8,"2023"
"252781","S127060719",1,"2022"
"260572","S145161458",7,"2023"
"257967","S127640106",2,"2022"
"260572","S149250728",9,"2023"
"261222","S128845411",2,"2022"
"261223","S149192011",9,"2023"
"256670","S129410636",2,"2022"
"261223","S144799716",7,"2023"
"261223","S126883926",1,"2022"
"257968","S127643805",2,"2022"
"261225","S127647443",2,"2022"
"261223","S148951755",9,"2023"
"265123","S126784216",1,"2022"
"256674","S155214481",11,"2023"
"252781","S127065752",1,"2022"
"261223","S145161490",7,"2023"
"261225","S207187464",12,"2024"
"261222","S158619808",1,"2023"
"261223","S172830700",4,"2023"
"261223","S204592887",12,"2024"
"261223","S201839486",11,"2024"
"257969","S161962269",2,"2023"
"257970","S165916544",3,"2023"
"261222","S159142216",1,"2023"
"261222","S159143454",1,"2023"
"261222","S159536246",1,"2023"
"261222","G12073502",4,"2023"
"261224","S160416548",2,"2023"
"258620","S158320181",1,"2023"
"261223","S170894601",4,"2023"
"257322","S178766076",6,"2024"
"257970","S161940083",2,"2023"
"257970","S159324222",1,"2023"
"259923","S162154385",2,"2023"
"259923","S162154246",2,"2023"
"261222","S163255061",2,"2023"
"257323","S158681555",1,"2023"
"272936","G13375658",11,"2024"
"261222","S158004124",1,"2023"
"272936","G13451299",11,"2024"
"272936","G13375657",11,"2024"
"272936","G13451358",11,"2024"
"272936","G13375659",11,"2024"
"272936","G13375660",11,"2024"
"272936","G13451301",11,"2024"
"272936","G13451296",11,"2024"
"257973","S158683733",1,"2023"
"261222","S159759328",1,"2023"
"261222","S158554676",1,"2023"
"259921","S159986125",1,"2023"
"261222","S172547646",4,"2023"
"261222","S160796750",2,"2023"
"259273","S162957955",2,"2023"
"257973","S163258091",2,"2023"
"257973","S163188088",2,"2023"
"265783","S163513277",3,"2023"
"260572","S163392504",3,"2023"
"261222","S163394715",3,"2023"
"261223","S166143148",3,"2023"
"261872","S164863903",3,"2023"
"257970","G12073503",4,"2023"
"257970","G12077383",4,"2023"
"256673","G12257000",4,"2023"
"261873","S170475909",4,"2023"
"256673","S172468158",4,"2023"
"258620","S172547155",4,"2023"
"261222","S172548666",4,"2023"
"258619","S172461885",4,"2023"
"257971","S174396075",5,"2023"
"257970","S172454784",3,"2023"
"257970","S172548218",4,"2023"
"256669","S172451915",3,"2023"
"255371","S174257363",5,"2023"
"261873","S202527178",11,"2024"
"256675","S202446040",11,"2024"
"258620","S203228083",11,"2024"
"257970","S203578409",11,"2024"
"270981","S201997133",11,"2024"
"261873","S202623769",11,"2024"
"272286","G13375656",11,"2024"
"261225","S203341489",11,"2024"
"261873","S202232496",11,"2024"
"261873","S202517220",11,"2024"
"257974","S203546002",11,"2024"
"258620","S203545266",11,"2024"
"260574","S205446147",12,"2024"
"261225","S203773812",11,"2024"
"265783","S204777002",12,"2024"
"259274","S207142674",12,"2024"
"260573","S161934883",2,"2023"
"259274","S161803189",2,"2023"
"258619","S160083635",1,"2023"
"261225","S207290364",9,"2024"
"261222","S164212517",3,"2023"
"258623","S205066534",12,"2024"
"272936","G13451295",11,"2024"
"257974","S157681259",1,"2023"
"272936","G13451356",11,"2024"
"257974","S206998151",12,"2024"
"272936","G13451300",11,"2024"
"265133","S165917767",3,"2023"
"257969","S162166933",2,"2023"
"257973","S161778410",2,"2023"
"257973","S161545228",2,"2023"
"265783","S161936793",2,"2023"
"261222","S163390814",3,"2023"
"261222","S163509545",3,"2023"
"261223","S168501468",4,"2023"
"261222","S170474625",4,"2023"
"257970","S172448315",3,"2023"
"261222","S177174238",5,"2023"
"261222","S178632503",6,"2024"
"261223","S202103380",11,"2024"
"270981","S201839656",11,"2024"
"261873","S202524584",11,"2024"
"261873","S203054985",11,"2024"
"261873","S202327327",11,"2024"
"260572","G12677951",4,"2023"
"257970","S207316295",12,"2024"
"257970","S160314097",2,"2023"
"272936","G13451357",11,"2024"
"257969","S169135989",4,"2023"
"265783","S163651881",3,"2023"
"261223","S166032505",3,"2023"
"265133","S206996581",12,"2024"
"261872","S171718326",4,"2023"
"261873","S168089455",4,"2023"
"261873","S172444245",4,"2023"
"257970","S172458669",3,"2023"
"265783","S203424192",11,"2024"
"270982","S201982560",11,"2024"
"261873","S202512008",11,"2024"
"261873","S203055098",11,"2024"
"272936","G13451355",11,"2024"
"261222","S168993659",4,"2023"
"272936","G13451298",11,"2024"
"265133","S165248114",3,"2023"
"265133","S165355180",3,"2023"
"265133","S162168723",2,"2023"
"261224","S163408869",3,"2023"
"256676","S191048771",8,"2024"
"261873","S202124431",11,"2024"
"270982","S201987888",11,"2024"
"260573","S203237042",11,"2024"
"257322","S158681558",1,"2023"
"257321","S193916079",9,"2024"
"265133","S164387173",3,"2023"
"267725","S163314012",2,"2023"
"261222","S163397047",3,"2023"
"265133","S161751718",2,"2023"
"261223","S204583074",12,"2024"
"261873","S203055128",11,"2024"
"270981","S201981712",11,"2024"
"257323","S206995411",12,"2024"
"265783","S163757903",3,"2023"
"260573","S172549597",2,"2023"
"270981","S201742081",11,"2024"
"256675","S202430166",11,"2024"
"257970","S206828473",12,"2024"
"261873","S169396812",4,"2023"
"265783","S172071001",5,"2023"
"257974","S172543201",4,"2023"
"263171","S186725710",7,"2024"
"257970","S172549427",4,"2023"
"261223","S204592939",12,"2024"
"257969","S169270422",4,"2023"
"265783","S165105629",3,"2023"
"270981","S201741543",11,"2024"
"261873","S202610963",11,"2024"
"265783","S184477187",6,"2024"
"261873","S170474927",4,"2023"
"260573","S207280622",12,"2024"
"261873","S202428487",11,"2024"
"270981","S201743031",11,"2024"
"261222","S176901968",5,"2023"
"257970","S206841162",12,"2024"
"257969","S169272870",4,"2023"
"261222","S170475691",4,"2023"
"267725","S185974984",7,"2024"
"267725","S182173860",6,"2024"
"261873","S202242771",11,"2024"
"270981","S203853422",11,"2024"
"256670","S177897740",5,"2023"
"260569","S161750487",2,"2023"
"260572","S171836743",5,"2023"
"265783","S164759237",3,"2023"
"270981","S201740899",11,"2024"
"257970","G15487634",4,"2024"
"257970","G14129949",2,"2024"
"261222","S223809306",4,"2024"
"261222","S223808987",4,"2024"
"268376","S213707195",2,"2024"
"257970","G15487635",4,"2024"
"257970","S225723853",4,"2024"
"257969","S213673707",2,"2024"
"265139","S222591969",3,"2024"
"261223","S246195038",5,"2024"
"261222","G15487640",4,"2024"
"261222","G15487639",4,"2024"
"259923","S213356143",2,"2024"
"258619","S213361094",2,"2024"
"272936","G13982714",2,"2024"
"259923","S213976415",2,"2024"
"267078","S215642229",2,"2024"
"272936","G14090744",2,"2024"
"272936","G14022805",2,"2024"
"272936","S216677864",3,"2024"
"272936","G15186947",4,"2024"
"272936","G13730949",1,"2024"
"272936","G13999746",2,"2024"
"265133","S215783830",2,"2024"
"272936","G15186949",4,"2024"
"272936","G14424823",4,"2024"
"272936","G13730945",1,"2024"
"272936","G13730948",1,"2024"
"272936","G14286106",3,"2024"
"272936","G14425279",4,"2024"
"272936","G13730944",1,"2024"
"272936","S231821930",5,"2024"
"272936","S241412119",5,"2024"
"272936","G14286183",3,"2024"
"272936","S207913377",1,"2024"
"272936","G14022809",2,"2024"
"272936","S207777331",1,"2024"
"272936","G14262136",3,"2024"
"272936","G14430745",4,"2024"
"265133","S208232070",1,"2024"
"265133","S214754630",2,"2024"
"261872","S207774279",1,"2024"
"272286","G13999748",2,"2024"
"272286","G14311112",3,"2024"
"272286","G14286104",3,"2024"
"272286","G14293981",3,"2024"
"272286","G14022804",2,"2024"
"272286","G14090738",2,"2024"
"272286","G14090749",2,"2024"
"258620","S213694642",2,"2024"
"257970","S213930396",2,"2024"
"272286","G14286102",3,"2024"
"272286","G14090752",2,"2024"
"272937","G14262135",3,"2024"
"272937","G14618678",4,"2024"
"272937","G14286103",3,"2024"
"256673","G14135261",2,"2024"
"256673","G14148153",2,"2024"
"251465","S218225492",3,"2024"
"265783","S220142240",3,"2024"
"272286","G14121942",2,"2024"
"272286","G14262137",3,"2024"
"272286","G14604925",4,"2024"
"272286","G14222561",3,"2024"
"272286","G14222562",3,"2024"
"272286","G14022803",2,"2024"
"272286","G14022801",2,"2024"
"272286","G14222564",3,"2024"
"261223","S213392389",2,"2024"
"261224","S213395178",2,"2024"
"272937","G13999747",2,"2024"
"272286","G14618670",4,"2024"
"272937","G14090678",2,"2024"
"272937","G14022808",2,"2024"
"272936","G14022807",2,"2024"
"272937","G14618687",4,"2024"
"272937","G14604917",4,"2024"
"272937","S236072995",5,"2024"
"272286","S218003609",3,"2024"
"272936","G14121940",2,"2024"
"272286","G14618688",4,"2024"
"257974","G15487636",4,"2024"
"272936","S216557876",3,"2024"
"272286","G14460054",4,"2024"
"257974","G14135821",2,"2024"
"251465","S227714105",4,"2024"
"251465","S228371916",4,"2024"
"272936","G14526598",4,"2024"
"272286","G14286105",3,"2024"
"251465","S218568931",3,"2024"
"272286","G14604918",4,"2024"
"272936","G14604923",4,"2024"
"272286","S234420586",5,"2024"
"272936","G14460047",4,"2024"
"272286","G14460098",4,"2024"
"265784","S226835406",4,"2024"
"251465","S232231145",5,"2024"
"251465","S227367408",4,"2024"
"251465","S227713909",4,"2024"
"272286","G14526599",4,"2024"
"267725","S246532480",5,"2024"
"256670","S246194371",5,"2024"
"272936","G14762206",3,"2024"
"258619","S213162780",2,"2024"
"256673","S216014935",2,"2024"
"261223","G14123459",2,"2024"
"261222","S213450450",1,"2024"
"261224","S208236398",1,"2024"
"257319","S213705523",2,"2024"
"257970","S210455596",1,"2024"
"256020","S216820627",3,"2024"
"272936","G13730950",1,"2024"
"259923","S213377160",2,"2024"
"272936","S207781807",1,"2024"
"272936","G14431687",4,"2024"
"272936","G14883603",3,"2024"
"272936","S207903986",1,"2024"
"272936","S213159640",2,"2024"
"258620","S218375899",3,"2024"
"257970","S221473499",3,"2024"
"257973","S208118288",1,"2024"
"261873","S219416573",3,"2024"
"265133","S212377356",2,"2024"
"265783","S207403880",1,"2024"
"272936","S207767770",1,"2024"
"261222","S207780420",1,"2024"
"272286","S216530408",3,"2024"
"272286","G14222568",3,"2024"
"272936","G14618673",4,"2024"
"272286","G14121941",2,"2024"
"272286","G14262133",3,"2024"
"257319","S213701321",2,"2024"
"272937","G14425870",4,"2024"
"272937","G14460083",4,"2024"
"272286","G14222563",3,"2024"
"257974","G14147990",2,"2024"
"251465","S218390924",3,"2024"
"267079","S215642472",2,"2024"
"265783","S225076858",4,"2024"
"250164","S220008198",3,"2024"
"265784","S223698642",3,"2024"
"251465","S229070398",4,"2024"
"251465","S228029732",4,"2024"
"251465","S229895884",4,"2024"
"251465","S231544966",5,"2024"
"251465","S227367924",4,"2024"
"251465","S230296642",4,"2024"
"256673","S225228100",4,"2024"
"251465","S231397614",5,"2024"
"272936","S241412186",5,"2024"
"267725","S244045191",5,"2024"
"267725","S246269605",5,"2024"
"257970","S224018365",4,"2024"
"261222","G15487638",4,"2024"
"257323","S223833644",4,"2024"
"259923","S213366940",2,"2024"
"256669","S239043586",5,"2024"
"272936","G13730946",1,"2024"
"272936","G13730947",1,"2024"
"272936","G15186948",4,"2024"
"261873","S219609249",3,"2024"
"261873","S213707171",2,"2024"
"265783","S208944098",1,"2024"
"265783","S216154886",3,"2024"
"256673","S225152819",4,"2024"
"272286","G14293927",3,"2024"
"261873","S213244189",2,"2024"
"272937","G14222569",3,"2024"
"272937","G14311113",3,"2024"
"272937","S216372820",3,"2024"
"261872","S213423466",2,"2024"
"272937","G14425421",4,"2024"
"258619","S212564096",2,"2024"
"265783","S221707528",3,"2024"
"272286","G14222570",3,"2024"
"272937","G14090680",2,"2024"
"252767","S218226473",3,"2024"
"251465","S227714218",4,"2024"
"251465","S227778902",4,"2024"
"251465","S231850873",5,"2024"
"257970","S229820374",4,"2024"
"261222","S229438341",4,"2024"
"256020","S225723450",4,"2024"
"259923","S213359066",2,"2024"
"267079","S213990722",2,"2024"
"272936","G13999750",2,"2024"
"272936","G14022813",2,"2024"
"257970","S223066499",4,"2024"
"265133","S236049404",5,"2024"
"265133","S219342182",3,"2024"
"257969","S209456010",1,"2024"
"261222","S209457694",1,"2024"
"272937","G14090679",2,"2024"
"265134","S223709706",3,"2024"
"256673","G15487637",4,"2024"
"272936","S227666013",4,"2024"
"257969","S224056522",4,"2024"
"257970","G15487632",4,"2024"
"257970","S224018268",4,"2024"
"261222","S209120107",1,"2024"
"267079","S214044421",2,"2024"
"272285","S216396275",3,"2024"
"272936","G15186946",4,"2024"
"261873","S219896715",3,"2024"
"256673","S209448046",1,"2024"
"261873","S219897457",3,"2024"
"254067","S217799017",3,"2024"
"272286","S217402452",3,"2024"
"251465","S230666573",4,"2024"
"251465","S228727841",4,"2024"
"272937","S216548572",3,"2024"
"263182","S246194631",5,"2024"
"256673","S229480785",4,"2024"
"267078","S214044519",2,"2024"
"272286","G14022806",2,"2024"
"261873","S213705565",2,"2024"
"261873","S213213264",2,"2024"
"272286","S227765514",4,"2024"
"257968","G15487631",4,"2024"
"257319","S226504683",3,"2024"
"267725","S247285525",5,"2024"
"261222","S229889140",4,"2024"
"260571","S213395545",2,"2024"
"272936","S212848236",2,"2024"
"261225","S229851116",4,"2024"
"267725","S246261179",5,"2024"
"267725","S246521218",5,"2024"
"272285","S233839946",4,"2024"
"272936","S208098404",1,"2024"
"272937","G14426083",4,"2024"
"265134","S223704384",3,"2024"
"258620","S213969678",2,"2024"
"267079","S214044279",2,"2024"
"270977","S216277230",3,"2024"
"258620","S217812834",3,"2024"
"267079","S213990653",2,"2024"
"251465","S229386954",4,"2024"
"261223","S246195087",5,"2024"
"267078","S215642299",2,"2024"
"267079","S213970034",2,"2024"
"272286","G14222567",3,"2024"
"272286","G14022802",2,"2024"
"272936","S217608971",3,"2024"
"251465","S228104829",4,"2024"
"265784","S223715274",3,"2024"
"267725","S246268349",5,"2024"
"272286","G14618667",4,"2024"
"267725","S246530306",5,"2024"
"272285","G14121939",2,"2024"
"267725","S246512339",5,"2024"
"272286","G14604929",4,"2024"
"272936","S216375982",3,"2024"
"267725","S247189488",5,"2024"
"272936","S208084867",1,"2024"
"258619","S245373541",5,"2024"
"257970","S224046795",4,"2024"
"267725","S246261838",5,"2024"
"251465","S227366954",4,"2024"
"266438","S98545378",1,"before 2000"
"257320","S98319059",1,"before 2000"
"265783","S244822777",12,"before 2000"
"261223","S98272580",4,"before 2000"
"261223","S98272449",4,"before 2000"
